benchmark_id,cohort,mechanism,pattern,storage,metric,unit,planned,failed,warmups,memory_budget_mib,cpu_affinity,n,p50,p95_reference,minimum,maximum,distribution,low_n,low_p50,high_n,high_p50,report_sha256,binary_sha256
B-VM-MEMORY,6l,sdk-live-offload,repeated,raw,active_memory_mib,MiB,30,0,3,2048,"0,1",30,230.560546875,235.563671875,226.49609375,240.36328125,unsplit,,,,,e253698ff72b35704c093f8ba375dc85515b9d860de9897b17d7e8874e592e51,456b591e8a95416c7d8481763e552b7f42deb0577045418ef25a40864ffd741d
B-VM-MEMORY,6l,sdk-live-offload,repeated,raw,parked_memory_mib,MiB,30,0,3,2048,"0,1",30,30.63671875,36.17421875000001,30.26171875,40.42578125,unsplit,,,,,e253698ff72b35704c093f8ba375dc85515b9d860de9897b17d7e8874e592e51,456b591e8a95416c7d8481763e552b7f42deb0577045418ef25a40864ffd741d
B-VM-MEMORY,6l,sdk-live-offload,repeated,raw,restored_memory_mib,MiB,30,0,3,2048,"0,1",30,171.18359375,177.3609375,166.828125,181.859375,unsplit,,,,,e253698ff72b35704c093f8ba375dc85515b9d860de9897b17d7e8874e592e51,456b591e8a95416c7d8481763e552b7f42deb0577045418ef25a40864ffd741d
B-VM-MEMORY,6l,sdk-live-offload,repeated,raw,backing_allocated_mib,MiB,30,0,3,2048,"0,1",30,181.71875,182.655078125,180.41796875,183.046875,unsplit,,,,,e253698ff72b35704c093f8ba375dc85515b9d860de9897b17d7e8874e592e51,456b591e8a95416c7d8481763e552b7f42deb0577045418ef25a40864ffd741d
B-VM-MEMORY,6l,sdk-live-offload,repeated,raw,offload_ms,ms,30,0,3,2048,"0,1",30,45.308431999999996,53.5811605,34.140854999999995,66.482564,unsplit,,,,,e253698ff72b35704c093f8ba375dc85515b9d860de9897b17d7e8874e592e51,456b591e8a95416c7d8481763e552b7f42deb0577045418ef25a40864ffd741d
B-VM-MEMORY,6l,sdk-live-offload,repeated,raw,resume_ack_ms,ms,30,0,3,2048,"0,1",30,0.907759,1.1041458000000002,0.51432,1.13059,unsplit,,,,,e253698ff72b35704c093f8ba375dc85515b9d860de9897b17d7e8874e592e51,456b591e8a95416c7d8481763e552b7f42deb0577045418ef25a40864ffd741d
B-VM-MEMORY,6l,sdk-live-offload,repeated,raw,heartbeat_ms,ms,30,0,3,2048,"0,1",30,39.611981,45.55782965,36.264371,51.899727999999996,unsplit,,,,,e253698ff72b35704c093f8ba375dc85515b9d860de9897b17d7e8874e592e51,456b591e8a95416c7d8481763e552b7f42deb0577045418ef25a40864ffd741d
B-VM-MEMORY,6l,sdk-live-offload,repeated,raw,warm_scan_ms,ms,30,0,3,2048,"0,1",30,24.889647500000002,24.990786550000003,24.850865,34.806689,unsplit,,,,,e253698ff72b35704c093f8ba375dc85515b9d860de9897b17d7e8874e592e51,456b591e8a95416c7d8481763e552b7f42deb0577045418ef25a40864ffd741d
B-VM-MEMORY,6l,sdk-live-offload,repeated,raw,first_restored_scan_ms,ms,30,0,3,2048,"0,1",30,108.47301949999999,109.98072915,107.44926,111.531347,unsplit,,,,,e253698ff72b35704c093f8ba375dc85515b9d860de9897b17d7e8874e592e51,456b591e8a95416c7d8481763e552b7f42deb0577045418ef25a40864ffd741d
B-VM-MEMORY,6l,sdk-live-offload,repeated,raw,active_to_parked_cpu_ms,ms,30,0,3,2048,"0,1",30,34.3395,42.49555,28.312,58.517,unsplit,,,,,e253698ff72b35704c093f8ba375dc85515b9d860de9897b17d7e8874e592e51,456b591e8a95416c7d8481763e552b7f42deb0577045418ef25a40864ffd741d
B-VM-MEMORY,6l,sdk-live-offload,repeated,raw,parked_to_restored_cpu_ms,ms,30,0,3,2048,"0,1",30,155.656,160.9162,147.905,163.457,unsplit,,,,,e253698ff72b35704c093f8ba375dc85515b9d860de9897b17d7e8874e592e51,456b591e8a95416c7d8481763e552b7f42deb0577045418ef25a40864ffd741d
B-VM-MEMORY,6l,sdk-live-offload,repeated,raw,parked_anon_mib,MiB,30,0,3,2048,"0,1",30,26.787109375,26.85546875,26.640625,26.90234375,unsplit,,,,,e253698ff72b35704c093f8ba375dc85515b9d860de9897b17d7e8874e592e51,456b591e8a95416c7d8481763e552b7f42deb0577045418ef25a40864ffd741d
B-VM-MEMORY,6l,sdk-live-offload,repeated,raw,parked_file_mib,MiB,30,0,3,2048,"0,1",30,0.734375,5.966796875000007,0.7109375,10.515625,unsplit,,,,,e253698ff72b35704c093f8ba375dc85515b9d860de9897b17d7e8874e592e51,456b591e8a95416c7d8481763e552b7f42deb0577045418ef25a40864ffd741d
B-VM-MEMORY,6l,sdk-live-offload,repeated,raw,parked_kernel_mib,MiB,30,0,3,2048,"0,1",30,2.580078125,2.60546875,2.4375,2.60546875,unsplit,,,,,e253698ff72b35704c093f8ba375dc85515b9d860de9897b17d7e8874e592e51,456b591e8a95416c7d8481763e552b7f42deb0577045418ef25a40864ffd741d
B-VM-MEMORY,6l,sdk-live-offload,repeated,compressed,active_memory_mib,MiB,30,0,3,2048,"0,1",30,388.9609375,397.5841796875,382.3359375,399.58984375,unsplit,,,,,e253698ff72b35704c093f8ba375dc85515b9d860de9897b17d7e8874e592e51,456b591e8a95416c7d8481763e552b7f42deb0577045418ef25a40864ffd741d
B-VM-MEMORY,6l,sdk-live-offload,repeated,compressed,parked_memory_mib,MiB,30,0,3,2048,"0,1",30,32.068359375,37.38359375,31.69140625,41.91015625,unsplit,,,,,e253698ff72b35704c093f8ba375dc85515b9d860de9897b17d7e8874e592e51,456b591e8a95416c7d8481763e552b7f42deb0577045418ef25a40864ffd741d
B-VM-MEMORY,6l,sdk-live-offload,repeated,compressed,restored_memory_mib,MiB,30,0,3,2048,"0,1",30,137.533203125,143.6021484375,133.58203125,150.97265625,unsplit,,,,,e253698ff72b35704c093f8ba375dc85515b9d860de9897b17d7e8874e592e51,456b591e8a95416c7d8481763e552b7f42deb0577045418ef25a40864ffd741d
B-VM-MEMORY,6l,sdk-live-offload,repeated,compressed,backing_allocated_mib,MiB,30,0,3,2048,"0,1",30,15.646484375,15.7365234375,15.55859375,15.7421875,unsplit,,,,,e253698ff72b35704c093f8ba375dc85515b9d860de9897b17d7e8874e592e51,456b591e8a95416c7d8481763e552b7f42deb0577045418ef25a40864ffd741d
B-VM-MEMORY,6l,sdk-live-offload,repeated,compressed,offload_ms,ms,30,0,3,2048,"0,1",30,427.79108349999996,452.98666285,410.13912200000004,462.477337,unsplit,,,,,e253698ff72b35704c093f8ba375dc85515b9d860de9897b17d7e8874e592e51,456b591e8a95416c7d8481763e552b7f42deb0577045418ef25a40864ffd741d
B-VM-MEMORY,6l,sdk-live-offload,repeated,compressed,resume_ack_ms,ms,30,0,3,2048,"0,1",30,0.333863,0.44389710000000004,0.26835,0.47205,unsplit,,,,,e253698ff72b35704c093f8ba375dc85515b9d860de9897b17d7e8874e592e51,456b591e8a95416c7d8481763e552b7f42deb0577045418ef25a40864ffd741d
B-VM-MEMORY,6l,sdk-live-offload,repeated,compressed,heartbeat_ms,ms,30,0,3,2048,"0,1",30,156.14304950000002,185.1737767,95.192984,204.79067,unsplit,,,,,e253698ff72b35704c093f8ba375dc85515b9d860de9897b17d7e8874e592e51,456b591e8a95416c7d8481763e552b7f42deb0577045418ef25a40864ffd741d
B-VM-MEMORY,6l,sdk-live-offload,repeated,compressed,warm_scan_ms,ms,30,0,3,2048,"0,1",30,,38.959229,24.874218,40.447831,separated-clusters,25,25.098218,5,38.528139,e253698ff72b35704c093f8ba375dc85515b9d860de9897b17d7e8874e592e51,456b591e8a95416c7d8481763e552b7f42deb0577045418ef25a40864ffd741d
B-VM-MEMORY,6l,sdk-live-offload,repeated,compressed,first_restored_scan_ms,ms,30,0,3,2048,"0,1",30,,297.48879304999997,115.207622,298.585605,separated-clusters,13,125.091682,17,266.507334,e253698ff72b35704c093f8ba375dc85515b9d860de9897b17d7e8874e592e51,456b591e8a95416c7d8481763e552b7f42deb0577045418ef25a40864ffd741d
B-VM-MEMORY,6l,sdk-live-offload,repeated,compressed,active_to_parked_cpu_ms,ms,30,0,3,2048,"0,1",30,412.5,427.7247,396.263,434.543,unsplit,,,,,e253698ff72b35704c093f8ba375dc85515b9d860de9897b17d7e8874e592e51,456b591e8a95416c7d8481763e552b7f42deb0577045418ef25a40864ffd741d
B-VM-MEMORY,6l,sdk-live-offload,repeated,compressed,parked_to_restored_cpu_ms,ms,30,0,3,2048,"0,1",30,,547.741,301.295,554.966,separated-clusters,13,320.256,17,515.59,e253698ff72b35704c093f8ba375dc85515b9d860de9897b17d7e8874e592e51,456b591e8a95416c7d8481763e552b7f42deb0577045418ef25a40864ffd741d
B-VM-MEMORY,6l,sdk-live-offload,repeated,compressed,parked_anon_mib,MiB,30,0,3,2048,"0,1",30,28.173828125,28.2326171875,28.0234375,28.23828125,unsplit,,,,,e253698ff72b35704c093f8ba375dc85515b9d860de9897b17d7e8874e592e51,456b591e8a95416c7d8481763e552b7f42deb0577045418ef25a40864ffd741d
B-VM-MEMORY,6l,sdk-live-offload,repeated,compressed,parked_file_mib,MiB,30,0,3,2048,"0,1",30,0.73828125,6.262890625000007,0.7109375,10.5234375,unsplit,,,,,e253698ff72b35704c093f8ba375dc85515b9d860de9897b17d7e8874e592e51,456b591e8a95416c7d8481763e552b7f42deb0577045418ef25a40864ffd741d
B-VM-MEMORY,6l,sdk-live-offload,repeated,compressed,parked_kernel_mib,MiB,30,0,3,2048,"0,1",30,2.64453125,2.66796875,2.46875,2.671875,unsplit,,,,,e253698ff72b35704c093f8ba375dc85515b9d860de9897b17d7e8874e592e51,456b591e8a95416c7d8481763e552b7f42deb0577045418ef25a40864ffd741d
B-VM-MEMORY,6l,sdk-live-offload,random,raw,active_memory_mib,MiB,30,0,3,2048,"0,1",30,234.853515625,241.962890625,234.20703125,244.640625,unsplit,,,,,e253698ff72b35704c093f8ba375dc85515b9d860de9897b17d7e8874e592e51,456b591e8a95416c7d8481763e552b7f42deb0577045418ef25a40864ffd741d
B-VM-MEMORY,6l,sdk-live-offload,random,raw,parked_memory_mib,MiB,30,0,3,2048,"0,1",30,30.626953125,36.2654296875,30.3203125,40.875,unsplit,,,,,e253698ff72b35704c093f8ba375dc85515b9d860de9897b17d7e8874e592e51,456b591e8a95416c7d8481763e552b7f42deb0577045418ef25a40864ffd741d
B-VM-MEMORY,6l,sdk-live-offload,random,raw,restored_memory_mib,MiB,30,0,3,2048,"0,1",30,180.5625,187.5275390625,177.10546875,189.8125,unsplit,,,,,e253698ff72b35704c093f8ba375dc85515b9d860de9897b17d7e8874e592e51,456b591e8a95416c7d8481763e552b7f42deb0577045418ef25a40864ffd741d
B-VM-MEMORY,6l,sdk-live-offload,random,raw,backing_allocated_mib,MiB,30,0,3,2048,"0,1",30,186.96875,187.24140625,186.59375,187.328125,unsplit,,,,,e253698ff72b35704c093f8ba375dc85515b9d860de9897b17d7e8874e592e51,456b591e8a95416c7d8481763e552b7f42deb0577045418ef25a40864ffd741d
B-VM-MEMORY,6l,sdk-live-offload,random,raw,offload_ms,ms,30,0,3,2048,"0,1",30,56.873490000000004,72.44265850000001,48.138749000000004,73.221018,unsplit,,,,,e253698ff72b35704c093f8ba375dc85515b9d860de9897b17d7e8874e592e51,456b591e8a95416c7d8481763e552b7f42deb0577045418ef25a40864ffd741d
B-VM-MEMORY,6l,sdk-live-offload,random,raw,resume_ack_ms,ms,30,0,3,2048,"0,1",30,0.922526,1.1803173500000002,0.7537769999999999,1.375486,unsplit,,,,,e253698ff72b35704c093f8ba375dc85515b9d860de9897b17d7e8874e592e51,456b591e8a95416c7d8481763e552b7f42deb0577045418ef25a40864ffd741d
B-VM-MEMORY,6l,sdk-live-offload,random,raw,heartbeat_ms,ms,30,0,3,2048,"0,1",30,45.541414,54.107988600000006,41.728225,63.394045,unsplit,,,,,e253698ff72b35704c093f8ba375dc85515b9d860de9897b17d7e8874e592e51,456b591e8a95416c7d8481763e552b7f42deb0577045418ef25a40864ffd741d
B-VM-MEMORY,6l,sdk-live-offload,random,raw,warm_scan_ms,ms,30,0,3,2048,"0,1",30,24.890853999999997,25.0269841,24.851856,25.034249,unsplit,,,,,e253698ff72b35704c093f8ba375dc85515b9d860de9897b17d7e8874e592e51,456b591e8a95416c7d8481763e552b7f42deb0577045418ef25a40864ffd741d
B-VM-MEMORY,6l,sdk-live-offload,random,raw,first_restored_scan_ms,ms,30,0,3,2048,"0,1",30,123.65016349999999,125.45423225,32.155466,126.288707,unsplit,,,,,e253698ff72b35704c093f8ba375dc85515b9d860de9897b17d7e8874e592e51,456b591e8a95416c7d8481763e552b7f42deb0577045418ef25a40864ffd741d
B-VM-MEMORY,6l,sdk-live-offload,random,raw,active_to_parked_cpu_ms,ms,30,0,3,2048,"0,1",30,43.0545,58.214400000000005,28.59,64.129,unsplit,,,,,e253698ff72b35704c093f8ba375dc85515b9d860de9897b17d7e8874e592e51,456b591e8a95416c7d8481763e552b7f42deb0577045418ef25a40864ffd741d
B-VM-MEMORY,6l,sdk-live-offload,random,raw,parked_to_restored_cpu_ms,ms,30,0,3,2048,"0,1",30,163.683,186.16595,156.976,201.462,unsplit,,,,,e253698ff72b35704c093f8ba375dc85515b9d860de9897b17d7e8874e592e51,456b591e8a95416c7d8481763e552b7f42deb0577045418ef25a40864ffd741d
B-VM-MEMORY,6l,sdk-live-offload,random,raw,parked_anon_mib,MiB,30,0,3,2048,"0,1",30,26.79296875,26.893359375,26.71875,26.91796875,unsplit,,,,,e253698ff72b35704c093f8ba375dc85515b9d860de9897b17d7e8874e592e51,456b591e8a95416c7d8481763e552b7f42deb0577045418ef25a40864ffd741d
B-VM-MEMORY,6l,sdk-live-offload,random,raw,parked_file_mib,MiB,30,0,3,2048,"0,1",30,0.734375,6.159375000000007,0.7109375,10.66796875,unsplit,,,,,e253698ff72b35704c093f8ba375dc85515b9d860de9897b17d7e8874e592e51,456b591e8a95416c7d8481763e552b7f42deb0577045418ef25a40864ffd741d
B-VM-MEMORY,6l,sdk-live-offload,random,raw,parked_kernel_mib,MiB,30,0,3,2048,"0,1",30,2.58203125,2.605859375,2.5625,2.609375,unsplit,,,,,e253698ff72b35704c093f8ba375dc85515b9d860de9897b17d7e8874e592e51,456b591e8a95416c7d8481763e552b7f42deb0577045418ef25a40864ffd741d
B-VM-MEMORY,6l,sdk-live-offload,random,compressed,active_memory_mib,MiB,30,0,3,2048,"0,1",30,406.44921875,415.7169921875,403.31640625,422.54296875,unsplit,,,,,e253698ff72b35704c093f8ba375dc85515b9d860de9897b17d7e8874e592e51,456b591e8a95416c7d8481763e552b7f42deb0577045418ef25a40864ffd741d
B-VM-MEMORY,6l,sdk-live-offload,random,compressed,parked_memory_mib,MiB,30,0,3,2048,"0,1",30,32.193359375,32.55546875,31.796875,32.58984375,unsplit,,,,,e253698ff72b35704c093f8ba375dc85515b9d860de9897b17d7e8874e592e51,456b591e8a95416c7d8481763e552b7f42deb0577045418ef25a40864ffd741d
B-VM-MEMORY,6l,sdk-live-offload,random,compressed,restored_memory_mib,MiB,30,0,3,2048,"0,1",30,205.4375,214.9533203125,200.015625,218.125,unsplit,,,,,e253698ff72b35704c093f8ba375dc85515b9d860de9897b17d7e8874e592e51,456b591e8a95416c7d8481763e552b7f42deb0577045418ef25a40864ffd741d
B-VM-MEMORY,6l,sdk-live-offload,random,compressed,backing_allocated_mib,MiB,30,0,3,2048,"0,1",30,144.328125,152.9853515625,144.28515625,154.14453125,unsplit,,,,,e253698ff72b35704c093f8ba375dc85515b9d860de9897b17d7e8874e592e51,456b591e8a95416c7d8481763e552b7f42deb0577045418ef25a40864ffd741d
B-VM-MEMORY,6l,sdk-live-offload,random,compressed,offload_ms,ms,30,0,3,2048,"0,1",30,479.880807,513.4786475000001,452.788105,528.205092,unsplit,,,,,e253698ff72b35704c093f8ba375dc85515b9d860de9897b17d7e8874e592e51,456b591e8a95416c7d8481763e552b7f42deb0577045418ef25a40864ffd741d
B-VM-MEMORY,6l,sdk-live-offload,random,compressed,resume_ack_ms,ms,30,0,3,2048,"0,1",30,0.379739,0.47944370000000003,0.266117,0.5378740000000001,unsplit,,,,,e253698ff72b35704c093f8ba375dc85515b9d860de9897b17d7e8874e592e51,456b591e8a95416c7d8481763e552b7f42deb0577045418ef25a40864ffd741d
B-VM-MEMORY,6l,sdk-live-offload,random,compressed,heartbeat_ms,ms,30,0,3,2048,"0,1",30,183.7695265,212.0044373,106.017719,219.221211,unsplit,,,,,e253698ff72b35704c093f8ba375dc85515b9d860de9897b17d7e8874e592e51,456b591e8a95416c7d8481763e552b7f42deb0577045418ef25a40864ffd741d
B-VM-MEMORY,6l,sdk-live-offload,random,compressed,warm_scan_ms,ms,30,0,3,2048,"0,1",30,,40.06461245,24.898764,41.042355,separated-clusters,20,25.030445999999998,10,38.574932,e253698ff72b35704c093f8ba375dc85515b9d860de9897b17d7e8874e592e51,456b591e8a95416c7d8481763e552b7f42deb0577045418ef25a40864ffd741d
B-VM-MEMORY,6l,sdk-live-offload,random,compressed,first_restored_scan_ms,ms,30,0,3,2048,"0,1",30,714.4862255,774.2413025,177.042109,788.481273,unsplit,,,,,e253698ff72b35704c093f8ba375dc85515b9d860de9897b17d7e8874e592e51,456b591e8a95416c7d8481763e552b7f42deb0577045418ef25a40864ffd741d
B-VM-MEMORY,6l,sdk-live-offload,random,compressed,active_to_parked_cpu_ms,ms,30,0,3,2048,"0,1",30,449.464,467.80075,421.745,473.695,unsplit,,,,,e253698ff72b35704c093f8ba375dc85515b9d860de9897b17d7e8874e592e51,456b591e8a95416c7d8481763e552b7f42deb0577045418ef25a40864ffd741d
B-VM-MEMORY,6l,sdk-live-offload,random,compressed,parked_to_restored_cpu_ms,ms,30,0,3,2048,"0,1",30,919.8009999999999,953.0567000000001,350.442,974.0,unsplit,,,,,e253698ff72b35704c093f8ba375dc85515b9d860de9897b17d7e8874e592e51,456b591e8a95416c7d8481763e552b7f42deb0577045418ef25a40864ffd741d
B-VM-MEMORY,6l,sdk-live-offload,random,compressed,parked_anon_mib,MiB,30,0,3,2048,"0,1",30,28.2265625,28.3029296875,28.140625,28.3125,unsplit,,,,,e253698ff72b35704c093f8ba375dc85515b9d860de9897b17d7e8874e592e51,456b591e8a95416c7d8481763e552b7f42deb0577045418ef25a40864ffd741d
B-VM-MEMORY,6l,sdk-live-offload,random,compressed,parked_file_mib,MiB,30,0,3,2048,"0,1",30,0.734375,0.734375,0.7109375,0.734375,unsplit,,,,,e253698ff72b35704c093f8ba375dc85515b9d860de9897b17d7e8874e592e51,456b591e8a95416c7d8481763e552b7f42deb0577045418ef25a40864ffd741d
B-VM-MEMORY,6l,sdk-live-offload,random,compressed,parked_kernel_mib,MiB,30,0,3,2048,"0,1",30,2.6484375,2.6662109375,2.55859375,2.8125,unsplit,,,,,e253698ff72b35704c093f8ba375dc85515b9d860de9897b17d7e8874e592e51,456b591e8a95416c7d8481763e552b7f42deb0577045418ef25a40864ffd741d
B-VM-MEMORY,6m2,execution-snapshot,repeated,raw,active_memory_mib,MiB,30,0,3,2048,"0,1",30,142.30859375,146.547265625,139.98828125,146.6640625,unsplit,,,,,0ddd4bd3bc7388567aae1766df3415ace0a20d244c3b1513a438c43775945b65,f2cc7afd57efc7c029545744ad2d70c18c542bc29291e35f514cca75f364548a
B-VM-MEMORY,6m2,execution-snapshot,repeated,raw,parked_memory_mib,MiB,30,0,3,2048,"0,1",30,308.427734375,308.9060546875,307.92578125,309.11328125,unsplit,,,,,0ddd4bd3bc7388567aae1766df3415ace0a20d244c3b1513a438c43775945b65,f2cc7afd57efc7c029545744ad2d70c18c542bc29291e35f514cca75f364548a
B-VM-MEMORY,6m2,execution-snapshot,repeated,raw,after_completion_memory_mib,MiB,30,0,3,2048,"0,1",30,323.513671875,323.96328125,323.078125,324.046875,unsplit,,,,,0ddd4bd3bc7388567aae1766df3415ace0a20d244c3b1513a438c43775945b65,f2cc7afd57efc7c029545744ad2d70c18c542bc29291e35f514cca75f364548a
B-VM-MEMORY,6m2,execution-snapshot,repeated,raw,retained_job_allocated_mib,MiB,30,0,3,2048,"0,1",30,122.7578125,123.7578125,120.75390625,124.75390625,unsplit,,,,,0ddd4bd3bc7388567aae1766df3415ace0a20d244c3b1513a438c43775945b65,f2cc7afd57efc7c029545744ad2d70c18c542bc29291e35f514cca75f364548a
B-VM-MEMORY,6m2,execution-snapshot,repeated,raw,suspend_ms,ms,30,0,3,2048,"0,1",30,960.077539,1036.4066311499998,911.687316,1127.017722,unsplit,,,,,0ddd4bd3bc7388567aae1766df3415ace0a20d244c3b1513a438c43775945b65,f2cc7afd57efc7c029545744ad2d70c18c542bc29291e35f514cca75f364548a
B-VM-MEMORY,6m2,execution-snapshot,repeated,raw,resume_completion_ms,ms,30,0,3,2048,"0,1",30,8336.288295999999,8359.886074,8247.126267,8380.550528,unsplit,,,,,0ddd4bd3bc7388567aae1766df3415ace0a20d244c3b1513a438c43775945b65,f2cc7afd57efc7c029545744ad2d70c18c542bc29291e35f514cca75f364548a
B-VM-MEMORY,6m2,execution-snapshot,repeated,raw,warm_scan_ms,ms,30,0,3,2048,"0,1",30,48.9404505,49.05567285,48.876461000000006,49.859564,unsplit,,,,,0ddd4bd3bc7388567aae1766df3415ace0a20d244c3b1513a438c43775945b65,f2cc7afd57efc7c029545744ad2d70c18c542bc29291e35f514cca75f364548a
B-VM-MEMORY,6m2,execution-snapshot,repeated,raw,first_restored_scan_ms,ms,30,0,3,2048,"0,1",30,151.8838025,154.0623468,149.44349000000003,157.134397,unsplit,,,,,0ddd4bd3bc7388567aae1766df3415ace0a20d244c3b1513a438c43775945b65,f2cc7afd57efc7c029545744ad2d70c18c542bc29291e35f514cca75f364548a
B-VM-MEMORY,6m2,execution-snapshot,repeated,raw,active_to_parked_cpu_ms,ms,30,0,3,2048,"0,1",30,827.26,878.0269000000001,793.493,897.329,unsplit,,,,,0ddd4bd3bc7388567aae1766df3415ace0a20d244c3b1513a438c43775945b65,f2cc7afd57efc7c029545744ad2d70c18c542bc29291e35f514cca75f364548a
B-VM-MEMORY,6m2,execution-snapshot,repeated,raw,parked_to_completed_cpu_ms,ms,30,0,3,2048,"0,1",30,392.4995,403.59875,377.02,407.438,unsplit,,,,,0ddd4bd3bc7388567aae1766df3415ace0a20d244c3b1513a438c43775945b65,f2cc7afd57efc7c029545744ad2d70c18c542bc29291e35f514cca75f364548a
B-VM-MEMORY,6m2,execution-snapshot,repeated,raw,parked_anon_mib,MiB,30,0,3,2048,"0,1",30,10.22265625,10.23828125,10.2109375,10.2421875,unsplit,,,,,0ddd4bd3bc7388567aae1766df3415ace0a20d244c3b1513a438c43775945b65,f2cc7afd57efc7c029545744ad2d70c18c542bc29291e35f514cca75f364548a
B-VM-MEMORY,6m2,execution-snapshot,repeated,raw,parked_file_mib,MiB,30,0,3,2048,"0,1",30,296.73046875,296.734375,296.73046875,296.734375,unsplit,,,,,0ddd4bd3bc7388567aae1766df3415ace0a20d244c3b1513a438c43775945b65,f2cc7afd57efc7c029545744ad2d70c18c542bc29291e35f514cca75f364548a
B-VM-MEMORY,6m2,execution-snapshot,repeated,raw,parked_kernel_mib,MiB,30,0,3,2048,"0,1",30,0.728515625,0.898828125,0.64453125,0.91796875,unsplit,,,,,0ddd4bd3bc7388567aae1766df3415ace0a20d244c3b1513a438c43775945b65,f2cc7afd57efc7c029545744ad2d70c18c542bc29291e35f514cca75f364548a
B-VM-MEMORY,6m2,execution-snapshot,repeated,compressed,active_memory_mib,MiB,30,0,3,2048,"0,1",30,142.396484375,146.4908203125,140.07421875,146.5,unsplit,,,,,0ddd4bd3bc7388567aae1766df3415ace0a20d244c3b1513a438c43775945b65,f2cc7afd57efc7c029545744ad2d70c18c542bc29291e35f514cca75f364548a
B-VM-MEMORY,6m2,execution-snapshot,repeated,compressed,parked_memory_mib,MiB,30,0,3,2048,"0,1",30,33.28125,33.4908203125,32.88671875,33.58203125,unsplit,,,,,0ddd4bd3bc7388567aae1766df3415ace0a20d244c3b1513a438c43775945b65,f2cc7afd57efc7c029545744ad2d70c18c542bc29291e35f514cca75f364548a
B-VM-MEMORY,6m2,execution-snapshot,repeated,compressed,after_completion_memory_mib,MiB,30,0,3,2048,"0,1",30,48.40234375,48.7259765625,48.0390625,48.83203125,unsplit,,,,,0ddd4bd3bc7388567aae1766df3415ace0a20d244c3b1513a438c43775945b65,f2cc7afd57efc7c029545744ad2d70c18c542bc29291e35f514cca75f364548a
B-VM-MEMORY,6m2,execution-snapshot,repeated,compressed,retained_job_allocated_mib,MiB,30,0,3,2048,"0,1",30,41.03515625,41.106640625,40.9453125,41.1484375,unsplit,,,,,0ddd4bd3bc7388567aae1766df3415ace0a20d244c3b1513a438c43775945b65,f2cc7afd57efc7c029545744ad2d70c18c542bc29291e35f514cca75f364548a
B-VM-MEMORY,6m2,execution-snapshot,repeated,compressed,suspend_ms,ms,30,0,3,2048,"0,1",30,1082.8108029999999,1173.7095256,1049.054203,1189.319565,unsplit,,,,,0ddd4bd3bc7388567aae1766df3415ace0a20d244c3b1513a438c43775945b65,f2cc7afd57efc7c029545744ad2d70c18c542bc29291e35f514cca75f364548a
B-VM-MEMORY,6m2,execution-snapshot,repeated,compressed,resume_completion_ms,ms,30,0,3,2048,"0,1",30,8348.9384765,8370.63122705,8260.415114,8377.738431,unsplit,,,,,0ddd4bd3bc7388567aae1766df3415ace0a20d244c3b1513a438c43775945b65,f2cc7afd57efc7c029545744ad2d70c18c542bc29291e35f514cca75f364548a
B-VM-MEMORY,6m2,execution-snapshot,repeated,compressed,warm_scan_ms,ms,30,0,3,2048,"0,1",30,48.936763,49.064893399999995,48.879175,49.31865,unsplit,,,,,0ddd4bd3bc7388567aae1766df3415ace0a20d244c3b1513a438c43775945b65,f2cc7afd57efc7c029545744ad2d70c18c542bc29291e35f514cca75f364548a
B-VM-MEMORY,6m2,execution-snapshot,repeated,compressed,first_restored_scan_ms,ms,30,0,3,2048,"0,1",30,152.271911,154.08159204999998,149.46451,155.135086,unsplit,,,,,0ddd4bd3bc7388567aae1766df3415ace0a20d244c3b1513a438c43775945b65,f2cc7afd57efc7c029545744ad2d70c18c542bc29291e35f514cca75f364548a
B-VM-MEMORY,6m2,execution-snapshot,repeated,compressed,active_to_parked_cpu_ms,ms,30,0,3,2048,"0,1",30,780.0074999999999,785.3558499999999,744.689,816.216,unsplit,,,,,0ddd4bd3bc7388567aae1766df3415ace0a20d244c3b1513a438c43775945b65,f2cc7afd57efc7c029545744ad2d70c18c542bc29291e35f514cca75f364548a
B-VM-MEMORY,6m2,execution-snapshot,repeated,compressed,parked_to_completed_cpu_ms,ms,30,0,3,2048,"0,1",30,425.59400000000005,440.94205,400.656,442.994,unsplit,,,,,0ddd4bd3bc7388567aae1766df3415ace0a20d244c3b1513a438c43775945b65,f2cc7afd57efc7c029545744ad2d70c18c542bc29291e35f514cca75f364548a
B-VM-MEMORY,6m2,execution-snapshot,repeated,compressed,parked_anon_mib,MiB,30,0,3,2048,"0,1",30,10.240234375,10.2564453125,10.234375,10.26171875,unsplit,,,,,0ddd4bd3bc7388567aae1766df3415ace0a20d244c3b1513a438c43775945b65,f2cc7afd57efc7c029545744ad2d70c18c542bc29291e35f514cca75f364548a
B-VM-MEMORY,6m2,execution-snapshot,repeated,compressed,parked_file_mib,MiB,30,0,3,2048,"0,1",30,20.54296875,20.578515625,20.49609375,20.6015625,unsplit,,,,,0ddd4bd3bc7388567aae1766df3415ace0a20d244c3b1513a438c43775945b65,f2cc7afd57efc7c029545744ad2d70c18c542bc29291e35f514cca75f364548a
B-VM-MEMORY,6m2,execution-snapshot,repeated,compressed,parked_kernel_mib,MiB,30,0,3,2048,"0,1",30,1.869140625,1.911328125,1.6640625,1.9296875,unsplit,,,,,0ddd4bd3bc7388567aae1766df3415ace0a20d244c3b1513a438c43775945b65,f2cc7afd57efc7c029545744ad2d70c18c542bc29291e35f514cca75f364548a
B-VM-MEMORY,6m2,execution-snapshot,random,raw,active_memory_mib,MiB,30,0,3,2048,"0,1",30,142.515625,146.5,140.0078125,146.5078125,unsplit,,,,,0ddd4bd3bc7388567aae1766df3415ace0a20d244c3b1513a438c43775945b65,f2cc7afd57efc7c029545744ad2d70c18c542bc29291e35f514cca75f364548a
B-VM-MEMORY,6m2,execution-snapshot,random,raw,parked_memory_mib,MiB,30,0,3,2048,"0,1",30,308.486328125,308.80078125,308.078125,308.84375,unsplit,,,,,0ddd4bd3bc7388567aae1766df3415ace0a20d244c3b1513a438c43775945b65,f2cc7afd57efc7c029545744ad2d70c18c542bc29291e35f514cca75f364548a
B-VM-MEMORY,6m2,execution-snapshot,random,raw,after_completion_memory_mib,MiB,30,0,3,2048,"0,1",30,323.396484375,323.79140625,323.08203125,323.92578125,unsplit,,,,,0ddd4bd3bc7388567aae1766df3415ace0a20d244c3b1513a438c43775945b65,f2cc7afd57efc7c029545744ad2d70c18c542bc29291e35f514cca75f364548a
B-VM-MEMORY,6m2,execution-snapshot,random,raw,retained_job_allocated_mib,MiB,30,0,3,2048,"0,1",30,122.755859375,123.7578125,120.75390625,123.7578125,unsplit,,,,,0ddd4bd3bc7388567aae1766df3415ace0a20d244c3b1513a438c43775945b65,f2cc7afd57efc7c029545744ad2d70c18c542bc29291e35f514cca75f364548a
B-VM-MEMORY,6m2,execution-snapshot,random,raw,suspend_ms,ms,30,0,3,2048,"0,1",30,1020.2687265,1058.1721004,957.492314,1074.350844,unsplit,,,,,0ddd4bd3bc7388567aae1766df3415ace0a20d244c3b1513a438c43775945b65,f2cc7afd57efc7c029545744ad2d70c18c542bc29291e35f514cca75f364548a
B-VM-MEMORY,6m2,execution-snapshot,random,raw,resume_completion_ms,ms,30,0,3,2048,"0,1",30,8275.495321999999,8296.0931185,8257.254849,8308.139892,unsplit,,,,,0ddd4bd3bc7388567aae1766df3415ace0a20d244c3b1513a438c43775945b65,f2cc7afd57efc7c029545744ad2d70c18c542bc29291e35f514cca75f364548a
B-VM-MEMORY,6m2,execution-snapshot,random,raw,warm_scan_ms,ms,30,0,3,2048,"0,1",30,48.9421485,49.106375050000004,48.879656,50.492251,unsplit,,,,,0ddd4bd3bc7388567aae1766df3415ace0a20d244c3b1513a438c43775945b65,f2cc7afd57efc7c029545744ad2d70c18c542bc29291e35f514cca75f364548a
B-VM-MEMORY,6m2,execution-snapshot,random,raw,first_restored_scan_ms,ms,30,0,3,2048,"0,1",30,151.6521535,152.99038885,150.099632,153.961626,unsplit,,,,,0ddd4bd3bc7388567aae1766df3415ace0a20d244c3b1513a438c43775945b65,f2cc7afd57efc7c029545744ad2d70c18c542bc29291e35f514cca75f364548a
B-VM-MEMORY,6m2,execution-snapshot,random,raw,active_to_parked_cpu_ms,ms,30,0,3,2048,"0,1",30,825.3265,851.8807,788.638,876.085,unsplit,,,,,0ddd4bd3bc7388567aae1766df3415ace0a20d244c3b1513a438c43775945b65,f2cc7afd57efc7c029545744ad2d70c18c542bc29291e35f514cca75f364548a
B-VM-MEMORY,6m2,execution-snapshot,random,raw,parked_to_completed_cpu_ms,ms,30,0,3,2048,"0,1",30,391.847,405.0136,379.619,407.449,unsplit,,,,,0ddd4bd3bc7388567aae1766df3415ace0a20d244c3b1513a438c43775945b65,f2cc7afd57efc7c029545744ad2d70c18c542bc29291e35f514cca75f364548a
B-VM-MEMORY,6m2,execution-snapshot,random,raw,parked_anon_mib,MiB,30,0,3,2048,"0,1",30,10.23828125,10.24609375,10.23046875,10.24609375,unsplit,,,,,0ddd4bd3bc7388567aae1766df3415ace0a20d244c3b1513a438c43775945b65,f2cc7afd57efc7c029545744ad2d70c18c542bc29291e35f514cca75f364548a
B-VM-MEMORY,6m2,execution-snapshot,random,raw,parked_file_mib,MiB,30,0,3,2048,"0,1",30,296.73046875,296.734375,296.73046875,296.734375,unsplit,,,,,0ddd4bd3bc7388567aae1766df3415ace0a20d244c3b1513a438c43775945b65,f2cc7afd57efc7c029545744ad2d70c18c542bc29291e35f514cca75f364548a
B-VM-MEMORY,6m2,execution-snapshot,random,raw,parked_kernel_mib,MiB,30,0,3,2048,"0,1",30,0.748046875,0.94140625,0.6640625,0.9609375,unsplit,,,,,0ddd4bd3bc7388567aae1766df3415ace0a20d244c3b1513a438c43775945b65,f2cc7afd57efc7c029545744ad2d70c18c542bc29291e35f514cca75f364548a
B-VM-MEMORY,6m2,execution-snapshot,random,compressed,active_memory_mib,MiB,30,0,3,2048,"0,1",30,142.361328125,146.5185546875,140.04296875,146.58984375,unsplit,,,,,0ddd4bd3bc7388567aae1766df3415ace0a20d244c3b1513a438c43775945b65,f2cc7afd57efc7c029545744ad2d70c18c542bc29291e35f514cca75f364548a
B-VM-MEMORY,6m2,execution-snapshot,random,compressed,parked_memory_mib,MiB,30,0,3,2048,"0,1",30,101.984375,102.2931640625,101.50390625,102.35546875,unsplit,,,,,0ddd4bd3bc7388567aae1766df3415ace0a20d244c3b1513a438c43775945b65,f2cc7afd57efc7c029545744ad2d70c18c542bc29291e35f514cca75f364548a
B-VM-MEMORY,6m2,execution-snapshot,random,compressed,after_completion_memory_mib,MiB,30,0,3,2048,"0,1",30,117.390625,117.820703125,117.04296875,117.8984375,unsplit,,,,,0ddd4bd3bc7388567aae1766df3415ace0a20d244c3b1513a438c43775945b65,f2cc7afd57efc7c029545744ad2d70c18c542bc29291e35f514cca75f364548a
B-VM-MEMORY,6m2,execution-snapshot,random,compressed,retained_job_allocated_mib,MiB,30,0,3,2048,"0,1",30,175.013671875,175.035546875,174.9765625,175.046875,unsplit,,,,,0ddd4bd3bc7388567aae1766df3415ace0a20d244c3b1513a438c43775945b65,f2cc7afd57efc7c029545744ad2d70c18c542bc29291e35f514cca75f364548a
B-VM-MEMORY,6m2,execution-snapshot,random,compressed,suspend_ms,ms,30,0,3,2048,"0,1",30,1538.2333374999998,1575.05807115,1454.403743,1581.634369,unsplit,,,,,0ddd4bd3bc7388567aae1766df3415ace0a20d244c3b1513a438c43775945b65,f2cc7afd57efc7c029545744ad2d70c18c542bc29291e35f514cca75f364548a
B-VM-MEMORY,6m2,execution-snapshot,random,compressed,resume_completion_ms,ms,30,0,3,2048,"0,1",30,8306.236227000001,8326.948676,8284.182539,8328.352122,unsplit,,,,,0ddd4bd3bc7388567aae1766df3415ace0a20d244c3b1513a438c43775945b65,f2cc7afd57efc7c029545744ad2d70c18c542bc29291e35f514cca75f364548a
B-VM-MEMORY,6m2,execution-snapshot,random,compressed,warm_scan_ms,ms,30,0,3,2048,"0,1",30,48.955073,49.5108264,48.912649,50.307986,unsplit,,,,,0ddd4bd3bc7388567aae1766df3415ace0a20d244c3b1513a438c43775945b65,f2cc7afd57efc7c029545744ad2d70c18c542bc29291e35f514cca75f364548a
B-VM-MEMORY,6m2,execution-snapshot,random,compressed,first_restored_scan_ms,ms,30,0,3,2048,"0,1",30,152.16774550000002,153.4386673,149.610023,153.474862,unsplit,,,,,0ddd4bd3bc7388567aae1766df3415ace0a20d244c3b1513a438c43775945b65,f2cc7afd57efc7c029545744ad2d70c18c542bc29291e35f514cca75f364548a
B-VM-MEMORY,6m2,execution-snapshot,random,compressed,active_to_parked_cpu_ms,ms,30,0,3,2048,"0,1",30,908.7625,916.4843500000001,869.007,919.837,unsplit,,,,,0ddd4bd3bc7388567aae1766df3415ace0a20d244c3b1513a438c43775945b65,f2cc7afd57efc7c029545744ad2d70c18c542bc29291e35f514cca75f364548a
B-VM-MEMORY,6m2,execution-snapshot,random,compressed,parked_to_completed_cpu_ms,ms,30,0,3,2048,"0,1",30,437.93550000000005,455.84055,424.036,458.63,unsplit,,,,,0ddd4bd3bc7388567aae1766df3415ace0a20d244c3b1513a438c43775945b65,f2cc7afd57efc7c029545744ad2d70c18c542bc29291e35f514cca75f364548a
B-VM-MEMORY,6m2,execution-snapshot,random,compressed,parked_anon_mib,MiB,30,0,3,2048,"0,1",30,10.31640625,10.3302734375,10.30859375,10.33203125,unsplit,,,,,0ddd4bd3bc7388567aae1766df3415ace0a20d244c3b1513a438c43775945b65,f2cc7afd57efc7c029545744ad2d70c18c542bc29291e35f514cca75f364548a
B-VM-MEMORY,6m2,execution-snapshot,random,compressed,parked_file_mib,MiB,30,0,3,2048,"0,1",30,87.53515625,87.5451171875,87.51171875,87.546875,unsplit,,,,,0ddd4bd3bc7388567aae1766df3415ace0a20d244c3b1513a438c43775945b65,f2cc7afd57efc7c029545744ad2d70c18c542bc29291e35f514cca75f364548a
B-VM-MEMORY,6m2,execution-snapshot,random,compressed,parked_kernel_mib,MiB,30,0,3,2048,"0,1",30,3.4609375,3.63359375,3.41015625,3.6640625,unsplit,,,,,0ddd4bd3bc7388567aae1766df3415ace0a20d244c3b1513a438c43775945b65,f2cc7afd57efc7c029545744ad2d70c18c542bc29291e35f514cca75f364548a
