profile,proxy_base_mib,proxy_pool_mib,proxy_saved_percent,proxy_saved_pair_range_percent,sampled_max_saved_percent,cpu_base_seconds,cpu_pool_seconds,cpu_delta_seconds,first_read_base_ms,first_read_pool_ms,first_read_ratio,repeated_read_pool_ms,barrier_pool_p95_ms,restore_max_ms,footprint_change_percent,network_ratio,network_ratio_pair_range,cross_session_objects_max,rejections_max
cold-2048-dual,311.6796875,310.5625,0.35409565322584435,"[-0.6143619699868985, 1.3225532764385872]",0.6064237816401141,5.764426853,6.6519325605,0.8875057074999999,24.419,15.63,0.6817596478553913,12.9345,49.9075,0.29,77.71168569255745,,,256,0
cold-256-cpu1,224.078125,25.165441274642944,88.76934554218951,"[88.7607672875803, 88.77792379679873]",76.55955454504873,1.7973942895,5.741225935499999,3.9438316459999996,19.67275,184.14075,9.368483812952919,63.385,3.282,15.617,185.0001766406146,,,597,0
cold-256-dual,231.390625,26.472936391830444,88.55916189418325,"[88.50130176163982, 88.61702202672667]",78.89932374239875,1.9005195195,6.590168394,4.6896488745,23.2675,176.92075,7.6009500858127605,54.3445,3.584,4.719,166.1666679973209,,,596,0
cold-256-file,231.984375,26.10871982574463,88.74542721591035,"[88.66190315457924, 88.82895127724147]",74.89419227212231,2.057979665,5.719862248,3.6618825829999997,18.35275,181.31075,11.202453523617997,57.7575,7.507,18.233,129.31059555223914,,,583,0
cold-256-pool1,231.4609375,201.09371948242188,13.119312978841535,"[12.727285928523147, 13.511340029159925]",12.7042137150082,1.9294600195,5.503632124,3.5741721045,28.471,31.737,1.1109636576098607,13.507,3.1175,1.043,34.92203286173614,,,44,2173
cold-256-single,115.5703125,19.088608741760254,83.48308213628968,"[83.47264462110064, 83.49351965147873]",74.01518049542724,0.959182312,3.2957666235,2.3365843115000002,18.4915,189.7695,10.829372813421053,68.06525,3.0195,14.71,301.7625742115674,,,0,0
cold-512-dual,242.796875,60.705840826034546,74.99801693972212,"[74.66754514077701, 75.32848873866725]",69.8843469350864,2.629958478,7.7488014775,5.1188429995,22.081,168.921,7.870320835650183,7.4505,3.715,10.176,161.25827551228343,,,506,0
hot-256-dual,230.1328125,155.6649739742279,32.357327106416754,"[32.003670627843036, 32.71098358499047]",30.123827170060984,2.4875297275,5.037741165,2.5502114375,9.14575,5.49575,0.5944794496585932,49.2825,3.0935,14.075,125.33113496103053,,,525,0
network-256-dual,231.7421875,26.34851098060608,88.63054601464103,"[88.51590985809305, 88.74518217118897]",77.96205634031817,5.062524019,8.8938538105,3.8313297914999995,24.74275,183.4565,8.555070218721948,68.596,3.332,10.669,124.50969306620017,0.5828407848507461,"[0.5043464841512297, 0.6613350855502624]",598,0
random-256-dual,230.9296875,187.44374179840088,18.832275571342883,"[15.51468842861279, 22.149862714072977]",15.207679852948958,2.1744699155,5.788498499,3.6140285835,22.42875,26.3915,1.1848145579290437,12.91625,3.2325,23.169,128.54223368012708,,,254,1734
