profile,repeat,seconds_after_ready,phase,ram_proxy_mib,pool_encoded_mib,diagnostic_max_age_seconds
cold-256-dual,0,0.000000,idle,58.656250,0.000000,0.935093
cold-256-dual,0,1.047327,idle,231.750000,0.000000,0.974738
cold-256-dual,0,2.093972,idle,231.750000,0.000000,1.008131
cold-256-dual,0,3.138919,idle,231.750000,0.000000,0.027478
cold-256-dual,0,4.186674,idle,234.125772,2.375772,0.046757
cold-256-dual,0,5.219216,idle,209.447935,10.416685,0.065402
cold-256-dual,0,6.253667,idle,189.868669,11.212419,0.086062
cold-256-dual,0,7.284774,idle,169.300971,11.613471,0.115083
cold-256-dual,0,8.323648,idle,146.153530,11.653530,0.132329
cold-256-dual,0,9.357811,idle,114.153796,11.653796,0.166209
cold-256-dual,0,10.402519,idle,90.154070,11.654070,0.190281
cold-256-dual,0,11.438750,idle,59.544331,11.669331,0.218968
cold-256-dual,0,12.473702,idle,59.906154,11.812404,0.252910
cold-256-dual,0,13.512684,idle,53.156154,11.812404,0.275711
cold-256-dual,0,14.552387,idle,53.156154,11.812404,0.308011
cold-256-dual,0,15.591633,idle,61.156154,11.812404,0.332064
cold-256-dual,0,16.622093,idle,48.531154,11.812404,0.364164
cold-256-dual,0,17.661738,idle,48.468654,11.812404,0.397439
cold-256-dual,0,18.702725,idle,48.468654,11.812404,0.431270
cold-256-dual,0,19.741665,idle,48.343654,11.812404,0.463049
cold-256-dual,0,20.783076,idle,49.466249,12.997499,0.484022
cold-256-dual,0,21.810724,idle,46.333811,14.365061,0.517805
cold-256-dual,0,22.852165,idle,25.960291,14.413416,0.553881
cold-256-dual,0,23.895497,idle,26.245325,14.448450,0.590793
cold-256-dual,0,24.936680,idle,26.162471,14.365596,0.623566
cold-256-dual,0,25.973735,idle,26.399678,14.602803,0.661344
cold-256-dual,0,27.017681,idle,26.337186,14.602811,0.694361
cold-256-dual,0,28.055671,idle,26.587214,14.602839,0.728996
cold-256-dual,0,29.094731,idle,26.590672,14.606297,0.762101
cold-256-dual,0,30.137588,idle,26.711918,14.602543,0.803966
cold-256-dual,0,31.181690,idle,25.898663,14.414288,0.840609
cold-256-dual,0,32.225132,idle,29.247409,14.513034,0.877890
cold-256-dual,0,33.265070,idle,26.126904,14.517529,0.914865
cold-256-dual,0,34.302651,idle,25.762577,14.278202,0.943793
cold-256-dual,0,35.337732,verification_or_exit,82.373342,13.326467,0.978655
cold-256-dual,0,36.377708,verification_or_exit,148.040051,13.680676,0.998276
cold-256-dual,0,37.417714,verification_or_exit,157.876451,13.360826,0.034248
cold-256-dual,0,38.459935,verification_or_exit,133.814245,13.423620,0.060286
cold-256-dual,1,0.000000,idle,58.859375,0.000000,0.927531
cold-256-dual,1,1.041982,idle,232.953125,0.000000,0.960203
cold-256-dual,1,2.084993,idle,232.953125,0.000000,0.982593
cold-256-dual,1,3.120466,idle,232.953125,0.000000,1.006898
cold-256-dual,1,4.153533,idle,232.953125,0.000000,0.018688
cold-256-dual,1,5.191830,idle,211.578792,10.625667,0.034768
cold-256-dual,1,6.216981,idle,183.991504,11.335254,0.050550
cold-256-dual,1,7.241085,idle,169.988710,11.785585,0.075411
cold-256-dual,1,8.285374,idle,138.031612,11.828487,0.102150
cold-256-dual,1,9.320939,idle,114.031612,11.828487,0.121401
cold-256-dual,1,10.352034,idle,82.031612,11.828487,0.159839
cold-256-dual,1,11.400458,idle,59.734370,11.843745,0.188693
cold-256-dual,1,12.440837,idle,52.023047,11.991797,0.231796
cold-256-dual,1,13.493526,idle,52.023047,11.991797,0.270800
cold-256-dual,1,14.543284,idle,52.083296,11.989546,0.310131
cold-256-dual,1,15.592004,idle,52.057960,11.964210,0.348902
cold-256-dual,1,16.636740,idle,47.370460,11.964210,0.445450
cold-256-dual,1,17.741911,idle,47.136085,11.964210,0.495258
cold-256-dual,1,18.803201,idle,47.136085,11.964210,0.534707
cold-256-dual,1,19.849751,idle,47.136085,11.964210,0.572370
cold-256-dual,1,20.891850,idle,48.182813,13.010938,0.592680
cold-256-dual,1,21.921660,idle,41.213890,14.682640,0.624789
cold-256-dual,1,22.962184,idle,26.249285,14.639910,0.662135
cold-256-dual,1,24.001863,idle,26.101119,14.679244,0.695411
cold-256-dual,1,25.043478,idle,26.001251,14.641876,0.722762
cold-256-dual,1,26.075127,idle,26.464575,14.667700,0.752831
cold-256-dual,1,27.106834,idle,25.626283,14.641908,0.781579
cold-256-dual,1,28.146500,idle,25.850929,14.679054,0.808417
cold-256-dual,1,29.178053,idle,25.686620,14.639745,0.836013
cold-256-dual,1,30.217188,idle,26.684440,14.575065,0.876677
cold-256-dual,1,31.259005,idle,25.597473,14.300598,0.905535
cold-256-dual,1,32.294167,idle,26.667213,14.245338,0.934346
cold-256-dual,1,33.325049,idle,28.505029,14.333154,0.962021
cold-256-dual,1,34.358372,idle,26.091033,14.106658,0.983297
cold-256-dual,1,35.382141,verification_or_exit,157.929989,13.445614,0.001466
cold-256-dual,1,36.417888,verification_or_exit,126.095855,13.611480,0.037157
cold-256-dual,1,37.463676,verification_or_exit,157.336515,13.602140,0.063637
cold-256-dual,1,38.495130,verification_or_exit,125.414446,13.617571,0.101907
cold-512-dual,0,0.000000,idle,68.281250,0.000000,0.904899
cold-512-dual,0,1.035807,idle,243.375000,0.000000,0.930163
cold-512-dual,0,2.078906,idle,243.375000,0.000000,0.952065
cold-512-dual,0,3.118921,idle,243.375000,0.000000,0.971770
cold-512-dual,0,4.159238,idle,243.375000,0.000000,0.992497
cold-512-dual,0,5.199040,idle,243.375000,0.000000,1.018794
cold-512-dual,0,6.243784,idle,243.375000,0.000000,0.019645
cold-512-dual,0,7.282737,idle,243.375000,0.000000,0.027313
cold-512-dual,0,8.316714,idle,253.750775,2.375775,0.037408
cold-512-dual,0,9.345916,idle,221.725360,10.350360,0.045976
cold-512-dual,0,10.379943,idle,194.049499,11.658874,0.061745
cold-512-dual,0,11.414880,idle,181.004897,11.926772,0.076112
cold-512-dual,0,12.453120,idle,150.536944,11.958819,0.096170
cold-512-dual,0,13.488718,idle,126.536944,11.958819,0.101500
cold-512-dual,0,14.519049,idle,98.459350,11.959350,0.126565
cold-512-dual,0,15.562767,idle,69.107607,11.966982,0.154287
cold-512-dual,0,16.605146,idle,59.829236,12.204236,0.177833
cold-512-dual,0,17.649117,idle,59.797986,12.204236,0.198469
cold-512-dual,0,18.682766,idle,59.735486,12.204236,0.224901
cold-512-dual,0,19.726830,idle,59.766736,12.204236,0.247440
cold-512-dual,0,20.765368,idle,59.766736,12.204236,0.271636
cold-512-dual,0,21.809504,idle,59.766736,12.204236,0.298036
cold-512-dual,0,22.849812,idle,59.766736,12.204236,0.313293
cold-512-dual,0,23.879013,idle,59.766736,12.204236,0.332982
cold-512-dual,0,24.918753,idle,59.766736,12.204236,0.356658
cold-512-dual,0,25.956983,idle,59.766736,12.204236,0.383914
cold-512-dual,0,27.000383,idle,59.766736,12.204236,0.409379
cold-512-dual,0,28.038235,idle,59.867258,12.179758,0.423670
cold-512-dual,0,29.067740,idle,59.586008,12.179758,0.449314
cold-512-dual,0,30.106949,idle,75.586008,12.179758,0.477498
cold-512-dual,0,31.150737,idle,59.586008,12.179758,0.503957
cold-512-dual,0,32.189432,idle,59.648508,12.179758,0.525624
cold-512-dual,0,33.230318,idle,59.648508,12.179758,0.559637
cold-512-dual,0,34.270573,idle,59.575211,12.106461,0.588158
cold-512-dual,0,35.307786,verification_or_exit,185.655077,11.686327,0.619322
cold-512-dual,0,36.351815,verification_or_exit,185.655077,11.686327,0.644295
cold-512-dual,0,37.389954,verification_or_exit,185.655077,11.686327,0.674492
cold-512-dual,0,38.431860,verification_or_exit,183.967577,11.686327,0.695209
cold-512-dual,1,0.000000,idle,68.281250,0.000000,0.912831
cold-512-dual,1,1.039204,idle,242.781250,0.000000,0.940142
cold-512-dual,1,2.086245,idle,242.781250,0.000000,0.963861
cold-512-dual,1,3.135921,idle,242.781250,0.000000,0.988333
cold-512-dual,1,4.182765,idle,242.781250,0.000000,1.014605
cold-512-dual,1,5.229548,idle,242.781250,0.000000,1.020145
cold-512-dual,1,6.271686,idle,242.781250,0.000000,0.023820
cold-512-dual,1,7.310489,idle,242.781250,0.000000,0.029265
cold-512-dual,1,8.343205,idle,245.192626,2.411376,0.033102
cold-512-dual,1,9.368227,idle,220.970503,10.189253,0.036106
cold-512-dual,1,10.395872,idle,193.845513,11.439263,0.040940
cold-512-dual,1,11.421564,idle,180.472034,11.940784,0.042442
cold-512-dual,1,12.451830,idle,148.990126,11.958876,0.050604
cold-512-dual,1,13.484651,idle,116.990126,11.958876,0.057359
cold-512-dual,1,14.512704,idle,93.052626,11.958876,0.070243
cold-512-dual,1,15.545503,idle,68.365009,11.974384,0.071791
cold-512-dual,1,16.569869,idle,60.710548,12.163673,0.083041
cold-512-dual,1,17.606316,idle,60.648048,12.163673,0.096319
cold-512-dual,1,18.639739,idle,60.648048,12.163673,0.106394
cold-512-dual,1,19.672080,idle,60.616798,12.163673,0.133048
cold-512-dual,1,20.716423,idle,60.616798,12.163673,0.147403
cold-512-dual,1,21.745534,idle,60.616798,12.163673,0.165401
cold-512-dual,1,22.785440,idle,60.616798,12.163673,0.183566
cold-512-dual,1,23.820313,idle,60.616798,12.163673,0.218832
cold-512-dual,1,24.869532,idle,60.641843,12.126218,0.246900
cold-512-dual,1,25.916724,idle,62.641843,12.126218,0.276470
cold-512-dual,1,26.962674,idle,70.641843,12.126218,0.301365
cold-512-dual,1,28.002650,idle,62.641843,12.126218,0.330188
cold-512-dual,1,29.048145,idle,62.641843,12.126218,0.363110
cold-512-dual,1,30.095380,idle,70.641843,12.126218,0.393302
cold-512-dual,1,31.140379,idle,62.641843,12.126218,0.413223
cold-512-dual,1,32.175695,idle,62.641843,12.126218,0.435436
cold-512-dual,1,33.210952,idle,70.641843,12.126218,0.474647
cold-512-dual,1,34.260628,idle,62.604431,12.088806,0.497724
cold-512-dual,1,35.298403,verification_or_exit,188.666414,11.713289,0.529763
cold-512-dual,1,36.345806,verification_or_exit,188.666414,11.713289,0.561533
cold-512-dual,1,37.392792,verification_or_exit,188.670891,11.717766,0.600514
cold-512-dual,1,38.442107,verification_or_exit,186.171486,10.968361,0.633257
cold-2048-dual,0,0.000000,idle,113.453125,0.000000,0.863036
cold-2048-dual,0,1.042580,idle,310.359375,0.000000,0.838887
cold-2048-dual,0,2.084835,idle,310.359375,0.000000,0.810607
cold-2048-dual,0,3.124033,idle,310.359375,0.000000,0.781175
cold-2048-dual,0,4.165965,idle,310.359375,0.000000,0.750567
cold-2048-dual,0,5.209151,idle,310.359375,0.000000,0.724457
cold-2048-dual,0,6.245009,idle,310.359375,0.000000,0.699814
cold-2048-dual,0,7.288780,idle,310.359375,0.000000,0.679584
cold-2048-dual,0,8.328928,idle,308.937500,0.000000,0.659314
cold-2048-dual,0,9.370343,idle,308.937500,0.000000,0.636601
cold-2048-dual,0,10.405910,idle,308.937500,0.000000,0.612953
cold-2048-dual,0,11.444851,idle,308.937500,0.000000,0.582206
cold-2048-dual,0,12.484831,idle,308.937500,0.000000,0.558780
cold-2048-dual,0,13.525659,idle,308.937500,0.000000,0.535795
cold-2048-dual,0,14.569992,idle,308.937500,0.000000,0.512013
cold-2048-dual,0,15.612670,idle,308.937500,0.000000,0.491598
cold-2048-dual,0,16.651794,idle,308.937500,0.000000,0.465053
cold-2048-dual,0,17.694734,idle,308.937500,0.000000,0.444029
cold-2048-dual,0,18.739019,idle,308.937500,0.000000,0.420425
cold-2048-dual,0,19.781927,idle,308.937500,0.000000,0.396085
cold-2048-dual,0,20.823625,idle,308.937500,0.000000,0.373267
cold-2048-dual,0,21.866907,idle,308.937500,0.000000,0.353235
cold-2048-dual,0,22.906467,idle,308.937500,0.000000,0.322740
cold-2048-dual,0,23.946960,idle,308.937500,0.000000,0.300631
cold-2048-dual,0,24.988781,idle,308.937500,0.000000,0.280484
cold-2048-dual,0,26.026862,idle,308.937500,0.000000,0.251200
cold-2048-dual,0,27.066899,idle,308.937500,0.000000,0.227835
cold-2048-dual,0,28.108819,idle,308.937500,0.000000,0.198794
cold-2048-dual,0,29.150534,idle,308.937500,0.000000,0.174760
cold-2048-dual,0,30.183813,idle,308.937500,0.000000,0.136259
cold-2048-dual,0,31.216365,idle,308.937500,0.000000,0.098923
cold-2048-dual,0,32.247002,idle,308.937500,0.000000,0.062086
cold-2048-dual,0,33.276767,idle,308.937500,0.000000,0.021694
cold-2048-dual,0,34.306620,idle,311.309009,2.371509,1.054802
cold-2048-dual,0,35.339870,verification_or_exit,316.054722,11.117222,1.035425
cold-2048-dual,0,36.383809,verification_or_exit,286.372385,11.966135,1.009469
cold-2048-dual,0,37.417585,verification_or_exit,263.540143,12.149518,0.983733
cold-2048-dual,0,38.448068,verification_or_exit,235.000000,0.000000,0.960197
cold-2048-dual,1,0.000000,idle,130.031250,0.000000,0.860658
cold-2048-dual,1,1.027737,idle,314.031250,0.000000,0.857558
cold-2048-dual,1,2.075558,idle,314.031250,0.000000,0.823301
cold-2048-dual,1,3.110077,idle,314.031250,0.000000,0.792265
cold-2048-dual,1,4.145482,idle,314.031250,0.000000,0.780752
cold-2048-dual,1,5.188466,idle,314.031250,0.000000,0.742849
cold-2048-dual,1,6.221421,idle,314.031250,0.000000,0.703073
cold-2048-dual,1,7.249902,idle,314.031250,0.000000,0.671983
cold-2048-dual,1,8.293257,idle,314.031250,0.000000,0.636306
cold-2048-dual,1,9.330408,idle,314.031250,0.000000,0.605406
cold-2048-dual,1,10.357380,idle,314.031250,0.000000,0.576150
cold-2048-dual,1,11.394765,idle,312.187500,0.000000,0.561316
cold-2048-dual,1,12.432135,idle,312.187500,0.000000,0.557899
cold-2048-dual,1,13.480229,idle,312.187500,0.000000,0.507158
cold-2048-dual,1,14.504659,idle,312.187500,0.000000,0.486562
cold-2048-dual,1,15.526898,idle,312.187500,0.000000,0.463379
cold-2048-dual,1,16.549486,idle,312.187500,0.000000,0.462474
cold-2048-dual,1,17.596585,idle,312.187500,0.000000,0.457964
cold-2048-dual,1,18.646285,idle,312.187500,0.000000,0.429841
cold-2048-dual,1,19.681387,idle,312.187500,0.000000,0.405756
cold-2048-dual,1,20.733021,idle,312.187500,0.000000,0.370128
cold-2048-dual,1,21.771404,idle,312.187500,0.000000,0.346462
cold-2048-dual,1,22.820822,idle,312.187500,0.000000,0.326644
cold-2048-dual,1,23.873472,idle,312.187500,0.000000,0.301024
cold-2048-dual,1,24.923656,idle,312.187500,0.000000,0.282184
cold-2048-dual,1,25.973467,idle,312.187500,0.000000,0.254982
cold-2048-dual,1,27.022453,idle,312.187500,0.000000,0.243710
cold-2048-dual,1,28.071472,idle,312.187500,0.000000,0.216588
cold-2048-dual,1,29.117720,idle,312.187500,0.000000,0.183432
cold-2048-dual,1,30.154348,idle,312.187500,0.000000,0.142949
cold-2048-dual,1,31.188387,idle,312.187500,0.000000,0.099741
cold-2048-dual,1,32.218696,idle,312.187500,0.000000,0.054520
cold-2048-dual,1,33.247221,idle,312.187500,0.000000,0.018673
cold-2048-dual,1,34.271369,idle,314.597455,2.409955,1.048336
cold-2048-dual,1,35.298605,verification_or_exit,315.280266,11.092766,1.002213
cold-2048-dual,1,36.333645,verification_or_exit,283.984141,11.671641,0.986037
cold-2048-dual,1,37.371495,verification_or_exit,264.607659,12.013909,0.979558
cold-2048-dual,1,38.419519,verification_or_exit,235.171875,0.000000,0.953429
