path	type	value
	object	-
/affinity	string	4
/build_command	array	-
/build_command/0	string	cargo
/build_command/1	string	build
/build_command/2	string	--locked
/build_command/3	string	-p
/build_command/4	string	pvisor-cluster
/build_command/5	string	--example
/build_command/6	string	scheduler_load
/build_command/7	string	--release
/build_command/8	string	-j
/build_command/9	string	4
/compiled_binary_sha256	string	a6c8e4fbc92b972a4429810674b924d6f757d59f1307916f12d3a8d3c7dc1acc
/head	string	a1020d4b96cdc1935d54c3477a5418698c94a69b
/interrupted_unreported_run	object	-
/interrupted_unreported_run/mode	string	history
/interrupted_unreported_run/status	string	process and tool handle absent; no validated output; termination cause unknown
/interrupted_unreported_run/tasks	integer	1000000
/release_profile	object	-
/release_profile/codegen_units	integer	8
/release_profile/lto	string	thin
/release_profile/opt_level	string	z
/release_profile/panic	string	abort
/resume_child_address_space_ceiling_bytes	integer	12884901888
/runs	array	-
/runs/0	object	-
/runs/0/command	array	-
/runs/0/command/0	string	taskset
/runs/0/command/1	string	-c
/runs/0/command/2	string	4
/runs/0/command/3	string	/tmp/pvisor-controller-indexes-v3-qh9l85i9/scheduler-load
/runs/0/command/4	string	--tasks
/runs/0/command/5	string	1000
/runs/0/command/6	string	--ready
/runs/0/command/7	string	1
/runs/0/command/8	string	--samples
/runs/0/command/9	string	20
/runs/0/command/10	string	--indexed-batch
/runs/0/command/11	string	100
/runs/0/command/12	string	--output
/runs/0/command/13	string	/home/reiase/workspace/pvisor/crates/pvisor-cluster/measurements/controller-indexes-20261005-v3-history-1000.json
/runs/0/elapsed_seconds	float	0.19931435585021973
/runs/0/exit_code	integer	0
/runs/0/mode	string	history
/runs/0/output	string	crates/pvisor-cluster/measurements/controller-indexes-20261005-v3-history-1000.json
/runs/0/tasks	integer	1000
/runs/1	object	-
/runs/1/command	array	-
/runs/1/command/0	string	taskset
/runs/1/command/1	string	-c
/runs/1/command/2	string	4
/runs/1/command/3	string	/tmp/pvisor-controller-indexes-v3-qh9l85i9/scheduler-load
/runs/1/command/4	string	--tasks
/runs/1/command/5	string	10000
/runs/1/command/6	string	--ready
/runs/1/command/7	string	1
/runs/1/command/8	string	--samples
/runs/1/command/9	string	20
/runs/1/command/10	string	--indexed-batch
/runs/1/command/11	string	100
/runs/1/command/12	string	--output
/runs/1/command/13	string	/home/reiase/workspace/pvisor/crates/pvisor-cluster/measurements/controller-indexes-20261005-v3-history-10000.json
/runs/1/elapsed_seconds	float	1.2906019687652588
/runs/1/exit_code	integer	0
/runs/1/mode	string	history
/runs/1/output	string	crates/pvisor-cluster/measurements/controller-indexes-20261005-v3-history-10000.json
/runs/1/tasks	integer	10000
/runs/2	object	-
/runs/2/command	array	-
/runs/2/command/0	string	taskset
/runs/2/command/1	string	-c
/runs/2/command/2	string	4
/runs/2/command/3	string	/tmp/pvisor-controller-indexes-v3-qh9l85i9/scheduler-load
/runs/2/command/4	string	--tasks
/runs/2/command/5	string	100000
/runs/2/command/6	string	--ready
/runs/2/command/7	string	1
/runs/2/command/8	string	--samples
/runs/2/command/9	string	20
/runs/2/command/10	string	--indexed-batch
/runs/2/command/11	string	100
/runs/2/command/12	string	--output
/runs/2/command/13	string	/home/reiase/workspace/pvisor/crates/pvisor-cluster/measurements/controller-indexes-20261005-v3-history-100000.json
/runs/2/elapsed_seconds	float	7.454230308532715
/runs/2/exit_code	integer	0
/runs/2/mode	string	history
/runs/2/output	string	crates/pvisor-cluster/measurements/controller-indexes-20261005-v3-history-100000.json
/runs/2/tasks	integer	100000
/runs/3	object	-
/runs/3/address_space_ceiling_bytes	integer	12884901888
/runs/3/command	array	-
/runs/3/command/0	string	taskset
/runs/3/command/1	string	-c
/runs/3/command/2	string	4
/runs/3/command/3	string	/tmp/pvisor-controller-indexes-v3-qh9l85i9/scheduler-load
/runs/3/command/4	string	--tasks
/runs/3/command/5	string	1000000
/runs/3/command/6	string	--ready
/runs/3/command/7	string	1
/runs/3/command/8	string	--samples
/runs/3/command/9	string	20
/runs/3/command/10	string	--indexed-batch
/runs/3/command/11	string	100
/runs/3/command/12	string	--output
/runs/3/command/13	string	/home/reiase/workspace/pvisor/crates/pvisor-cluster/measurements/controller-indexes-20261005-v3-history-1000000.json
/runs/3/elapsed_seconds	float	38.949105739593506
/runs/3/exit_code	integer	0
/runs/3/mode	string	history
/runs/3/output	string	crates/pvisor-cluster/measurements/controller-indexes-20261005-v3-history-1000000.json
/runs/3/tasks	integer	1000000
/runs/4	object	-
/runs/4/address_space_ceiling_bytes	integer	12884901888
/runs/4/command	array	-
/runs/4/command/0	string	taskset
/runs/4/command/1	string	-c
/runs/4/command/2	string	4
/runs/4/command/3	string	/tmp/pvisor-controller-indexes-v3-qh9l85i9/scheduler-load
/runs/4/command/4	string	--tasks
/runs/4/command/5	string	1000000
/runs/4/command/6	string	--ready
/runs/4/command/7	string	all
/runs/4/command/8	string	--samples
/runs/4/command/9	string	20
/runs/4/command/10	string	--indexed-batch
/runs/4/command/11	string	100
/runs/4/command/12	string	--output
/runs/4/command/13	string	/home/reiase/workspace/pvisor/crates/pvisor-cluster/measurements/controller-indexes-20261005-v3-dense-1000000.json
/runs/4/elapsed_seconds	float	42.52229404449463
/runs/4/exit_code	integer	0
/runs/4/mode	string	dense
/runs/4/output	string	crates/pvisor-cluster/measurements/controller-indexes-20261005-v3-dense-1000000.json
/runs/4/tasks	integer	1000000
/rustc	string	rustc 1.98.1 (48a229cea 2026-09-01)
/schema	string	pvisor-controller-history-provenance/v1
/scope	string	single-controller typed API; synthetic tasks; no native execution; each size/mode owns a separate process; hot WAL replay; local NVMe WAL; RSS includes ID fixture and allocator retention
/source_sha256_after_build	object	-
/source_sha256_after_build/Cargo.lock	string	f106f13212564230fa065d34fbda9f3ebc0d26b9bb9aa72e14999c17632d257f
/source_sha256_after_build/Cargo.toml	string	8082895b015ad6a248e6b32fe9a3622ee2504e2855b6d9d2f27329ef6c8698d0
/source_sha256_after_build/crates~1pvisor-cluster~1Cargo.toml	string	96a0c1543225e89dd149ae366a2b841a7e3ba7e4f74523ae7be55fc85c4e7582
/source_sha256_after_build/crates~1pvisor-cluster~1examples~1scheduler_load.rs	string	0f12d3f6af592e59400b95e6111acfd0f851bc6be8a8dfebc98bbb37a7d8361c
/source_sha256_after_build/crates~1pvisor-cluster~1src~1admission.rs	string	cdf2aee7ec0eed605eec934fbf46a58cad62e9b8349c01802fde9abcda569c13
/source_sha256_after_build/crates~1pvisor-cluster~1src~1artifacts.rs	string	6a895b19c61a1f34a44b9b59a588447c23a89776ad231779ffe8428723f4a1be
/source_sha256_after_build/crates~1pvisor-cluster~1src~1artifacts~1gc.rs	string	39a2f03df1c4e24deb49a5ff8fa744774f33221bf34b39b1565a01a5fdc87ad8
/source_sha256_after_build/crates~1pvisor-cluster~1src~1artifacts~1gc~1tests.rs	string	c5dac9914891f79a8f2ff295c677cd22847e4dd692c07dc2e4953d3f56dda47b
/source_sha256_after_build/crates~1pvisor-cluster~1src~1artifacts~1quota.rs	string	ca6ad4f2a042ff3f28a8e9e1f41b540765cd483db22ef5b87e2a2f5666b06218
/source_sha256_after_build/crates~1pvisor-cluster~1src~1client.rs	string	237ea857e9f3ee8350f60851f40663cabf0e9957ba78572513aa20d72fcae7a6
/source_sha256_after_build/crates~1pvisor-cluster~1src~1environment.rs	string	85e22c4d75916cb4e6e17b9d96386309297cdf63782b80fae2766472c3e9e85c
/source_sha256_after_build/crates~1pvisor-cluster~1src~1journal.rs	string	38534e64fd5fc0d612884c4b9d1e51b8b4d4bc2268080202416d740d29fbf7d4
/source_sha256_after_build/crates~1pvisor-cluster~1src~1lib.rs	string	ebce003a8095bf5f9d69d9095f05373a07fdebb2378ae6b6897c53769f7d088d
/source_sha256_after_build/crates~1pvisor-cluster~1src~1main.rs	string	8982c67be14313c8fd722711e235fa9f9ee8f82ddc664c70363b71e1dabda3dd
/source_sha256_after_build/crates~1pvisor-cluster~1src~1physical_memory.rs	string	5681bed53afbd78e62f294f9a40f47cc895aa860f38601352737a9c29cc46417
/source_sha256_after_build/crates~1pvisor-cluster~1src~1scheduler.rs	string	88a5981e398cfded8bec2b8ad55e9b8ac261b07a44e6065dcb740477b57f4794
/source_sha256_after_build/crates~1pvisor-cluster~1src~1scheduler~1graph.rs	string	c321836f7562fab5d54329c4e4a63c6da710c4bf3ee35d0479204791322726fe
/source_sha256_after_build/crates~1pvisor-cluster~1src~1scheduler~1indexes.rs	string	a716e6b8383e6339bd26cd40a6f1662b9dcfeb3cf1643c684f879c31eb6f0203
/source_sha256_after_build/crates~1pvisor-cluster~1src~1server.rs	string	180285bab22278be56667895278014ae9b658daf3a79e211e7a0f78389921728
/source_sha256_after_build/crates~1pvisor-cluster~1src~1server~1dispatcher.rs	string	d4b26376487d6722faecf280065fba08d893c720627216b19104fa28201a3bd9
/source_sha256_after_build/crates~1pvisor-core~1Cargo.toml	string	5f4a1299b6bf69f05ae1466ea92d9e13bd99dc47e72d6155eeb59a42c65534e9
/source_sha256_after_build/crates~1pvisor-core~1src~1audit.rs	string	f236e4969e03271921c4bd343369f2b680d15d97e6f267c22bbdcd605a9870e4
/source_sha256_after_build/crates~1pvisor-core~1src~1cluster.rs	string	81cfc9e805de9b1c1f96f9200b6f05210bd740746b8aa0ed1c93194827047263
/source_sha256_after_build/crates~1pvisor-core~1src~1cpu.rs	string	e7046424096a033edbe5f9620c0ada4b2a053235fcecb833ecc83d435ab05c6b
/source_sha256_after_build/crates~1pvisor-core~1src~1event.rs	string	731b0ddf10e8560cc5359117e05c14577cce29d10650a089a03a033f8aaddee1
/source_sha256_after_build/crates~1pvisor-core~1src~1execution.rs	string	bf00b14221ac82e8d12dfc7012bf40786468d591bd864235e7f5a9846441f3bc
/source_sha256_after_build/crates~1pvisor-core~1src~1file_access.rs	string	12124a19bc66f8d0b9c5b818fc8774732e528d6507eb019120515594c8b8d094
/source_sha256_after_build/crates~1pvisor-core~1src~1gateway.rs	string	0d3499d1b4c65e94f2bda797b73ce02f1da9c491e2e5afb42b072c0de8f88888
/source_sha256_after_build/crates~1pvisor-core~1src~1lib.rs	string	bad476ccc1e6e1105830b1a60c4dbcb4cf3a28648416b953fe232abdc3ce4de4
/source_sha256_after_build/crates~1pvisor-core~1src~1memory.rs	string	da7722955f11263a68217566861314b89518b0ac679f0a31c4570251427ae8ff
/source_sha256_after_build/crates~1pvisor-core~1src~1network.rs	string	bbfa071ec21fb447cb69986ef59b5ed0bf9f016ef3da52bc17821f7123ac78bf
/source_sha256_after_build/crates~1pvisor-core~1src~1operation.rs	string	2963c5824525fd7f386511e88b48f909e59056dacd0fb78407a0409ece2c22b5
/source_sha256_after_build/crates~1pvisor-core~1src~1overlay.rs	string	c96df9d0cfde1ebe3435705561640a95340807d49c6794ec02010d77649dafad
/source_sha256_after_build/crates~1pvisor-core~1src~1policy.rs	string	0d494ea19167f4d647d14d5295535ee8a0798db9c06c271aeecc7b1be21122c0
/source_sha256_after_build/crates~1pvisor-core~1src~1protocol.rs	string	5b5380c1651aec62e62ceaad93c183a5e8d11bb67e50242f2593002574d9db67
/source_sha256_after_build/crates~1pvisor-core~1src~1session.rs	string	1ee846f69a1bbf669cf26e351f15a9cc22571642f202b8335e9ad34372de4d2d
/source_sha256_after_build/crates~1pvisor-core~1src~1time.rs	string	635eed001d4133f0ee0a245fc1e6f91a8668726f4ad8e7861c038fb1ef410f1a
/source_sha256_after_build/rust-toolchain.toml	string	a6a0bbd29ffaa8182dc22d1d9149709f1091e47df40ed96eb8a78a711c66a4ce
/source_sha256_after_runs	object	-
/source_sha256_after_runs/Cargo.lock	string	f106f13212564230fa065d34fbda9f3ebc0d26b9bb9aa72e14999c17632d257f
/source_sha256_after_runs/Cargo.toml	string	8082895b015ad6a248e6b32fe9a3622ee2504e2855b6d9d2f27329ef6c8698d0
/source_sha256_after_runs/crates~1pvisor-cluster~1Cargo.toml	string	96a0c1543225e89dd149ae366a2b841a7e3ba7e4f74523ae7be55fc85c4e7582
/source_sha256_after_runs/crates~1pvisor-cluster~1examples~1scheduler_load.rs	string	0f12d3f6af592e59400b95e6111acfd0f851bc6be8a8dfebc98bbb37a7d8361c
/source_sha256_after_runs/crates~1pvisor-cluster~1src~1admission.rs	string	cdf2aee7ec0eed605eec934fbf46a58cad62e9b8349c01802fde9abcda569c13
/source_sha256_after_runs/crates~1pvisor-cluster~1src~1artifacts.rs	string	6a895b19c61a1f34a44b9b59a588447c23a89776ad231779ffe8428723f4a1be
/source_sha256_after_runs/crates~1pvisor-cluster~1src~1artifacts~1gc.rs	string	39a2f03df1c4e24deb49a5ff8fa744774f33221bf34b39b1565a01a5fdc87ad8
/source_sha256_after_runs/crates~1pvisor-cluster~1src~1artifacts~1gc~1tests.rs	string	c5dac9914891f79a8f2ff295c677cd22847e4dd692c07dc2e4953d3f56dda47b
/source_sha256_after_runs/crates~1pvisor-cluster~1src~1artifacts~1quota.rs	string	ca6ad4f2a042ff3f28a8e9e1f41b540765cd483db22ef5b87e2a2f5666b06218
/source_sha256_after_runs/crates~1pvisor-cluster~1src~1client.rs	string	237ea857e9f3ee8350f60851f40663cabf0e9957ba78572513aa20d72fcae7a6
/source_sha256_after_runs/crates~1pvisor-cluster~1src~1environment.rs	string	85e22c4d75916cb4e6e17b9d96386309297cdf63782b80fae2766472c3e9e85c
/source_sha256_after_runs/crates~1pvisor-cluster~1src~1journal.rs	string	38534e64fd5fc0d612884c4b9d1e51b8b4d4bc2268080202416d740d29fbf7d4
/source_sha256_after_runs/crates~1pvisor-cluster~1src~1lib.rs	string	ebce003a8095bf5f9d69d9095f05373a07fdebb2378ae6b6897c53769f7d088d
/source_sha256_after_runs/crates~1pvisor-cluster~1src~1main.rs	string	8982c67be14313c8fd722711e235fa9f9ee8f82ddc664c70363b71e1dabda3dd
/source_sha256_after_runs/crates~1pvisor-cluster~1src~1physical_memory.rs	string	5681bed53afbd78e62f294f9a40f47cc895aa860f38601352737a9c29cc46417
/source_sha256_after_runs/crates~1pvisor-cluster~1src~1scheduler.rs	string	88a5981e398cfded8bec2b8ad55e9b8ac261b07a44e6065dcb740477b57f4794
/source_sha256_after_runs/crates~1pvisor-cluster~1src~1scheduler~1graph.rs	string	c321836f7562fab5d54329c4e4a63c6da710c4bf3ee35d0479204791322726fe
/source_sha256_after_runs/crates~1pvisor-cluster~1src~1scheduler~1indexes.rs	string	a716e6b8383e6339bd26cd40a6f1662b9dcfeb3cf1643c684f879c31eb6f0203
/source_sha256_after_runs/crates~1pvisor-cluster~1src~1server.rs	string	180285bab22278be56667895278014ae9b658daf3a79e211e7a0f78389921728
/source_sha256_after_runs/crates~1pvisor-cluster~1src~1server~1dispatcher.rs	string	d4b26376487d6722faecf280065fba08d893c720627216b19104fa28201a3bd9
/source_sha256_after_runs/crates~1pvisor-core~1Cargo.toml	string	5f4a1299b6bf69f05ae1466ea92d9e13bd99dc47e72d6155eeb59a42c65534e9
/source_sha256_after_runs/crates~1pvisor-core~1src~1audit.rs	string	f236e4969e03271921c4bd343369f2b680d15d97e6f267c22bbdcd605a9870e4
/source_sha256_after_runs/crates~1pvisor-core~1src~1cluster.rs	string	81cfc9e805de9b1c1f96f9200b6f05210bd740746b8aa0ed1c93194827047263
/source_sha256_after_runs/crates~1pvisor-core~1src~1cpu.rs	string	e7046424096a033edbe5f9620c0ada4b2a053235fcecb833ecc83d435ab05c6b
/source_sha256_after_runs/crates~1pvisor-core~1src~1event.rs	string	731b0ddf10e8560cc5359117e05c14577cce29d10650a089a03a033f8aaddee1
/source_sha256_after_runs/crates~1pvisor-core~1src~1execution.rs	string	bf00b14221ac82e8d12dfc7012bf40786468d591bd864235e7f5a9846441f3bc
/source_sha256_after_runs/crates~1pvisor-core~1src~1file_access.rs	string	12124a19bc66f8d0b9c5b818fc8774732e528d6507eb019120515594c8b8d094
/source_sha256_after_runs/crates~1pvisor-core~1src~1gateway.rs	string	0d3499d1b4c65e94f2bda797b73ce02f1da9c491e2e5afb42b072c0de8f88888
/source_sha256_after_runs/crates~1pvisor-core~1src~1lib.rs	string	bad476ccc1e6e1105830b1a60c4dbcb4cf3a28648416b953fe232abdc3ce4de4
/source_sha256_after_runs/crates~1pvisor-core~1src~1memory.rs	string	da7722955f11263a68217566861314b89518b0ac679f0a31c4570251427ae8ff
/source_sha256_after_runs/crates~1pvisor-core~1src~1network.rs	string	bbfa071ec21fb447cb69986ef59b5ed0bf9f016ef3da52bc17821f7123ac78bf
/source_sha256_after_runs/crates~1pvisor-core~1src~1operation.rs	string	2963c5824525fd7f386511e88b48f909e59056dacd0fb78407a0409ece2c22b5
/source_sha256_after_runs/crates~1pvisor-core~1src~1overlay.rs	string	c96df9d0cfde1ebe3435705561640a95340807d49c6794ec02010d77649dafad
/source_sha256_after_runs/crates~1pvisor-core~1src~1policy.rs	string	0d494ea19167f4d647d14d5295535ee8a0798db9c06c271aeecc7b1be21122c0
/source_sha256_after_runs/crates~1pvisor-core~1src~1protocol.rs	string	5b5380c1651aec62e62ceaad93c183a5e8d11bb67e50242f2593002574d9db67
/source_sha256_after_runs/crates~1pvisor-core~1src~1session.rs	string	1ee846f69a1bbf669cf26e351f15a9cc22571642f202b8335e9ad34372de4d2d
/source_sha256_after_runs/crates~1pvisor-core~1src~1time.rs	string	635eed001d4133f0ee0a245fc1e6f91a8668726f4ad8e7861c038fb1ef410f1a
/source_sha256_after_runs/rust-toolchain.toml	string	a6a0bbd29ffaa8182dc22d1d9149709f1091e47df40ed96eb8a78a711c66a4ce
/source_sha256_before_build	object	-
/source_sha256_before_build/Cargo.lock	string	f106f13212564230fa065d34fbda9f3ebc0d26b9bb9aa72e14999c17632d257f
/source_sha256_before_build/Cargo.toml	string	8082895b015ad6a248e6b32fe9a3622ee2504e2855b6d9d2f27329ef6c8698d0
/source_sha256_before_build/crates~1pvisor-cluster~1Cargo.toml	string	96a0c1543225e89dd149ae366a2b841a7e3ba7e4f74523ae7be55fc85c4e7582
/source_sha256_before_build/crates~1pvisor-cluster~1examples~1scheduler_load.rs	string	0f12d3f6af592e59400b95e6111acfd0f851bc6be8a8dfebc98bbb37a7d8361c
/source_sha256_before_build/crates~1pvisor-cluster~1src~1admission.rs	string	cdf2aee7ec0eed605eec934fbf46a58cad62e9b8349c01802fde9abcda569c13
/source_sha256_before_build/crates~1pvisor-cluster~1src~1artifacts.rs	string	6a895b19c61a1f34a44b9b59a588447c23a89776ad231779ffe8428723f4a1be
/source_sha256_before_build/crates~1pvisor-cluster~1src~1artifacts~1gc.rs	string	39a2f03df1c4e24deb49a5ff8fa744774f33221bf34b39b1565a01a5fdc87ad8
/source_sha256_before_build/crates~1pvisor-cluster~1src~1artifacts~1gc~1tests.rs	string	c5dac9914891f79a8f2ff295c677cd22847e4dd692c07dc2e4953d3f56dda47b
/source_sha256_before_build/crates~1pvisor-cluster~1src~1artifacts~1quota.rs	string	ca6ad4f2a042ff3f28a8e9e1f41b540765cd483db22ef5b87e2a2f5666b06218
/source_sha256_before_build/crates~1pvisor-cluster~1src~1client.rs	string	237ea857e9f3ee8350f60851f40663cabf0e9957ba78572513aa20d72fcae7a6
/source_sha256_before_build/crates~1pvisor-cluster~1src~1environment.rs	string	85e22c4d75916cb4e6e17b9d96386309297cdf63782b80fae2766472c3e9e85c
/source_sha256_before_build/crates~1pvisor-cluster~1src~1journal.rs	string	38534e64fd5fc0d612884c4b9d1e51b8b4d4bc2268080202416d740d29fbf7d4
/source_sha256_before_build/crates~1pvisor-cluster~1src~1lib.rs	string	ebce003a8095bf5f9d69d9095f05373a07fdebb2378ae6b6897c53769f7d088d
/source_sha256_before_build/crates~1pvisor-cluster~1src~1main.rs	string	8982c67be14313c8fd722711e235fa9f9ee8f82ddc664c70363b71e1dabda3dd
/source_sha256_before_build/crates~1pvisor-cluster~1src~1physical_memory.rs	string	5681bed53afbd78e62f294f9a40f47cc895aa860f38601352737a9c29cc46417
/source_sha256_before_build/crates~1pvisor-cluster~1src~1scheduler.rs	string	88a5981e398cfded8bec2b8ad55e9b8ac261b07a44e6065dcb740477b57f4794
/source_sha256_before_build/crates~1pvisor-cluster~1src~1scheduler~1graph.rs	string	c321836f7562fab5d54329c4e4a63c6da710c4bf3ee35d0479204791322726fe
/source_sha256_before_build/crates~1pvisor-cluster~1src~1scheduler~1indexes.rs	string	a716e6b8383e6339bd26cd40a6f1662b9dcfeb3cf1643c684f879c31eb6f0203
/source_sha256_before_build/crates~1pvisor-cluster~1src~1server.rs	string	180285bab22278be56667895278014ae9b658daf3a79e211e7a0f78389921728
/source_sha256_before_build/crates~1pvisor-cluster~1src~1server~1dispatcher.rs	string	d4b26376487d6722faecf280065fba08d893c720627216b19104fa28201a3bd9
/source_sha256_before_build/crates~1pvisor-core~1Cargo.toml	string	5f4a1299b6bf69f05ae1466ea92d9e13bd99dc47e72d6155eeb59a42c65534e9
/source_sha256_before_build/crates~1pvisor-core~1src~1audit.rs	string	f236e4969e03271921c4bd343369f2b680d15d97e6f267c22bbdcd605a9870e4
/source_sha256_before_build/crates~1pvisor-core~1src~1cluster.rs	string	81cfc9e805de9b1c1f96f9200b6f05210bd740746b8aa0ed1c93194827047263
/source_sha256_before_build/crates~1pvisor-core~1src~1cpu.rs	string	e7046424096a033edbe5f9620c0ada4b2a053235fcecb833ecc83d435ab05c6b
/source_sha256_before_build/crates~1pvisor-core~1src~1event.rs	string	731b0ddf10e8560cc5359117e05c14577cce29d10650a089a03a033f8aaddee1
/source_sha256_before_build/crates~1pvisor-core~1src~1execution.rs	string	bf00b14221ac82e8d12dfc7012bf40786468d591bd864235e7f5a9846441f3bc
/source_sha256_before_build/crates~1pvisor-core~1src~1file_access.rs	string	12124a19bc66f8d0b9c5b818fc8774732e528d6507eb019120515594c8b8d094
/source_sha256_before_build/crates~1pvisor-core~1src~1gateway.rs	string	0d3499d1b4c65e94f2bda797b73ce02f1da9c491e2e5afb42b072c0de8f88888
/source_sha256_before_build/crates~1pvisor-core~1src~1lib.rs	string	bad476ccc1e6e1105830b1a60c4dbcb4cf3a28648416b953fe232abdc3ce4de4
/source_sha256_before_build/crates~1pvisor-core~1src~1memory.rs	string	da7722955f11263a68217566861314b89518b0ac679f0a31c4570251427ae8ff
/source_sha256_before_build/crates~1pvisor-core~1src~1network.rs	string	bbfa071ec21fb447cb69986ef59b5ed0bf9f016ef3da52bc17821f7123ac78bf
/source_sha256_before_build/crates~1pvisor-core~1src~1operation.rs	string	2963c5824525fd7f386511e88b48f909e59056dacd0fb78407a0409ece2c22b5
/source_sha256_before_build/crates~1pvisor-core~1src~1overlay.rs	string	c96df9d0cfde1ebe3435705561640a95340807d49c6794ec02010d77649dafad
/source_sha256_before_build/crates~1pvisor-core~1src~1policy.rs	string	0d494ea19167f4d647d14d5295535ee8a0798db9c06c271aeecc7b1be21122c0
/source_sha256_before_build/crates~1pvisor-core~1src~1protocol.rs	string	5b5380c1651aec62e62ceaad93c183a5e8d11bb67e50242f2593002574d9db67
/source_sha256_before_build/crates~1pvisor-core~1src~1session.rs	string	1ee846f69a1bbf669cf26e351f15a9cc22571642f202b8335e9ad34372de4d2d
/source_sha256_before_build/crates~1pvisor-core~1src~1time.rs	string	635eed001d4133f0ee0a245fc1e6f91a8668726f4ad8e7861c038fb1ef410f1a
/source_sha256_before_build/rust-toolchain.toml	string	a6a0bbd29ffaa8182dc22d1d9149709f1091e47df40ed96eb8a78a711c66a4ce
/source_sha256_before_runs	object	-
/source_sha256_before_runs/Cargo.lock	string	f106f13212564230fa065d34fbda9f3ebc0d26b9bb9aa72e14999c17632d257f
/source_sha256_before_runs/Cargo.toml	string	8082895b015ad6a248e6b32fe9a3622ee2504e2855b6d9d2f27329ef6c8698d0
/source_sha256_before_runs/crates~1pvisor-cluster~1Cargo.toml	string	96a0c1543225e89dd149ae366a2b841a7e3ba7e4f74523ae7be55fc85c4e7582
/source_sha256_before_runs/crates~1pvisor-cluster~1examples~1scheduler_load.rs	string	0f12d3f6af592e59400b95e6111acfd0f851bc6be8a8dfebc98bbb37a7d8361c
/source_sha256_before_runs/crates~1pvisor-cluster~1src~1admission.rs	string	cdf2aee7ec0eed605eec934fbf46a58cad62e9b8349c01802fde9abcda569c13
/source_sha256_before_runs/crates~1pvisor-cluster~1src~1artifacts.rs	string	6a895b19c61a1f34a44b9b59a588447c23a89776ad231779ffe8428723f4a1be
/source_sha256_before_runs/crates~1pvisor-cluster~1src~1artifacts~1gc.rs	string	39a2f03df1c4e24deb49a5ff8fa744774f33221bf34b39b1565a01a5fdc87ad8
/source_sha256_before_runs/crates~1pvisor-cluster~1src~1artifacts~1gc~1tests.rs	string	c5dac9914891f79a8f2ff295c677cd22847e4dd692c07dc2e4953d3f56dda47b
/source_sha256_before_runs/crates~1pvisor-cluster~1src~1artifacts~1quota.rs	string	ca6ad4f2a042ff3f28a8e9e1f41b540765cd483db22ef5b87e2a2f5666b06218
/source_sha256_before_runs/crates~1pvisor-cluster~1src~1client.rs	string	237ea857e9f3ee8350f60851f40663cabf0e9957ba78572513aa20d72fcae7a6
/source_sha256_before_runs/crates~1pvisor-cluster~1src~1environment.rs	string	85e22c4d75916cb4e6e17b9d96386309297cdf63782b80fae2766472c3e9e85c
/source_sha256_before_runs/crates~1pvisor-cluster~1src~1journal.rs	string	38534e64fd5fc0d612884c4b9d1e51b8b4d4bc2268080202416d740d29fbf7d4
/source_sha256_before_runs/crates~1pvisor-cluster~1src~1lib.rs	string	ebce003a8095bf5f9d69d9095f05373a07fdebb2378ae6b6897c53769f7d088d
/source_sha256_before_runs/crates~1pvisor-cluster~1src~1main.rs	string	8982c67be14313c8fd722711e235fa9f9ee8f82ddc664c70363b71e1dabda3dd
/source_sha256_before_runs/crates~1pvisor-cluster~1src~1physical_memory.rs	string	5681bed53afbd78e62f294f9a40f47cc895aa860f38601352737a9c29cc46417
/source_sha256_before_runs/crates~1pvisor-cluster~1src~1scheduler.rs	string	88a5981e398cfded8bec2b8ad55e9b8ac261b07a44e6065dcb740477b57f4794
/source_sha256_before_runs/crates~1pvisor-cluster~1src~1scheduler~1graph.rs	string	c321836f7562fab5d54329c4e4a63c6da710c4bf3ee35d0479204791322726fe
/source_sha256_before_runs/crates~1pvisor-cluster~1src~1scheduler~1indexes.rs	string	a716e6b8383e6339bd26cd40a6f1662b9dcfeb3cf1643c684f879c31eb6f0203
/source_sha256_before_runs/crates~1pvisor-cluster~1src~1server.rs	string	180285bab22278be56667895278014ae9b658daf3a79e211e7a0f78389921728
/source_sha256_before_runs/crates~1pvisor-cluster~1src~1server~1dispatcher.rs	string	d4b26376487d6722faecf280065fba08d893c720627216b19104fa28201a3bd9
/source_sha256_before_runs/crates~1pvisor-core~1Cargo.toml	string	5f4a1299b6bf69f05ae1466ea92d9e13bd99dc47e72d6155eeb59a42c65534e9
/source_sha256_before_runs/crates~1pvisor-core~1src~1audit.rs	string	f236e4969e03271921c4bd343369f2b680d15d97e6f267c22bbdcd605a9870e4
/source_sha256_before_runs/crates~1pvisor-core~1src~1cluster.rs	string	81cfc9e805de9b1c1f96f9200b6f05210bd740746b8aa0ed1c93194827047263
/source_sha256_before_runs/crates~1pvisor-core~1src~1cpu.rs	string	e7046424096a033edbe5f9620c0ada4b2a053235fcecb833ecc83d435ab05c6b
/source_sha256_before_runs/crates~1pvisor-core~1src~1event.rs	string	731b0ddf10e8560cc5359117e05c14577cce29d10650a089a03a033f8aaddee1
/source_sha256_before_runs/crates~1pvisor-core~1src~1execution.rs	string	bf00b14221ac82e8d12dfc7012bf40786468d591bd864235e7f5a9846441f3bc
/source_sha256_before_runs/crates~1pvisor-core~1src~1file_access.rs	string	12124a19bc66f8d0b9c5b818fc8774732e528d6507eb019120515594c8b8d094
/source_sha256_before_runs/crates~1pvisor-core~1src~1gateway.rs	string	0d3499d1b4c65e94f2bda797b73ce02f1da9c491e2e5afb42b072c0de8f88888
/source_sha256_before_runs/crates~1pvisor-core~1src~1lib.rs	string	bad476ccc1e6e1105830b1a60c4dbcb4cf3a28648416b953fe232abdc3ce4de4
/source_sha256_before_runs/crates~1pvisor-core~1src~1memory.rs	string	da7722955f11263a68217566861314b89518b0ac679f0a31c4570251427ae8ff
/source_sha256_before_runs/crates~1pvisor-core~1src~1network.rs	string	bbfa071ec21fb447cb69986ef59b5ed0bf9f016ef3da52bc17821f7123ac78bf
/source_sha256_before_runs/crates~1pvisor-core~1src~1operation.rs	string	2963c5824525fd7f386511e88b48f909e59056dacd0fb78407a0409ece2c22b5
/source_sha256_before_runs/crates~1pvisor-core~1src~1overlay.rs	string	c96df9d0cfde1ebe3435705561640a95340807d49c6794ec02010d77649dafad
/source_sha256_before_runs/crates~1pvisor-core~1src~1policy.rs	string	0d494ea19167f4d647d14d5295535ee8a0798db9c06c271aeecc7b1be21122c0
/source_sha256_before_runs/crates~1pvisor-core~1src~1protocol.rs	string	5b5380c1651aec62e62ceaad93c183a5e8d11bb67e50242f2593002574d9db67
/source_sha256_before_runs/crates~1pvisor-core~1src~1session.rs	string	1ee846f69a1bbf669cf26e351f15a9cc22571642f202b8335e9ad34372de4d2d
/source_sha256_before_runs/crates~1pvisor-core~1src~1time.rs	string	635eed001d4133f0ee0a245fc1e6f91a8668726f4ad8e7861c038fb1ef410f1a
/source_sha256_before_runs/rust-toolchain.toml	string	a6a0bbd29ffaa8182dc22d1d9149709f1091e47df40ed96eb8a78a711c66a4ce
/sources_unchanged_during_build	boolean	true
/sources_unchanged_during_runs	boolean	true
