benchmark,batch,mode,condition,metric,unit,samples_per_arm,failures,excluded_slow_samples,baseline_distribution,baseline_high_n,baseline_high_p50,baseline_low_n,baseline_low_p50,baseline_maximum,baseline_minimum,baseline_n,baseline_p50,baseline_p95_reference,candidate_distribution,candidate_high_n,candidate_high_p50,candidate_low_n,candidate_low_p50,candidate_maximum,candidate_minimum,candidate_n,candidate_p50,candidate_p95_reference,percent_change,ci95_percent_low,ci95_percent_high,median_difference_ms,ci95_difference_low_ms,ci95_difference_high_ms,report_sha256,bootstrap
B-FS-ENG,read-formal-20261010,reads,nojournal,open_ms,ms,30,0,0,unsplit,,,,,1467.6001670304686,727.9673750163056,30,784.6023124875501,950.3094731189776,unsplit,,,,,2.0554999937303364,1.167292008176446,30,1.576833485160023,1.9665085535962135,-99.79902767809074,-99.81675234968277,-99.78187322877787,-783.0254790023901,-793.8365415029693,-772.1069794788491,e572ec69552e15688b3307d0d745d62fab17cb602c61243d4c5f1dcc8d175ec0,5000 paired-round resamples; seed=4207
B-FS-ENG,read-formal-20261010,reads,nojournal,open_complete_ms,ms,30,0,0,unsplit,,,,,1468.5537079931237,728.8003340363503,30,785.6761250004638,951.3767916854704,unsplit,,,,,3.0296669574454427,1.6788339708000422,30,2.2468749957624823,2.679954335326329,-99.71402020192976,-99.73612596711502,-99.69670926052945,-783.4292500047013,-794.0954170189798,-772.2922500106506,e572ec69552e15688b3307d0d745d62fab17cb602c61243d4c5f1dcc8d175ec0,5000 paired-round resamples; seed=4207
B-FS-ENG,read-formal-20261010,reads,nojournal,read_ms,ms,30,0,0,unsplit,,,,,1467.5941249588504,728.0374999972992,30,784.5969375048298,950.3548499749741,unsplit,,,,,0.7355830166488886,0.3607079852372408,30,0.5213750118855387,0.72110828186851,-99.93354868124472,-99.93638603700258,-99.92703108163721,-784.0755624929443,-794.8402499896474,-770.0029794941656,e572ec69552e15688b3307d0d745d62fab17cb602c61243d4c5f1dcc8d175ec0,5000 paired-round resamples; seed=4207
B-FS-ENG,read-formal-20261010,reads,nojournal,opendir_ms,ms,30,0,0,unsplit,,,,,1475.5269159795716,734.0120829758234,30,791.558166500181,957.3525714979041,unsplit,,,,,8.624417008832097,5.774791003204882,30,6.91893749171868,7.8491248248610646,-99.12590915177968,-99.19034255283533,-99.07428796449891,-784.6392290084623,-796.1403124791104,-769.7398550517391,e572ec69552e15688b3307d0d745d62fab17cb602c61243d4c5f1dcc8d175ec0,5000 paired-round resamples; seed=4207
B-FS-ENG,read-formal-20261010,reads,nojournal,idle_open_ms,ms,30,0,0,unsplit,,,,,8.858042012434453,1.3563329703174531,30,1.9793754909187555,3.313037345651537,unsplit,,,,,3.896458016242832,1.2366669834591448,30,2.2158960055094212,2.803768770536408,11.949249431237586,-2.2766008540052396,20.597797709589962,0.2365205145906657,-0.0468534417450428,0.401749974116683,e572ec69552e15688b3307d0d745d62fab17cb602c61243d4c5f1dcc8d175ec0,5000 paired-round resamples; seed=4207
B-FS-ENG,read-formal-20261010,reads,nojournal,idle_open_complete_ms,ms,30,0,0,unsplit,,,,,9.896000032313168,1.9259999971836805,30,3.064186981646344,4.434341986780055,unsplit,,,,,5.184125038795173,1.7114590154960752,30,3.363395982887596,4.02716686076019,9.764710934203213,-4.422795895504739,20.066967555659332,0.2992090012412518,-0.15222898218780756,0.5729374825023115,e572ec69552e15688b3307d0d745d62fab17cb602c61243d4c5f1dcc8d175ec0,5000 paired-round resamples; seed=4207
B-FS-ENG,read-formal-20261010,reads,nojournal,idle_read_ms,ms,30,0,0,unsplit,,,,,0.9218340273946524,0.42150000808760524,30,0.6724790146108717,0.8842267328873277,unsplit,,,,,1.0244580334983766,0.43766701128333807,30,0.7467709947377443,0.9546792134642601,11.047479328386412,-9.681196863024189,23.15627781216896,0.07429198012687266,-0.06581255001947284,0.14406247646547854,e572ec69552e15688b3307d0d745d62fab17cb602c61243d4c5f1dcc8d175ec0,5000 paired-round resamples; seed=4207
B-FS-ENG,read-formal-20261010,reads,nojournal,idle_opendir_ms,ms,30,0,0,unsplit,,,,,14.119667001068592,5.843000020831823,30,8.688895497471094,13.98289187636692,unsplit,,,,,14.713207958266139,5.559374985750765,30,10.010457976022735,13.021998229669407,15.209786778265233,-7.5136188921661855,26.71938430162628,1.321562478551641,-0.7691250357311219,2.1843129652552307,e572ec69552e15688b3307d0d745d62fab17cb602c61243d4c5f1dcc8d175ec0,5000 paired-round resamples; seed=4207
B-FS-ENG,read-formal-20261010,reads,nojournal,writable_open_ms,ms,30,0,0,unsplit,,,,,1469.6194999851286,730.0400409731083,30,788.512979488587,952.5587270618416,unsplit,,,,,4636.813291988801,710.722749994602,30,789.5954585110303,3166.8974856351274,0.13728106582917565,-1.7803175611326383,2.7758275132282684,1.0824790224432945,-14.134833501884714,21.44658350152895,e572ec69552e15688b3307d0d745d62fab17cb602c61243d4c5f1dcc8d175ec0,5000 paired-round resamples; seed=4207
B-FS-ENG,read-formal-20261010,reads,legacy,open_ms,ms,30,0,0,unsplit,,,,,4079.3276660260744,740.7681670156308,30,797.213895508321,3205.285191591247,unsplit,,,,,3.9670830010436475,2.7496250113472342,30,3.171958029270172,3.6743526259670034,-99.60211957579494,-99.6123422023328,-99.57909025695338,-794.0419374790508,-806.7137919424567,-781.1695204873104,e572ec69552e15688b3307d0d745d62fab17cb602c61243d4c5f1dcc8d175ec0,5000 paired-round resamples; seed=4207
B-FS-ENG,read-formal-20261010,reads,legacy,open_complete_ms,ms,30,0,0,unsplit,,,,,4080.268750025425,741.74700002186,30,798.079416010296,3206.24652254628,unsplit,,,,,4.941958002746105,3.4635409829206765,30,4.113770497497171,4.700891155516729,-99.48454121043963,-99.50463951139422,-99.4540087594658,-793.9656455127988,-806.8653954542242,-781.2600409670267,e572ec69552e15688b3307d0d745d62fab17cb602c61243d4c5f1dcc8d175ec0,5000 paired-round resamples; seed=4207
B-FS-ENG,read-formal-20261010,reads,legacy,read_ms,ms,30,0,0,unsplit,,,,,4079.449167009443,740.9073750022799,30,797.4235625006258,3205.3679455042584,unsplit,,,,,1.3484999653883278,0.6014580139890313,30,0.9599165059626102,1.2668725394178182,-99.87962275619842,-99.90923663145915,-99.86022054204186,-796.4636459946632,-809.3296039733104,-783.6247090017423,e572ec69552e15688b3307d0d745d62fab17cb602c61243d4c5f1dcc8d175ec0,5000 paired-round resamples; seed=4207
B-FS-ENG,read-formal-20261010,reads,legacy,opendir_ms,ms,30,0,0,unsplit,,,,,4086.193875002209,748.3972500194795,30,804.0333125100005,3211.8898859334877,unsplit,,,,,11.42004202120006,9.477083978708833,30,10.292229504557326,11.231884008157067,-98.7199249901192,-98.75821953502975,-98.69517080959629,-793.7410830054432,-806.5722915052902,-780.7135004841257,e572ec69552e15688b3307d0d745d62fab17cb602c61243d4c5f1dcc8d175ec0,5000 paired-round resamples; seed=4207
B-FS-ENG,read-formal-20261010,reads,legacy,idle_open_ms,ms,30,0,0,unsplit,,,,,5.049208994023502,1.8661249778233469,30,3.0317084747366607,4.967633690102957,unsplit,,,,,4.629125003702939,1.9340830040164292,30,2.9050830053165555,4.360628966242075,-4.176703349787092,-21.485888746623083,10.281873806672138,-0.12662546942010522,-0.7467505347449332,0.2952289942186326,e572ec69552e15688b3307d0d745d62fab17cb602c61243d4c5f1dcc8d175ec0,5000 paired-round resamples; seed=4207
B-FS-ENG,read-formal-20261010,reads,legacy,idle_open_complete_ms,ms,30,0,0,unsplit,,,,,6.605250004213303,2.7859589899890125,30,4.162375000305474,6.209821350057609,unsplit,,,,,6.180915981531143,2.647208049893379,30,3.8770829851273447,6.136547855567187,-6.85406805386809,-20.864950837115526,8.549011515896442,-0.2852920151781291,-0.9798755054362118,0.34118699841201305,e572ec69552e15688b3307d0d745d62fab17cb602c61243d4c5f1dcc8d175ec0,5000 paired-round resamples; seed=4207
B-FS-ENG,read-formal-20261010,reads,legacy,idle_read_ms,ms,30,0,0,unsplit,,,,,1.1060829856432974,0.5411250167526305,30,0.7092915184330195,0.9133918560110033,unsplit,,,,,1.4371249708347023,0.5126659525558352,30,0.6742085097357631,0.898106096428819,-4.946204456915337,-15.832598681641096,12.948118756594805,-0.035083008697256446,-0.11649902444332838,0.09027001215144992,e572ec69552e15688b3307d0d745d62fab17cb602c61243d4c5f1dcc8d175ec0,5000 paired-round resamples; seed=4207
B-FS-ENG,read-formal-20261010,reads,legacy,idle_opendir_ms,ms,30,0,0,unsplit,,,,,16.912708000745624,8.036916027776897,30,11.7271039634943,14.228056548745371,unsplit,,,,,17.391290981322527,7.9338340437971056,30,10.882042028242722,15.272968751378357,-7.206058186933451,-20.18965769559886,13.147177778689656,-0.8450619352515787,-2.5633335462771356,1.3787500502076,e572ec69552e15688b3307d0d745d62fab17cb602c61243d4c5f1dcc8d175ec0,5000 paired-round resamples; seed=4207
B-FS-ENG,read-formal-20261010,reads,legacy,writable_open_ms,ms,30,0,0,unsplit,,,,,4563.512124994304,1199.5800000149757,30,1267.0146664895583,3683.37038923637,unsplit,,,,,4630.5608749971725,1225.7922500139102,30,1267.3787495004945,1427.1339498605812,0.028735500903476208,-1.830411000342702,0.9592807960373539,0.3640830109361559,-23.540854483144358,12.134188000345603,e572ec69552e15688b3307d0d745d62fab17cb602c61243d4c5f1dcc8d175ec0,5000 paired-round resamples; seed=4207
B-FS-ENG,read-formal-20261010,reads,compact,open_ms,ms,30,0,0,separated-clusters,5,2340.5992499901913,25,800.2748750150204,3229.997333022766,747.9514590231702,30,,2563.812739399146,unsplit,,,,,3.2600420527160168,1.7667919746600091,30,2.2190835152287036,2.848921046825126,,,,,,,e572ec69552e15688b3307d0d745d62fab17cb602c61243d4c5f1dcc8d175ec0,5000 paired-round resamples; seed=4207
B-FS-ENG,read-formal-20261010,reads,compact,open_complete_ms,ms,30,0,0,separated-clusters,5,2341.4492500014603,25,801.4073329977691,3230.9647499932908,749.0443339920603,30,,2564.807000002475,unsplit,,,,,5.438917025458068,2.40358297014609,30,3.0509585049003363,3.6029980692546815,,,,,,,e572ec69552e15688b3307d0d745d62fab17cb602c61243d4c5f1dcc8d175ec0,5000 paired-round resamples; seed=4207
B-FS-ENG,read-formal-20261010,reads,compact,read_ms,ms,30,0,0,separated-clusters,5,2340.716542035807,25,800.485708983615,3230.1703749690205,748.2522919890471,30,,2563.9766208012593,unsplit,,,,,1.1305000516586006,0.5438329535536468,30,0.7603749982081354,1.079644073615782,,,,,,,e572ec69552e15688b3307d0d745d62fab17cb602c61243d4c5f1dcc8d175ec0,5000 paired-round resamples; seed=4207
B-FS-ENG,read-formal-20261010,reads,compact,opendir_ms,ms,30,0,0,separated-clusters,5,2347.781958000269,25,807.1369589888491,3236.994833976496,755.115499952808,30,,2570.192906109151,unsplit,,,,,11.764166003558785,8.47029103897512,30,9.737082989886403,10.700504359556362,,,,,,,e572ec69552e15688b3307d0d745d62fab17cb602c61243d4c5f1dcc8d175ec0,5000 paired-round resamples; seed=4207
B-FS-ENG,read-formal-20261010,reads,compact,idle_open_ms,ms,30,0,0,unsplit,,,,,4.535374988336116,1.463791006244719,30,2.207520476076752,3.1118975195568055,unsplit,,,,,10.741165955550969,1.6459159669466317,30,2.254374965559691,3.077929187566042,2.122493992273622,-12.739470765315774,18.717609309564942,0.04685448948293924,-0.31593802850693464,0.39616605499759316,e572ec69552e15688b3307d0d745d62fab17cb602c61243d4c5f1dcc8d175ec0,5000 paired-round resamples; seed=4207
B-FS-ENG,read-formal-20261010,reads,compact,idle_open_complete_ms,ms,30,0,0,unsplit,,,,,6.500458985101432,2.3755410220474005,30,3.3054789819289,5.548160921898671,unsplit,,,,,11.475832958240062,2.276624960359186,30,3.5406039969529957,5.324424992431887,7.113190442581163,-6.380163039835507,20.300573018660995,0.23512501502409577,-0.22566696861758828,0.6431675574276596,e572ec69552e15688b3307d0d745d62fab17cb602c61243d4c5f1dcc8d175ec0,5000 paired-round resamples; seed=4207
B-FS-ENG,read-formal-20261010,reads,compact,idle_read_ms,ms,30,0,0,unsplit,,,,,1.8350000027567148,0.484999967738986,30,0.70477050030604,1.1332250287523493,unsplit,,,,,1.599457988049835,0.5460829706862569,30,0.6993120186962187,1.0646562412148342,-0.7745048363192009,-11.945557375284055,16.193849762775624,-0.00545848160982132,-0.09214604506269097,0.10735500836744905,e572ec69552e15688b3307d0d745d62fab17cb602c61243d4c5f1dcc8d175ec0,5000 paired-round resamples; seed=4207
B-FS-ENG,read-formal-20261010,reads,compact,idle_opendir_ms,ms,30,0,0,unsplit,,,,,13.834165991283953,7.464417023584247,30,10.807042010128498,13.161814393242821,unsplit,,,,,13.926875020843,7.543832994997501,30,10.611874982714653,12.461610906757414,-1.805924574281581,-15.271794499301706,12.826513400154372,-0.19516702741384506,-1.6715420060791075,1.2616039894055575,e572ec69552e15688b3307d0d745d62fab17cb602c61243d4c5f1dcc8d175ec0,5000 paired-round resamples; seed=4207
B-FS-ENG,read-formal-20261010,reads,compact,writable_open_ms,ms,30,0,0,unsplit,,,,,3701.6902919858694,1206.1046250164509,30,1275.5105630203616,3025.0988392363074,unsplit,,,,,1450.9638330200687,1200.4248749581166,30,1251.4398540079128,1362.5303499953588,-1.8871430555189028,-3.126423601885342,-0.4510966465714472,-24.070709012448788,-40.43987503973767,-5.648437014315277,e572ec69552e15688b3307d0d745d62fab17cb602c61243d4c5f1dcc8d175ec0,5000 paired-round resamples; seed=4207
