batch,benchmark,unit,condition,distribution,high_n,high_p50,low_n,low_p50,maximum,minimum,n,p50,p95_reference,workload,cache_on_change_percent,ci95_low_percent,ci95_high_percent
immutable-cache-timing-20261007,B-FS-ENG,ms,native,unsplit,,,,,10.018905,8.87609,30,9.344683,9.72645045,hot,,,
immutable-cache-timing-20261007,B-FS-ENG,ms,mutable,unsplit,,,,,146.67902999999998,136.70442699999998,30,140.008377,142.44555045,hot,,,
immutable-cache-timing-20261007,B-FS-ENG,ms,immutable-cache-off,unsplit,,,,,142.731639,138.370896,30,140.8627215,142.2183981,hot,,,
immutable-cache-timing-20261007,B-FS-ENG,ms,immutable-cache-on,unsplit,,,,,106.58818000000001,101.278651,30,103.96060599999998,105.81553075,hot,-26.19721890010481,-26.554129302414342,-25.791131115284493
immutable-cache-timing-20261007,B-FS-ENG,ms,native,unsplit,,,,,14.138935,11.657534,30,13.555094500000001,13.8930183,ttl,,,
immutable-cache-timing-20261007,B-FS-ENG,ms,mutable,unsplit,,,,,163.35644,141.50041099999999,30,150.561392,157.21405195,ttl,,,
immutable-cache-timing-20261007,B-FS-ENG,ms,immutable-cache-off,unsplit,,,,,156.600306,144.78586199999998,30,147.7111415,155.33600275,ttl,,,
immutable-cache-timing-20261007,B-FS-ENG,ms,immutable-cache-on,unsplit,,,,,120.582528,104.865157,30,112.4739235,120.41871425,ttl,-23.855490954959546,-25.441213060888725,-22.43960416941544
immutable-cache-timing-20261007,B-FS-ENG,ms,native,unsplit,,,,,4.452462,3.063523,30,3.3577595000000002,4.24109875,readsearch,,,
immutable-cache-timing-20261007,B-FS-ENG,ms,mutable,unsplit,,,,,71.59442100000001,67.10893800000001,30,69.71876599999999,71.22972585,readsearch,,,
immutable-cache-timing-20261007,B-FS-ENG,ms,immutable-cache-off,unsplit,,,,,72.56628099999999,68.791387,30,70.30806100000001,72.50617885,readsearch,,,
immutable-cache-timing-20261007,B-FS-ENG,ms,immutable-cache-on,unsplit,,,,,55.571205,51.173604999999995,30,52.8047845,54.26801765,readsearch,-24.895120489811273,-25.475281916217817,-24.21911891214207
immutable-cache-timing-20261007,B-FS-ENG,ms,native,unsplit,,,,,23.003775,17.478446,30,19.8074415,22.786136499999998,tools,,,
immutable-cache-timing-20261007,B-FS-ENG,ms,mutable,unsplit,,,,,212.504945,196.77191399999998,30,202.210422,205.82410629999998,tools,,,
immutable-cache-timing-20261007,B-FS-ENG,ms,immutable-cache-off,unsplit,,,,,210.19127300000002,199.44404600000001,30,203.42674749999998,207.8359677,tools,,,
immutable-cache-timing-20261007,B-FS-ENG,ms,immutable-cache-on,unsplit,,,,,159.357424,149.37931400000002,30,154.5452655,158.3010463,tools,-24.029033841776382,-24.69385015784735,-22.979258635746458
immutable-cache-timing-20261007,B-FS-ENG,ms,native,unsplit,,,,,24.88371700019343,18.515966999984812,30,22.655632499663625,24.745075799182814,whole-tools,,,
immutable-cache-timing-20261007,B-FS-ENG,ms,mutable,unsplit,,,,,215.20790399881662,206.8015490003745,30,210.7590439991327,214.80737010024313,whole-tools,,,
immutable-cache-timing-20261007,B-FS-ENG,ms,immutable-cache-off,unsplit,,,,,215.27925499867706,207.48150200051896,30,210.4865425008029,214.17052689967022,whole-tools,,,
immutable-cache-timing-20261007,B-FS-ENG,ms,immutable-cache-on,unsplit,,,,,178.33466200136172,165.83005699976638,30,169.28124999958527,174.4815195997944,whole-tools,-19.576212337214127,-20.435770967984567,-19.10285279963384
