cohort,benchmark,cache,variant,metric,unit,n,p50,p95_reference,minimum,maximum,distribution,low_n,low_p50,high_n,high_p50,delta_pages_minus_rpc,ci95_low,ci95_high,source_report_sha256
lazy-index-pages-formal-20261009-2,B-LAZY-ENG,cold,rpc,completion_ms,ms,30,823.5985539999999,992.4871496,762.492021,1248.430899,unsplit,,,,,-8.495039499999848,-109.34746599999994,20.167703550000034,517ee5d3966b6fd18b8a19f188034358b68558aaf8925565097039cd8fc008b7
lazy-index-pages-formal-20261009-2,B-LAZY-ENG,cold,pages,completion_ms,ms,30,815.1035145000001,1034.1388849,784.43878,1185.683795,unsplit,,,,,-8.495039499999848,-109.34746599999994,20.167703550000034,517ee5d3966b6fd18b8a19f188034358b68558aaf8925565097039cd8fc008b7
lazy-index-pages-formal-20261009-2,B-LAZY-ENG,cold,rpc,connections,count,30,2.0,2.0,2,2,unsplit,,,,,0.0,0.0,0.0,517ee5d3966b6fd18b8a19f188034358b68558aaf8925565097039cd8fc008b7
lazy-index-pages-formal-20261009-2,B-LAZY-ENG,cold,pages,connections,count,30,2.0,2.0,2,2,unsplit,,,,,0.0,0.0,0.0,517ee5d3966b6fd18b8a19f188034358b68558aaf8925565097039cd8fc008b7
lazy-index-pages-formal-20261009-2,B-LAZY-ENG,cold,rpc,content_bytes,bytes,30,36951980.0,36951980.0,36951980,36951980,unsplit,,,,,0.0,0.0,0.0,517ee5d3966b6fd18b8a19f188034358b68558aaf8925565097039cd8fc008b7
lazy-index-pages-formal-20261009-2,B-LAZY-ENG,cold,pages,content_bytes,bytes,30,36951980.0,36951980.0,36951980,36951980,unsplit,,,,,0.0,0.0,0.0,517ee5d3966b6fd18b8a19f188034358b68558aaf8925565097039cd8fc008b7
lazy-index-pages-formal-20261009-2,B-LAZY-ENG,cold,rpc,metadata_bytes,bytes,30,0.0,0.0,0,0,unsplit,,,,,3085982.0,3085982.0,3085982.0,517ee5d3966b6fd18b8a19f188034358b68558aaf8925565097039cd8fc008b7
lazy-index-pages-formal-20261009-2,B-LAZY-ENG,cold,pages,metadata_bytes,bytes,30,3085982.0,3085982.0,3085982,3085982,unsplit,,,,,3085982.0,3085982.0,3085982.0,517ee5d3966b6fd18b8a19f188034358b68558aaf8925565097039cd8fc008b7
lazy-index-pages-formal-20261009-2,B-LAZY-ENG,cold,rpc,ready_ms,ms,30,686.324878,832.4186634,639.174886,1092.647187,unsplit,,,,,-7.00287000000003,-81.52163800000005,20.74558300000001,517ee5d3966b6fd18b8a19f188034358b68558aaf8925565097039cd8fc008b7
lazy-index-pages-formal-20261009-2,B-LAZY-ENG,cold,pages,ready_ms,ms,30,679.322008,854.0951270500001,667.86128,987.260165,unsplit,,,,,-7.00287000000003,-81.52163800000005,20.74558300000001,517ee5d3966b6fd18b8a19f188034358b68558aaf8925565097039cd8fc008b7
lazy-index-pages-formal-20261009-2,B-LAZY-ENG,cold,rpc,requests,count,30,296.0,296.0,296,296,unsplit,,,,,-62.0,-62.0,-62.0,517ee5d3966b6fd18b8a19f188034358b68558aaf8925565097039cd8fc008b7
lazy-index-pages-formal-20261009-2,B-LAZY-ENG,cold,pages,requests,count,30,234.0,234.0,234,234,unsplit,,,,,-62.0,-62.0,-62.0,517ee5d3966b6fd18b8a19f188034358b68558aaf8925565097039cd8fc008b7
lazy-index-pages-formal-20261009-2,B-LAZY-ENG,cold,rpc,response_bytes,bytes,30,37239665.0,37239665.0,37239665,37239665,unsplit,,,,,2826282.0,2826282.0,2826282.0,517ee5d3966b6fd18b8a19f188034358b68558aaf8925565097039cd8fc008b7
lazy-index-pages-formal-20261009-2,B-LAZY-ENG,cold,pages,response_bytes,bytes,30,40065947.0,40065947.0,40065947,40065947,unsplit,,,,,2826282.0,2826282.0,2826282.0,517ee5d3966b6fd18b8a19f188034358b68558aaf8925565097039cd8fc008b7
lazy-index-pages-formal-20261009-2,B-LAZY-ENG,warm,rpc,completion_ms,ms,30,581.8778005,658.09820645,561.316908,672.612915,unsplit,,,,,-1.864202999999975,-19.86151749999999,-0.14957399999991594,517ee5d3966b6fd18b8a19f188034358b68558aaf8925565097039cd8fc008b7
lazy-index-pages-formal-20261009-2,B-LAZY-ENG,warm,pages,completion_ms,ms,30,580.0135975000001,616.5401115,539.014164,638.803813,unsplit,,,,,-1.864202999999975,-19.86151749999999,-0.14957399999991594,517ee5d3966b6fd18b8a19f188034358b68558aaf8925565097039cd8fc008b7
lazy-index-pages-formal-20261009-2,B-LAZY-ENG,warm,rpc,connections,count,30,1.0,1.0,1,1,unsplit,,,,,0.0,0.0,0.0,517ee5d3966b6fd18b8a19f188034358b68558aaf8925565097039cd8fc008b7
lazy-index-pages-formal-20261009-2,B-LAZY-ENG,warm,pages,connections,count,30,1.0,1.0,1,1,unsplit,,,,,0.0,0.0,0.0,517ee5d3966b6fd18b8a19f188034358b68558aaf8925565097039cd8fc008b7
lazy-index-pages-formal-20261009-2,B-LAZY-ENG,warm,rpc,content_bytes,bytes,30,0.0,0.0,0,0,unsplit,,,,,0.0,0.0,0.0,517ee5d3966b6fd18b8a19f188034358b68558aaf8925565097039cd8fc008b7
lazy-index-pages-formal-20261009-2,B-LAZY-ENG,warm,pages,content_bytes,bytes,30,0.0,0.0,0,0,unsplit,,,,,0.0,0.0,0.0,517ee5d3966b6fd18b8a19f188034358b68558aaf8925565097039cd8fc008b7
lazy-index-pages-formal-20261009-2,B-LAZY-ENG,warm,rpc,metadata_bytes,bytes,30,0.0,0.0,0,0,unsplit,,,,,0.0,0.0,0.0,517ee5d3966b6fd18b8a19f188034358b68558aaf8925565097039cd8fc008b7
lazy-index-pages-formal-20261009-2,B-LAZY-ENG,warm,pages,metadata_bytes,bytes,30,0.0,0.0,0,0,unsplit,,,,,0.0,0.0,0.0,517ee5d3966b6fd18b8a19f188034358b68558aaf8925565097039cd8fc008b7
lazy-index-pages-formal-20261009-2,B-LAZY-ENG,warm,rpc,ready_ms,ms,30,446.61029299999996,477.6249286,438.134223,481.083117,unsplit,,,,,-9.72279599999996,-12.8025849625,-6.923616275000036,517ee5d3966b6fd18b8a19f188034358b68558aaf8925565097039cd8fc008b7
lazy-index-pages-formal-20261009-2,B-LAZY-ENG,warm,pages,ready_ms,ms,30,436.887497,459.99076295,400.021351,475.772518,unsplit,,,,,-9.72279599999996,-12.8025849625,-6.923616275000036,517ee5d3966b6fd18b8a19f188034358b68558aaf8925565097039cd8fc008b7
lazy-index-pages-formal-20261009-2,B-LAZY-ENG,warm,rpc,requests,count,30,4.0,4.0,4,4,unsplit,,,,,0.0,0.0,0.0,517ee5d3966b6fd18b8a19f188034358b68558aaf8925565097039cd8fc008b7
lazy-index-pages-formal-20261009-2,B-LAZY-ENG,warm,pages,requests,count,30,4.0,4.0,4,4,unsplit,,,,,0.0,0.0,0.0,517ee5d3966b6fd18b8a19f188034358b68558aaf8925565097039cd8fc008b7
lazy-index-pages-formal-20261009-2,B-LAZY-ENG,warm,rpc,response_bytes,bytes,30,816.0,816.0,816,816,unsplit,,,,,0.0,0.0,0.0,517ee5d3966b6fd18b8a19f188034358b68558aaf8925565097039cd8fc008b7
lazy-index-pages-formal-20261009-2,B-LAZY-ENG,warm,pages,response_bytes,bytes,30,816.0,816.0,816,816,unsplit,,,,,0.0,0.0,0.0,517ee5d3966b6fd18b8a19f188034358b68558aaf8925565097039cd8fc008b7
