cohort,benchmark,cache,variant,metric,unit,n,p50,p95_reference,minimum,maximum,distribution,low_n,low_p50,high_n,high_p50,delta_v2_minus_v1,ci95_low,ci95_high,source_report_sha256
lazy-image-v2-formal-20261008,B-LAZY-ENG,cold,v1,completion_ms,ms,30,1178.920214,1460.4684661000001,1117.690142,1855.754755,unsplit,,,,,-172.31268999999998,-181.58408413750004,-153.37305477500007,df01c5322c9394f66bd0f76c0a721b35e4a1c2e80d036fe7dce6afcb0d5b1ee3
lazy-image-v2-formal-20261008,B-LAZY-ENG,cold,v2,completion_ms,ms,30,1006.607524,1215.9309388000001,965.988365,1333.761088,unsplit,,,,,-172.31268999999998,-181.58408413750004,-153.37305477500007,df01c5322c9394f66bd0f76c0a721b35e4a1c2e80d036fe7dce6afcb0d5b1ee3
lazy-image-v2-formal-20261008,B-LAZY-ENG,cold,v1,connections,count,30,453.0,453.0,453,453,unsplit,,,,,-451.0,-451.0,-451.0,df01c5322c9394f66bd0f76c0a721b35e4a1c2e80d036fe7dce6afcb0d5b1ee3
lazy-image-v2-formal-20261008,B-LAZY-ENG,cold,v2,connections,count,30,2.0,2.0,2,3,unsplit,,,,,-451.0,-451.0,-451.0,df01c5322c9394f66bd0f76c0a721b35e4a1c2e80d036fe7dce6afcb0d5b1ee3
lazy-image-v2-formal-20261008,B-LAZY-ENG,cold,v1,content_bytes,bytes,30,36951980.0,36951980.0,36951980,36951980,unsplit,,,,,0.0,0.0,0.0,df01c5322c9394f66bd0f76c0a721b35e4a1c2e80d036fe7dce6afcb0d5b1ee3
lazy-image-v2-formal-20261008,B-LAZY-ENG,cold,v2,content_bytes,bytes,30,36951980.0,36951980.0,36951980,36951980,unsplit,,,,,0.0,0.0,0.0,df01c5322c9394f66bd0f76c0a721b35e4a1c2e80d036fe7dce6afcb0d5b1ee3
lazy-image-v2-formal-20261008,B-LAZY-ENG,cold,v1,ready_ms,ms,30,1030.7623555,1321.5615639500002,987.417871,1428.070118,unsplit,,,,,-168.65014900000006,-179.8047919999999,-158.07890990000004,df01c5322c9394f66bd0f76c0a721b35e4a1c2e80d036fe7dce6afcb0d5b1ee3
lazy-image-v2-formal-20261008,B-LAZY-ENG,cold,v2,ready_ms,ms,30,862.1122065,1007.87733355,837.090832,1180.69987,unsplit,,,,,-168.65014900000006,-179.8047919999999,-158.07890990000004,df01c5322c9394f66bd0f76c0a721b35e4a1c2e80d036fe7dce6afcb0d5b1ee3
lazy-image-v2-formal-20261008,B-LAZY-ENG,cold,v1,requests,count,30,453.0,453.0,453,453,unsplit,,,,,-157.0,-157.0,-157.0,df01c5322c9394f66bd0f76c0a721b35e4a1c2e80d036fe7dce6afcb0d5b1ee3
lazy-image-v2-formal-20261008,B-LAZY-ENG,cold,v2,requests,count,30,296.0,296.0,296,298,unsplit,,,,,-157.0,-157.0,-157.0,df01c5322c9394f66bd0f76c0a721b35e4a1c2e80d036fe7dce6afcb0d5b1ee3
lazy-image-v2-formal-20261008,B-LAZY-ENG,cold,v1,response_bytes,bytes,30,37153682.0,37153682.0,37153682,37153682,unsplit,,,,,85961.0,85961.0,85961.0,df01c5322c9394f66bd0f76c0a721b35e4a1c2e80d036fe7dce6afcb0d5b1ee3
lazy-image-v2-formal-20261008,B-LAZY-ENG,cold,v2,response_bytes,bytes,30,37239643.0,37239643.0,37239643,37239687,unsplit,,,,,85961.0,85961.0,85961.0,df01c5322c9394f66bd0f76c0a721b35e4a1c2e80d036fe7dce6afcb0d5b1ee3
lazy-image-v2-formal-20261008,B-LAZY-ENG,warm,v1,completion_ms,ms,30,583.1348545,644.1498697,559.767888,664.041611,unsplit,,,,,-0.08303999999998268,-9.085339675000048,1.2273535000000493,df01c5322c9394f66bd0f76c0a721b35e4a1c2e80d036fe7dce6afcb0d5b1ee3
lazy-image-v2-formal-20261008,B-LAZY-ENG,warm,v2,completion_ms,ms,30,583.0518145,661.39797065,561.725641,734.287224,unsplit,,,,,-0.08303999999998268,-9.085339675000048,1.2273535000000493,df01c5322c9394f66bd0f76c0a721b35e4a1c2e80d036fe7dce6afcb0d5b1ee3
lazy-image-v2-formal-20261008,B-LAZY-ENG,warm,v1,connections,count,30,2.0,2.0,2,2,unsplit,,,,,-1.0,-1.0,-1.0,df01c5322c9394f66bd0f76c0a721b35e4a1c2e80d036fe7dce6afcb0d5b1ee3
lazy-image-v2-formal-20261008,B-LAZY-ENG,warm,v2,connections,count,30,1.0,1.0,1,1,unsplit,,,,,-1.0,-1.0,-1.0,df01c5322c9394f66bd0f76c0a721b35e4a1c2e80d036fe7dce6afcb0d5b1ee3
lazy-image-v2-formal-20261008,B-LAZY-ENG,warm,v1,content_bytes,bytes,30,0.0,0.0,0,0,unsplit,,,,,0.0,0.0,0.0,df01c5322c9394f66bd0f76c0a721b35e4a1c2e80d036fe7dce6afcb0d5b1ee3
lazy-image-v2-formal-20261008,B-LAZY-ENG,warm,v2,content_bytes,bytes,30,0.0,0.0,0,0,unsplit,,,,,0.0,0.0,0.0,df01c5322c9394f66bd0f76c0a721b35e4a1c2e80d036fe7dce6afcb0d5b1ee3
lazy-image-v2-formal-20261008,B-LAZY-ENG,warm,v1,ready_ms,ms,30,448.60725,476.71818665,438.759525,497.335133,unsplit,,,,,-1.6446605000000432,-4.0611562624999475,0.725689999999986,df01c5322c9394f66bd0f76c0a721b35e4a1c2e80d036fe7dce6afcb0d5b1ee3
lazy-image-v2-formal-20261008,B-LAZY-ENG,warm,v2,ready_ms,ms,30,446.9625895,463.30672165,441.441205,469.554729,unsplit,,,,,-1.6446605000000432,-4.0611562624999475,0.725689999999986,df01c5322c9394f66bd0f76c0a721b35e4a1c2e80d036fe7dce6afcb0d5b1ee3
lazy-image-v2-formal-20261008,B-LAZY-ENG,warm,v1,requests,count,30,2.0,2.0,2,2,unsplit,,,,,2.0,2.0,2.0,df01c5322c9394f66bd0f76c0a721b35e4a1c2e80d036fe7dce6afcb0d5b1ee3
lazy-image-v2-formal-20261008,B-LAZY-ENG,warm,v2,requests,count,30,4.0,4.0,4,4,unsplit,,,,,2.0,2.0,2.0,df01c5322c9394f66bd0f76c0a721b35e4a1c2e80d036fe7dce6afcb0d5b1ee3
lazy-image-v2-formal-20261008,B-LAZY-ENG,warm,v1,response_bytes,bytes,30,750.0,750.0,750,750,unsplit,,,,,44.0,44.0,44.0,df01c5322c9394f66bd0f76c0a721b35e4a1c2e80d036fe7dce6afcb0d5b1ee3
lazy-image-v2-formal-20261008,B-LAZY-ENG,warm,v2,response_bytes,bytes,30,794.0,794.0,794,794,unsplit,,,,,44.0,44.0,44.0,df01c5322c9394f66bd0f76c0a721b35e4a1c2e80d036fe7dce6afcb0d5b1ee3
