repeat,enabled,seconds_after_ready,proxy_mib,pool_mib,footprint_mib,rss_mib
0,False,1.2311398330057273,311.40625,0.0,18.002838134765625,440.328125
0,False,2.275418500008527,311.40625,0.0,18.002838134765625,440.359375
0,False,3.310144458009745,311.40625,0.0,18.002838134765625,440.359375
0,False,4.35051495800144,311.40625,0.0,18.002838134765625,440.359375
0,False,5.378999667009339,310.375,0.0,18.002838134765625,440.359375
0,False,6.406788125008461,310.375,0.0,18.002838134765625,440.359375
0,False,7.432583333007642,310.375,0.0,18.002838134765625,440.359375
0,False,8.45660725000198,310.375,0.0,18.002838134765625,440.359375
0,False,9.479164375006803,310.375,0.0,18.002838134765625,440.359375
0,False,10.502659167003003,310.375,0.0,18.002838134765625,440.359375
0,False,11.528074625006411,310.375,0.0,18.002838134765625,440.359375
0,False,12.55403570800263,310.375,0.0,18.002838134765625,440.359375
0,False,13.578781292002532,310.375,0.0,18.002838134765625,440.359375
0,False,14.611281125005917,310.375,0.0,18.002838134765625,440.359375
0,False,15.639363042006153,310.375,0.0,18.002838134765625,440.359375
0,False,16.716088833010872,310.375,0.0,18.002838134765625,440.359375
0,False,17.76708195800893,310.375,0.0,18.002838134765625,440.359375
0,False,18.812047333005466,310.375,0.0,18.002838134765625,440.359375
0,False,19.855029458005447,310.375,0.0,18.002838134765625,440.359375
0,False,20.89227741700597,310.375,0.0,18.002838134765625,440.359375
0,False,21.936318125008256,310.375,0.0,18.002838134765625,440.359375
0,False,22.978061792004155,310.375,0.0,18.002838134765625,440.359375
0,False,24.019192457999452,310.375,0.0,18.002838134765625,440.359375
0,False,25.056575042006443,310.375,0.0,18.002838134765625,440.359375
0,False,26.0993276250083,310.375,0.0,18.002838134765625,440.359375
0,False,27.13811858301051,310.375,0.0,18.002838134765625,440.359375
0,False,28.170430042009684,310.375,0.0,18.002838134765625,440.359375
0,False,29.210901500002365,310.375,0.0,18.002838134765625,440.359375
0,False,30.254054457996972,310.375,0.0,18.002838134765625,440.359375
0,False,31.28704429201025,310.375,0.0,18.002838134765625,440.375
0,False,32.32008575000509,310.375,0.0,18.002838134765625,440.375
0,False,33.35992608300876,310.375,0.0,18.002838134765625,440.375
0,False,34.385910833007074,310.375,0.0,18.002838134765625,440.375
0,False,35.416965500000515,310.375,0.0,18.002838134765625,440.375
0,False,36.45006612500583,310.375,0.0,18.002838134765625,440.375
0,False,37.483596083009616,310.375,0.0,18.002838134765625,440.375
0,False,38.51700258300116,310.375,0.0,18.002838134765625,440.375
0,False,39.55151120800292,310.375,0.0,18.002838134765625,440.375
0,False,40.585695500005386,310.375,0.0,18.002838134765625,440.375
0,False,41.61614612500125,310.375,0.0,18.002838134765625,440.375
0,False,42.64602025000204,310.375,0.0,18.002838134765625,440.375
0,False,43.6727921670099,310.375,0.0,18.002838134765625,440.375
0,False,44.70778662500379,310.375,0.0,18.002838134765625,440.375
0,False,45.75136895800824,310.375,0.0,18.002838134765625,440.375
0,False,46.788078666999354,310.375,0.0,18.002838134765625,440.375
0,False,47.828765124999336,310.375,0.0,18.002838134765625,440.375
0,False,48.87166766700102,310.375,0.0,18.002838134765625,440.375
0,False,49.910959375003586,310.375,0.0,18.002838134765625,440.375
0,False,50.95333054200455,310.375,0.0,18.002838134765625,440.375
0,False,51.99204745799943,310.375,0.0,18.002838134765625,440.375
0,False,53.03229633301089,310.375,0.0,18.002838134765625,440.375
0,False,54.06153354200069,310.375,0.0,18.002838134765625,440.375
0,False,55.08881516700785,310.375,0.0,18.002838134765625,440.375
0,False,56.130522375009605,310.375,0.0,18.002838134765625,440.375
0,False,57.15756612500991,310.375,0.0,18.002838134765625,440.375
0,False,58.18860216700705,310.375,0.0,18.002838134765625,440.375
0,False,59.2264497080032,310.375,0.0,18.002838134765625,440.375
0,False,60.252629333001096,310.375,0.0,18.002838134765625,440.390625
0,False,61.27281249999942,310.375,0.0,18.002838134765625,440.390625
0,False,62.31568483301089,310.375,0.0,18.002838134765625,440.390625
0,False,63.355098041996825,310.375,0.0,18.002838134765625,440.390625
0,False,64.39428354200209,310.375,0.0,18.002838134765625,440.390625
0,False,65.43512504200044,310.375,0.0,18.002838134765625,440.390625
0,False,66.47717708299751,310.375,0.0,18.002838134765625,440.390625
0,False,67.51102387500578,310.375,0.0,18.002838134765625,440.390625
0,False,68.54840979199798,310.375,0.0,18.002838134765625,440.390625
0,False,69.58717991699814,310.375,0.0,18.002838134765625,440.390625
0,False,70.62878004201048,310.375,0.0,18.002838134765625,440.390625
0,False,71.67307191700093,310.375,0.0,18.002838134765625,440.390625
0,False,72.71212020800158,310.375,0.0,18.002838134765625,440.390625
0,False,73.75246683300065,310.375,0.0,18.002838134765625,440.390625
0,False,74.85345291699923,310.375,0.0,18.002838134765625,440.390625
0,False,75.90339208299702,310.375,0.0,18.002838134765625,440.390625
0,False,76.95004700000572,310.375,0.0,18.002838134765625,429.65625
0,False,77.98583495800267,310.375,0.0,18.002838134765625,429.640625
0,False,79.01488808300928,310.375,0.0,18.002838134765625,429.640625
0,False,80.06361183300032,310.375,0.0,18.002838134765625,429.640625
0,False,81.10932000000321,310.375,0.0,18.002838134765625,429.640625
0,False,82.13720133301103,310.375,0.0,18.002838134765625,429.640625
0,False,83.17094224999892,310.375,0.0,18.002838134765625,429.640625
0,False,84.20012845800375,310.375,0.0,18.002838134765625,429.640625
0,False,85.23246404199745,310.375,0.0,18.002838134765625,429.640625
0,False,86.261067792002,310.375,0.0,18.002838134765625,429.640625
0,False,87.28334404200723,310.375,0.0,18.002838134765625,429.640625
0,False,88.31253224999818,310.375,0.0,18.002838134765625,429.640625
0,False,89.33511262500542,310.375,0.0,18.002838134765625,429.640625
0,False,90.3779332080012,310.375,0.0,18.002838134765625,429.640625
0,False,91.42225662501005,310.375,0.0,18.002838134765625,429.640625
0,False,92.44542983300926,310.375,0.0,18.002838134765625,429.640625
0,False,93.48120737500722,310.375,0.0,18.002838134765625,429.640625
0,False,94.52418937500624,310.375,0.0,18.002838134765625,429.640625
0,False,95.56360483300523,310.375,0.0,18.002838134765625,429.640625
0,False,96.6116964170069,310.375,0.0,18.002838134765625,429.640625
0,False,97.66070687500178,310.375,0.0,18.002838134765625,429.640625
0,False,98.71210987500672,310.375,0.0,18.002838134765625,429.640625
0,False,99.76061229199695,310.375,0.0,18.002838134765625,429.640625
0,False,100.81327304200386,310.375,0.0,18.002838134765625,429.640625
0,False,101.86458291699819,310.375,0.0,18.002838134765625,429.640625
0,False,102.90088479200494,310.375,0.0,18.002838134765625,429.640625
0,False,103.93873675000214,310.375,0.0,18.002838134765625,429.640625
0,False,104.97012875000655,310.375,0.0,18.002838134765625,429.640625
0,False,106.01718929200433,310.375,0.0,18.002838134765625,429.640625
0,False,107.05263079200813,310.375,0.0,18.002838134765625,429.640625
0,False,108.07825554200099,310.375,0.0,18.002838134765625,429.640625
0,False,109.12736779201077,310.375,0.0,18.002838134765625,429.640625
0,False,110.17314949999854,310.375,0.0,18.002838134765625,429.640625
0,False,111.222354292011,310.375,0.0,18.002838134765625,429.640625
0,False,112.27143037501082,310.375,0.0,18.002838134765625,429.640625
0,False,113.32143424999958,310.375,0.0,18.002838134765625,429.640625
0,False,114.36745083300048,310.375,0.0,18.002838134765625,429.640625
0,False,115.41757200000575,310.375,0.0,18.002838134765625,429.640625
0,False,116.46591083300882,310.375,0.0,18.002838134765625,429.640625
0,False,117.50607779200072,310.375,0.0,18.002838134765625,429.640625
0,False,118.55338412499987,310.375,0.0,18.002838134765625,429.640625
0,False,119.60177279199706,310.375,0.0,18.002838134765625,429.671875
0,False,120.63270595800714,310.375,0.0,18.002838134765625,429.671875
0,False,121.67424262499844,310.375,0.0,18.002838134765625,429.671875
0,False,122.70257750000746,310.375,0.0,18.002838134765625,429.671875
0,False,123.7350924580096,310.375,0.0,18.002838134765625,429.671875
0,False,124.76144149999891,310.375,0.0,18.002838134765625,429.671875
0,False,125.79608954201103,310.375,0.0,18.002838134765625,429.671875
0,False,126.82129879199783,310.375,0.0,18.002838134765625,429.671875
0,False,127.8495779579971,310.375,0.0,18.002838134765625,429.671875
0,False,128.8761727079982,310.375,0.0,18.002838134765625,429.671875
0,False,129.90184037500876,310.375,0.0,18.002838134765625,429.671875
0,False,130.92756445800478,310.375,0.0,18.002838134765625,429.671875
0,False,131.94955195800867,310.375,0.0,18.002838134765625,429.671875
0,False,132.9729072080081,310.375,0.0,18.002838134765625,429.671875
0,False,134.01710466700024,310.375,0.0,18.002838134765625,429.671875
0,False,135.06695700000273,310.375,0.0,18.002838134765625,429.671875
0,False,136.0919522500044,310.375,0.0,18.002838134765625,429.671875
0,False,137.1147672500083,310.375,0.0,18.002838134765625,429.671875
0,False,138.13799808300973,310.375,0.0,18.002838134765625,429.671875
0,False,139.16060183300579,310.375,0.0,18.002838134765625,429.671875
0,False,140.18971916699957,310.375,0.0,18.002838134765625,429.671875
0,False,141.22892137500457,310.375,0.0,18.002838134765625,429.671875
0,False,142.27868425000634,310.375,0.0,18.002838134765625,429.671875
0,False,143.2996640420024,310.375,0.0,18.002838134765625,429.671875
0,False,144.32485183300741,310.375,0.0,18.002838134765625,429.671875
0,False,145.40521308300958,310.375,0.0,17.955963134765625,426.734375
0,False,146.47079058300005,310.375,0.0,17.955963134765625,427.078125
0,False,147.51385991700226,310.375,0.0,17.955963134765625,427.078125
0,False,148.58059629199852,310.375,0.0,17.955963134765625,427.078125
0,False,149.64936454199778,310.375,0.0,17.955963134765625,427.078125
0,False,150.7099376670085,310.375,0.0,17.955963134765625,427.078125
0,False,151.75466270800098,310.375,0.0,17.955963134765625,427.078125
0,False,152.83607625000877,310.375,0.0,17.955963134765625,427.078125
0,False,153.87511362500663,310.375,0.0,17.955963134765625,427.078125
0,False,154.94447041700187,310.375,0.0,17.955963134765625,427.078125
0,False,156.0145528330031,310.375,0.0,17.955963134765625,427.078125
0,False,157.46535275000497,310.375,0.0,17.955963134765625,427.078125
0,False,158.5155784170056,310.375,0.0,17.955963134765625,427.078125
0,False,159.59614495800633,310.375,0.0,17.955963134765625,427.078125
0,False,160.66199445800157,310.375,0.0,17.955963134765625,427.078125
0,False,161.68554358300753,310.375,0.0,17.955963134765625,427.078125
0,False,162.71589750000567,310.375,0.0,17.955963134765625,427.109375
0,False,163.74325183300243,310.375,0.0,17.955963134765625,427.109375
0,False,164.77000645799853,310.375,0.0,17.955963134765625,427.109375
0,False,166.27344450000965,310.375,0.0,17.955963134765625,427.109375
0,False,167.32060329199885,310.375,0.0,17.955963134765625,427.109375
0,False,168.35305129199696,310.375,0.0,17.955963134765625,427.109375
0,False,169.3941291670053,310.375,0.0,17.955963134765625,427.109375
0,False,170.43827141700604,310.375,0.0,17.955963134765625,427.109375
0,False,171.47249949999969,310.375,0.0,17.955963134765625,427.109375
0,False,172.51610029200674,310.375,0.0,17.955963134765625,427.109375
0,False,173.54832445801003,310.375,0.0,17.955963134765625,427.109375
0,False,174.5871336249984,310.375,0.0,17.955963134765625,427.109375
0,False,175.62951579201035,310.375,0.0,17.955963134765625,427.109375
0,False,176.66113466701063,310.375,0.0,17.955963134765625,427.109375
0,False,177.69107312501,310.375,0.0,17.955963134765625,427.109375
0,False,178.7212205830001,310.375,0.0,17.955963134765625,427.109375
0,False,179.75143991700315,310.375,0.0,17.955963134765625,427.34375
0,False,180.78205412499665,310.375,0.0,17.955963134765625,427.34375
0,False,181.8108369170077,310.375,0.0,17.955963134765625,427.34375
0,False,182.84307750000153,310.375,0.0,17.955963134765625,427.34375
0,True,1.0318437919922872,309.28125,0.0,31.690818786621094,376.890625
0,True,2.0749014589964645,309.28125,0.0,31.659500122070312,259.59375
0,True,3.1146642090025125,309.28125,0.0,31.659500122070312,259.59375
0,True,4.151571791997412,309.28125,0.0,31.706398010253906,259.6875
0,True,5.192876041997806,309.28125,0.0,31.706398010253906,259.96875
0,True,6.233502208997379,309.28125,0.0,31.722023010253906,259.984375
0,True,7.276152292004554,309.28125,0.0,31.722023010253906,259.984375
0,True,8.317538041999796,309.28125,0.0,31.722023010253906,260.0
0,True,9.357488291992922,309.28125,0.0,31.722023010253906,260.0
0,True,10.40209866699297,309.28125,0.0,31.722023010253906,260.0
0,True,11.440659166997648,309.28125,0.0,31.722023010253906,260.046875
0,True,12.48161624999193,309.28125,0.0,31.722023010253906,260.046875
0,True,13.52153129200451,309.28125,0.0,31.722023010253906,260.0625
0,True,14.561621959001059,309.28125,0.0,31.722023010253906,260.09375
0,True,15.586375625003711,309.28125,0.0,31.722023010253906,260.09375
0,True,16.609250749999774,309.28125,0.0,31.722023010253906,260.09375
0,True,17.65149183399626,309.28125,0.0,31.722023010253906,260.09375
0,True,18.694576750000124,309.28125,0.0,31.722023010253906,260.09375
0,True,19.73555395899166,309.28125,0.0,31.722023010253906,260.09375
0,True,20.78145024999685,309.28125,0.0,31.722023010253906,260.09375
0,True,21.82146074999764,309.28125,0.0,31.722023010253906,260.09375
0,True,22.85926808399381,309.28125,0.0,31.722023010253906,260.09375
0,True,23.887447583998437,309.28125,0.0,31.722023010253906,260.09375
0,True,24.926531624994823,309.28125,0.0,31.722023010253906,260.09375
0,True,25.967689958997653,309.28125,0.0,31.722023010253906,260.09375
0,True,27.002491624996765,309.28125,0.0,31.722023010253906,260.09375
0,True,28.03554583400546,309.28125,0.0,31.722023010253906,260.15625
0,True,29.068426208992605,309.28125,0.0,31.722023010253906,260.15625
0,True,30.097567874996457,309.28125,0.0,31.722023010253906,260.15625
0,True,31.121508791999076,309.28125,0.0,31.722023010253906,260.15625
0,True,32.14469891699264,309.28125,0.0,31.722023010253906,260.15625
0,True,33.164596083996,309.28125,0.0,31.69072723388672,246.65625
0,True,34.19189812500554,311.69120502471924,2.4099550247192383,43.659454345703125,174.65625
0,True,35.22805566700117,312.2996549606323,11.018404960632324,55.456398010253906,159.453125
0,True,36.268523791994085,281.05733585357666,11.77608585357666,55.597023010253906,166.484375
0,True,37.301421833995846,261.6046495437622,12.026524543762207,56.003273010253906,166.578125
0,True,38.34951558399189,241.2652587890625,12.1090087890625,47.972023010253906,166.890625
0,True,39.38980854199326,230.7652587890625,12.1090087890625,47.800148010253906,167.046875
0,True,40.43148787500104,190.76552200317383,12.109272003173828,47.831398010253906,167.09375
0,True,41.47338554200542,158.72806644439697,12.071816444396973,47.800148010253906,167.203125
0,True,42.51976049999939,130.2293462753296,12.38559627532959,48.03450012207031,167.40625
0,True,43.564184208997176,122.79184627532959,12.38559627532959,47.84700012207031,167.421875
0,True,44.6067451669951,122.79184627532959,12.38559627532959,47.87825012207031,167.453125
0,True,45.64748662499187,122.79184627532959,12.38559627532959,43.89387512207031,167.46875
0,True,46.68073062499752,122.79184627532959,12.38559627532959,43.89387512207031,167.46875
0,True,47.717377624998335,122.79184627532959,12.38559627532959,43.84700012207031,167.484375
0,True,48.75246150000021,122.79184627532959,12.38559627532959,43.86262512207031,167.5
0,True,49.785432499993476,122.79184627532959,12.38559627532959,43.89387512207031,167.53125
0,True,50.81731504200434,122.79184627532959,12.38559627532959,43.90950012207031,167.546875
0,True,51.84998075000476,122.79184627532959,12.38559627532959,43.90950012207031,167.546875
0,True,52.8876210419985,122.79184627532959,12.38559627532959,43.92512512207031,167.5625
0,True,53.92566416699265,122.79184627532959,12.38559627532959,43.95637512207031,167.59375
0,True,54.96846283400373,138.7918462753296,12.38559627532959,43.97200012207031,167.609375
0,True,56.00260958400031,122.79184627532959,12.38559627532959,43.98762512207031,167.625
0,True,57.03545549999399,122.79184627532959,12.38559627532959,43.98762512207031,167.625
0,True,58.07649591700465,122.79184627532959,12.38559627532959,44.034523010253906,168.703125
0,True,59.11955295900407,122.79184627532959,12.38559627532959,44.0657958984375,169.78125
0,True,60.154459792000125,123.44004440307617,12.346294403076172,45.0814208984375,171.078125
0,True,61.18647445899842,123.44004440307617,12.346294403076172,45.0970458984375,171.09375
0,True,62.230605042001116,123.44004440307617,12.346294403076172,45.1126708984375,171.109375
0,True,63.269726792001165,123.44004440307617,12.346294403076172,45.1282958984375,171.125
0,True,64.30766833400412,124.39173316955566,12.297983169555664,47.1595458984375,173.1875
0,True,65.33752312499564,124.39173316955566,12.297983169555664,47.1751708984375,173.203125
0,True,66.37517879200459,124.39173316955566,12.297983169555664,47.1282958984375,173.21875
0,True,67.41595570900245,124.39173316955566,12.297983169555664,47.1595458984375,173.296875
0,True,68.45763158399495,140.39173316955566,12.297983169555664,47.1595458984375,173.296875
0,True,69.48753920900344,124.39173316955566,12.297983169555664,47.1751708984375,173.3125
0,True,70.5215344169992,124.39173316955566,12.297983169555664,47.1907958984375,173.328125
0,True,71.55712887499249,124.39173316955566,12.297983169555664,47.2064208984375,173.34375
0,True,72.59794162500475,124.39173316955566,12.297983169555664,47.2376708984375,173.375
0,True,73.63059904199326,124.39173316955566,12.297983169555664,47.2532958984375,173.390625
0,True,74.66087120899465,132.39173316955566,12.297983169555664,47.268943786621094,177.390625
0,True,75.69319837499643,124.39173316955566,12.297983169555664,47.2689208984375,173.40625
0,True,76.72402641699591,124.39173316955566,12.297983169555664,47.3001708984375,173.4375
0,True,77.75861779200204,124.39173316955566,12.297983169555664,47.3157958984375,173.453125
0,True,78.78831262499443,124.39173316955566,12.297983169555664,47.3314208984375,173.46875
0,True,79.81881283399707,124.39173316955566,12.297983169555664,47.3314208984375,173.46875
0,True,80.84654091700213,124.39173316955566,12.297983169555664,47.3470458984375,173.484375
0,True,81.87571308399492,124.39173316955566,12.297983169555664,47.3782958984375,173.515625
0,True,82.90146416699281,124.39173316955566,12.297983169555664,47.42521667480469,181.53125
0,True,83.93287824999425,124.39173316955566,12.297983169555664,47.4095458984375,173.546875
0,True,84.96136625000509,124.39173316955566,12.297983169555664,47.4095458984375,173.546875
0,True,85.99488825000299,124.39173316955566,12.297983169555664,47.4407958984375,173.578125
0,True,87.02553374999843,124.39173316955566,12.297983169555664,47.4564208984375,173.59375
0,True,88.072575416998,124.39173316955566,12.297983169555664,47.4720458984375,173.609375
0,True,89.11707412499527,124.39173316955566,12.297983169555664,47.4876708984375,173.625
0,True,90.15882870899804,124.39173316955566,12.297983169555664,47.4876708984375,173.625
0,True,91.20145670899365,124.39173316955566,12.297983169555664,47.5189208984375,173.65625
0,True,92.24161587499839,128.39173316955566,12.297983169555664,47.5345458984375,173.671875
0,True,93.28454958400107,124.39173316955566,12.297983169555664,47.5501708984375,173.6875
0,True,94.33245733399235,124.39173316955566,12.297983169555664,47.5657958984375,173.703125
0,True,95.36953154200455,124.39173316955566,12.297983169555664,47.5970458984375,173.734375
0,True,96.40627012499317,124.35480403900146,12.261054039001465,47.72211456298828,181.828125
0,True,97.45088474999648,140.41730403900146,12.261054039001465,47.6907958984375,173.84375
0,True,98.49448999999731,124.41730403900146,12.261054039001465,47.7064208984375,173.859375
0,True,99.53895666700555,124.41730403900146,12.261054039001465,47.7220458984375,173.875
0,True,100.57307179199415,124.41730403900146,12.261054039001465,47.768943786621094,177.90625
0,True,101.6194651669939,132.41730403900146,12.261054039001465,47.7532958984375,173.90625
0,True,102.66096079199633,124.4112777709961,12.255027770996094,47.9251708984375,174.078125
0,True,103.70605749999231,124.5362777709961,12.255027770996094,47.9407958984375,174.09375
0,True,104.75267674999486,124.5362777709961,12.255027770996094,47.9720458984375,174.125
0,True,105.7937747919932,124.5362777709961,12.255027770996094,47.9720458984375,174.125
0,True,106.8304170420015,124.5362777709961,12.255027770996094,47.9876708984375,174.140625
0,True,107.86449770900072,124.5362777709961,12.255027770996094,48.0032958984375,174.15625
0,True,108.89801649999572,124.5362777709961,12.255027770996094,48.0345458984375,174.1875
0,True,109.93341620899446,124.5362777709961,12.255027770996094,48.0501708984375,174.203125
0,True,110.97843550000107,124.5362777709961,12.255027770996094,48.0657958984375,174.21875
0,True,112.02068145900557,124.5362777709961,12.255027770996094,48.0657958984375,174.21875
0,True,113.05791795899859,140.5362777709961,12.255027770996094,48.097068786621094,178.234375
0,True,114.09730512500391,124.5362777709961,12.255027770996094,48.1126708984375,174.265625
0,True,115.14067700000305,124.5362777709961,12.255027770996094,48.1282958984375,174.28125
0,True,116.18549579200044,124.5362777709961,12.255027770996094,48.1439208984375,174.296875
0,True,117.2210397089948,132.5362777709961,12.255027770996094,48.159568786621094,178.296875
0,True,118.26448454199999,124.5362777709961,12.255027770996094,48.1595458984375,174.3125
0,True,119.30062233400531,124.5362777709961,12.255027770996094,48.1907958984375,174.34375
0,True,120.34346258400183,124.5362777709961,12.255027770996094,48.2064208984375,174.359375
0,True,121.37886958400486,124.5362777709961,12.255027770996094,48.26898956298828,182.375
0,True,122.41834033399937,124.5362777709961,12.255027770996094,48.2220458984375,174.375
0,True,123.4514586669975,124.5362777709961,12.255027770996094,48.2532958984375,174.40625
0,True,124.48551645899715,124.5362777709961,12.255027770996094,48.2689208984375,174.421875
0,True,125.51726300000155,124.7424669265747,12.211216926574707,48.64396667480469,183.046875
0,True,126.55644225000287,124.7424669265747,12.211216926574707,48.6282958984375,175.0625
0,True,127.58846570899186,124.7424669265747,12.211216926574707,48.6439208984375,175.078125
0,True,128.62515954200353,124.7424669265747,12.211216926574707,48.6595458984375,175.09375
0,True,129.656000959003,124.7424669265747,12.211216926574707,48.72211456298828,183.109375
0,True,130.68347604200244,124.7424669265747,12.211216926574707,48.6907958984375,175.125
0,True,131.71943379199365,124.7424669265747,12.211216926574707,48.7064208984375,175.140625
0,True,132.7534440419986,128.7424669265747,12.211216926574707,48.6907958984375,175.171875
0,True,133.78710879199207,124.7424669265747,12.211216926574707,48.72209167480469,183.171875
0,True,134.8220272089966,124.7424669265747,12.211216926574707,48.7064208984375,175.1875
0,True,135.8514835840033,124.7424669265747,12.211216926574707,48.7220458984375,175.203125
0,True,136.88148562499555,140.7424669265747,12.211216926574707,48.7532958984375,175.234375
0,True,137.90934208399267,124.7424669265747,12.211216926574707,48.7532958984375,175.234375
0,True,138.9344942500029,124.7424669265747,12.211216926574707,48.7689208984375,175.25
0,True,139.96742704199278,124.7424669265747,12.211216926574707,48.7845458984375,175.265625
0,True,140.996754916996,124.7424669265747,12.211216926574707,48.8001708984375,175.28125
0,True,142.03144304199668,124.5705919265747,12.211216926574707,48.8314208984375,175.234375
0,True,143.06347350000578,124.4768419265747,12.211216926574707,48.8470458984375,175.25
0,True,144.0975052499998,140.4768419265747,12.211216926574707,48.8470458984375,175.25
0,True,145.13114587499877,124.4768419265747,12.211216926574707,48.8626708984375,175.265625
0,True,146.16743366699666,124.4768419265747,12.211216926574707,48.8939208984375,175.296875
0,True,147.2039147089963,124.4768419265747,12.211216926574707,48.9095458984375,175.3125
0,True,148.23117045899562,124.4768419265747,12.211216926574707,48.9251708984375,175.328125
0,True,149.26352295899414,124.4768419265747,12.211216926574707,48.9251708984375,175.328125
0,True,150.30371566700342,124.4768419265747,12.211216926574707,48.9407958984375,175.34375
0,True,151.3367822500004,140.4768419265747,12.211216926574707,48.9720458984375,175.375
0,True,152.38079624999955,124.4768419265747,12.211216926574707,48.9876708984375,175.390625
0,True,153.41997137499857,124.4768419265747,12.211216926574707,49.0032958984375,175.40625
0,True,154.4505007090047,124.4768419265747,12.211216926574707,49.0032958984375,175.40625
0,True,155.4907352500013,124.4768419265747,12.211216926574707,49.0345458984375,175.4375
0,True,156.53258524999546,124.4768419265747,12.211216926574707,49.0501708984375,175.453125
0,True,157.57248537499981,124.4768419265747,12.211216926574707,49.0657958984375,175.46875
0,True,158.60547929200402,124.4768419265747,12.211216926574707,49.097068786621094,179.484375
0,True,159.63802304200362,124.4768419265747,12.211216926574707,49.0814208984375,175.484375
0,True,160.68009725000593,124.4768419265747,12.211216926574707,49.1126708984375,175.515625
0,True,161.71948566699575,140.4768419265747,12.211216926574707,49.1282958984375,175.53125
0,True,162.7504752919922,124.4768419265747,12.211216926574707,49.1439208984375,175.546875
0,True,163.7957509169937,124.4768419265747,12.211216926574707,49.1595458984375,175.5625
0,True,164.83089850000397,140.4768419265747,12.211216926574707,49.1907958984375,175.59375
0,True,165.86145416699583,124.4768419265747,12.211216926574707,49.1907958984375,175.59375
0,True,166.89210191699385,122.10474681854248,12.21412181854248,49.2220458984375,175.625
0,True,167.92547000000195,111.04510688781738,12.216981887817383,49.2532958984375,175.65625
0,True,168.96954595900024,111.04510688781738,12.216981887817383,49.2376708984375,175.6875
0,True,170.01260249999177,111.04510688781738,12.216981887817383,49.2532958984375,175.703125
0,True,171.05525074999605,111.06184005737305,12.233715057373047,49.2532958984375,175.703125
0,True,172.0803264999995,107.18731689453125,12.74981689453125,49.86262512207031,176.140625
0,True,173.1017522500042,79.34374237060547,13.296867370605469,50.59700012207031,176.875
0,True,174.12461412500124,48.46793079376221,14.421055793762207,51.33137512207031,174.390625
0,True,175.14588962499693,35.49868297576904,15.998682975769043,51.31565856933594,166.453125
0,True,176.17094374999579,28.661723136901855,15.942973136901855,51.81572723388672,170.3125
0,True,177.19748616700235,28.69835662841797,15.854606628417969,52.37822723388672,171.5625
0,True,178.25447970899404,28.706706047058105,15.925456047058105,51.956329345703125,169.953125
0,True,179.30398549999518,28.99690532684326,15.778155326843262,97.08148956298828,216.328125
0,True,180.3301438750059,160.8108673095703,15.092117309570312,232.44097900390625,351.421875
0,True,181.3599859590031,145.9713134765625,15.4400634765625,166.01903533935547,267.796875
0,True,182.4568713339977,161.08557415008545,15.13244915008545,227.06600189208984,326.015625
0,True,183.529898666995,157.8240852355957,15.339710235595703,308.83160400390625,407.484375
1,True,1.0346664999960922,312.46875,0.0,31.94086456298828,379.859375
1,True,2.0744311250018654,312.46875,0.0,32.01896667480469,261.1875
1,True,3.126002624994726,312.46875,0.0,32.003318786621094,259.875
1,True,4.207882375005283,312.46875,0.0,32.034568786621094,260.015625
1,True,5.264299041999038,312.46875,0.0,32.034568786621094,260.171875
1,True,6.308352167005069,312.46875,0.0,32.034568786621094,260.21875
1,True,7.359912792002433,312.46875,0.0,32.034568786621094,260.21875
1,True,8.484753041993827,312.46875,0.0,32.034568786621094,260.21875
1,True,9.563592542006518,312.46875,0.0,32.034568786621094,260.25
1,True,10.628192167001544,312.46875,0.0,32.034568786621094,260.25
1,True,11.670216166996397,312.46875,0.0,32.034568786621094,260.265625
1,True,12.71996383399528,312.46875,0.0,32.050193786621094,260.34375
1,True,13.767699459000141,312.46875,0.0,32.050193786621094,260.359375
1,True,14.810751917000744,312.46875,0.0,32.050193786621094,260.359375
1,True,15.852821916996618,312.46875,0.0,32.050193786621094,260.40625
1,True,16.89034716700553,312.46875,0.0,32.050193786621094,260.40625
1,True,17.993690542003606,312.46875,0.0,32.050193786621094,260.40625
1,True,19.03007870899455,312.46875,0.0,29.050193786621094,260.40625
1,True,20.068853584001772,310.84375,0.0,29.050193786621094,260.40625
1,True,21.114323583999067,310.84375,0.0,29.050193786621094,260.453125
1,True,22.156134459000896,310.84375,0.0,29.050193786621094,260.453125
1,True,23.199381500002346,310.84375,0.0,29.050193786621094,260.453125
1,True,24.235644083993975,310.84375,0.0,29.050193786621094,260.453125
1,True,25.27179470899864,310.84375,0.0,29.050193786621094,260.453125
1,True,26.31327300000703,310.84375,0.0,29.050193786621094,260.453125
1,True,27.354227624993655,310.84375,0.0,29.050193786621094,260.453125
1,True,28.391719666993595,310.84375,0.0,29.050193786621094,260.453125
1,True,29.42977724999946,310.84375,0.0,29.050193786621094,260.484375
1,True,30.46994941700541,310.84375,0.0,29.065818786621094,260.5
1,True,31.49779141700128,310.84375,0.0,29.065818786621094,260.5
1,True,32.53875470900675,310.84375,0.0,29.034523010253906,247.0
1,True,33.579761708999285,310.84375,0.0,29.00322723388672,203.0
1,True,34.61766733399418,311.3164710998535,8.472721099853516,60.03461456298828,176.546875
1,True,35.6637436250021,282.330867767334,11.487117767333984,64.37836456298828,166.890625
1,True,36.69943454199529,263.21303367614746,11.869283676147461,62.26898956298828,169.59375
1,True,37.73780541699671,245.32085704803467,12.180232048034668,56.34709167480469,170.625
1,True,38.77563629200449,214.89733505249023,12.225460052490234,52.45646667480469,170.765625
1,True,39.812816874997225,182.89733505249023,12.225460052490234,48.51896667480469,170.84375
1,True,40.84649933400215,162.89733505249023,12.225460052490234,44.53459167480469,174.46875
1,True,41.889560708994395,127.4513692855835,12.279494285583496,44.534568786621094,170.796875
1,True,42.925333417006186,122.94475555419922,12.444755554199219,44.331443786621094,171.140625
1,True,43.95573416700063,122.86663055419922,12.444755554199219,44.112693786621094,171.234375
1,True,44.9859498750011,122.86663055419922,12.444755554199219,44.143943786621094,171.265625
1,True,46.0129249169986,122.86663055419922,12.444755554199219,44.159568786621094,171.28125
1,True,47.04074045899324,122.86663055419922,12.444755554199219,44.175193786621094,171.296875
1,True,48.0692080000008,122.86663055419922,12.444755554199219,44.190818786621094,171.3125
1,True,49.09650195899303,138.86663055419922,12.444755554199219,44.206443786621094,171.328125
1,True,50.16863316700619,138.86663055419922,12.444755554199219,44.222068786621094,171.34375
1,True,51.20067737500358,122.86663055419922,12.444755554199219,44.237693786621094,171.359375
1,True,52.235656374992686,122.86663055419922,12.444755554199219,44.253318786621094,171.375
1,True,53.2791060419986,122.86663055419922,12.444755554199219,44.284568786621094,171.40625
1,True,54.315911084006075,122.86663055419922,12.444755554199219,44.300193786621094,171.421875
1,True,55.362895666999975,122.86663055419922,12.444755554199219,44.300193786621094,171.421875
1,True,56.409799083994585,130.86663055419922,12.444755554199219,44.315818786621094,171.4375
1,True,57.45718387499801,122.86663055419922,12.444755554199219,44.331443786621094,171.453125
1,True,58.49872937500186,122.86663055419922,12.444755554199219,44.37834167480469,172.53125
1,True,59.53215033399465,122.78930473327637,12.429929733276367,45.081512451171875,177.703125
1,True,60.578777749993606,123.16430473327637,12.429929733276367,45.06586456298828,173.703125
1,True,61.630007250001654,139.16430473327637,12.429929733276367,44.95648956298828,173.71875
1,True,62.6643924999953,123.16430473327637,12.429929733276367,45.00336456298828,174.796875
1,True,63.700702542002546,123.11599349975586,12.38161849975586,47.01898956298828,176.84375
1,True,64.73365758400178,124.11599349975586,12.38161849975586,47.01898956298828,176.84375
1,True,65.75480862500262,124.11599349975586,12.38161849975586,47.03461456298828,176.859375
1,True,66.80078441700607,124.11599349975586,12.38161849975586,47.05023956298828,176.875
1,True,67.83667308400618,123.99099349975586,12.38161849975586,47.08148956298828,176.90625
1,True,68.86951683400548,123.99099349975586,12.38161849975586,47.09711456298828,176.921875
1,True,69.91285658399283,123.99099349975586,12.38161849975586,47.11273956298828,176.9375
1,True,70.9574463339959,123.99099349975586,12.38161849975586,47.11273956298828,176.9375
1,True,71.98464037499798,123.99099349975586,12.38161849975586,47.14398956298828,176.96875
1,True,73.00769199999922,128.30349349975586,12.38161849975586,47.15961456298828,176.984375
1,True,74.0508175839932,123.99099349975586,12.38161849975586,47.17523956298828,177.0
1,True,75.09285912499763,123.99099349975586,12.38161849975586,47.19086456298828,177.015625
1,True,76.1306482499931,123.99099349975586,12.38161849975586,47.19086456298828,177.015625
1,True,77.177611334002,123.99099349975586,12.38161849975586,47.22211456298828,177.046875
1,True,78.21280949999345,123.99099349975586,12.38161849975586,47.23773956298828,177.0625
1,True,79.25536862500303,131.99099349975586,12.38161849975586,47.25336456298828,177.078125
1,True,80.29991625000548,123.99099349975586,12.38161849975586,47.26898956298828,177.09375
1,True,81.34661150000466,123.99099349975586,12.38161849975586,47.30023956298828,177.125
1,True,82.39163841700065,123.99099349975586,12.38161849975586,47.30023956298828,177.125
1,True,83.41715220900369,123.99099349975586,12.38161849975586,47.31586456298828,177.140625
1,True,84.4406386250048,123.99099349975586,12.38161849975586,47.33148956298828,177.15625
1,True,85.46544362499844,123.99099349975586,12.38161849975586,47.34711456298828,177.171875
1,True,86.50797854199482,139.99099349975586,12.38161849975586,47.37836456298828,177.203125
1,True,87.54702387499856,123.99099349975586,12.38161849975586,47.39398956298828,177.21875
1,True,88.57932266700664,123.99099349975586,12.38161849975586,47.39398956298828,177.21875
1,True,89.61394599999767,123.99099349975586,12.38161849975586,47.40961456298828,177.234375
1,True,90.64883874999941,123.99099349975586,12.38161849975586,47.44086456298828,177.265625
1,True,91.69172687499668,139.99099349975586,12.38161849975586,47.45648956298828,177.28125
1,True,92.73211491700204,123.99099349975586,12.38161849975586,47.47211456298828,177.296875
1,True,93.76549999999406,123.99099349975586,12.38161849975586,47.47211456298828,177.296875
1,True,94.80712841700006,123.99099349975586,12.38161849975586,47.50336456298828,177.328125
1,True,95.84963012499793,123.99099349975586,12.38161849975586,47.51898956298828,177.34375
1,True,96.89043683400087,123.99099349975586,12.38161849975586,47.53461456298828,177.375
1,True,97.92192108399468,123.99099349975586,12.38161849975586,47.58153533935547,185.390625
1,True,98.96537887500017,123.99099349975586,12.38161849975586,47.55023956298828,177.390625
1,True,99.99870166700566,123.99099349975586,12.38161849975586,47.58148956298828,177.421875
1,True,101.03279075000319,139.99099349975586,12.38161849975586,47.59711456298828,177.4375
1,True,102.06752908400085,123.99099349975586,12.38161849975586,47.61273956298828,177.453125
1,True,103.1111017499934,123.99099349975586,12.38161849975586,47.62836456298828,177.46875
1,True,104.15166241700354,123.99099349975586,12.38161849975586,47.62836456298828,177.46875
1,True,105.19176191699808,123.99099349975586,12.38161849975586,47.65961456298828,177.5
1,True,106.22363054199377,123.99099349975586,12.38161849975586,47.67523956298828,177.515625
1,True,107.25971979199676,123.99099349975586,12.38161849975586,47.69086456298828,177.53125
1,True,108.30266908400517,123.99099349975586,12.38161849975586,47.70648956298828,177.546875
1,True,109.34669420900173,123.99099349975586,12.38161849975586,47.73773956298828,177.578125
1,True,110.38471895900148,138.11599349975586,12.38161849975586,47.73773956298828,177.578125
1,True,111.41893137499574,123.99099349975586,12.38161849975586,47.769012451171875,181.59375
1,True,112.46069774999341,123.99099349975586,12.38161849975586,47.76898956298828,177.609375
1,True,113.50363637499686,123.99099349975586,12.38161849975586,47.80023956298828,177.640625
1,True,114.55474083400622,123.99099349975586,12.38161849975586,47.81586456298828,177.65625
1,True,115.58875316700141,123.99099349975586,12.38161849975586,47.81586456298828,177.65625
1,True,116.62359687499702,123.99099349975586,12.38161849975586,47.83148956298828,177.671875
1,True,117.6724825840065,123.99099349975586,12.38161849975586,47.84711456298828,177.6875
1,True,118.7180233340041,123.99099349975586,12.38161849975586,47.87836456298828,177.71875
1,True,119.76242954199552,123.99083709716797,12.381462097167969,47.98773956298828,177.84375
1,True,120.797714291999,124.17516040802002,12.37828540802002,48.08148956298828,178.21875
1,True,121.84571095899446,124.17516040802002,12.37828540802002,48.08148956298828,178.21875
1,True,122.8919494169968,124.17516040802002,12.37828540802002,48.11273956298828,178.25
1,True,123.93930574999831,124.17516040802002,12.37828540802002,48.12836456298828,178.265625
1,True,124.97266895900248,124.17516040802002,12.37828540802002,48.14398956298828,178.28125
1,True,126.00365729199257,124.31426429748535,12.329889297485352,48.472137451171875,178.703125
1,True,127.04596529199625,124.31426429748535,12.329889297485352,48.487762451171875,178.71875
1,True,128.08875645899388,124.31426429748535,12.329889297485352,48.519012451171875,178.75
1,True,129.13069979200372,124.31426429748535,12.329889297485352,48.534637451171875,178.765625
1,True,130.16370849999657,124.31426429748535,12.329889297485352,48.550262451171875,178.84375
1,True,131.20691716700094,131.87676429748535,12.329889297485352,48.565887451171875,178.875
1,True,132.24672999999893,124.31426429748535,12.329889297485352,48.581512451171875,178.890625
1,True,133.2895090420061,124.31426429748535,12.329889297485352,48.597137451171875,178.90625
1,True,134.33183195900347,124.31426429748535,12.329889297485352,48.612762451171875,178.921875
1,True,135.3644141669938,140.31426429748535,12.329889297485352,48.628387451171875,178.9375
1,True,136.4069057500019,124.31426429748535,12.329889297485352,48.659637451171875,178.96875
1,True,137.44222116700257,124.31426429748535,12.329889297485352,48.659637451171875,178.96875
1,True,138.47895558399614,124.31426429748535,12.329889297485352,48.675262451171875,178.984375
1,True,139.51231270900462,124.31426429748535,12.329889297485352,48.690887451171875,179.0
1,True,140.5367615839932,124.31426429748535,12.329889297485352,48.706512451171875,179.015625
1,True,141.57884866700624,124.31426429748535,12.329889297485352,48.737762451171875,179.046875
1,True,142.61763525000424,124.31426429748535,12.329889297485352,48.753387451171875,179.0625
1,True,143.651661625001,124.31426429748535,12.329889297485352,48.753387451171875,179.0625
1,True,144.69164624999394,124.31426429748535,12.329889297485352,48.769012451171875,179.078125
1,True,145.73571908399754,124.31426429748535,12.329889297485352,48.800262451171875,179.109375
1,True,146.7796492089983,124.31426429748535,12.329889297485352,48.815887451171875,179.125
1,True,147.81191779200162,124.31426429748535,12.329889297485352,48.831512451171875,179.140625
1,True,148.85679816700576,124.31426429748535,12.329889297485352,48.831512451171875,179.140625
1,True,149.8967148340016,124.31426429748535,12.329889297485352,48.847137451171875,179.15625
1,True,150.94164562500373,124.31426429748535,12.329889297485352,48.878387451171875,179.1875
1,True,151.9757177499996,124.31426429748535,12.329889297485352,48.894012451171875,179.203125
1,True,153.005795709003,124.31426429748535,12.329889297485352,48.909637451171875,179.21875
1,True,154.0337358340039,124.31426429748535,12.329889297485352,48.909637451171875,179.21875
1,True,155.06667566699616,140.31426429748535,12.329889297485352,48.940887451171875,179.25
1,True,156.10067004199664,124.31426429748535,12.329889297485352,48.97216033935547,183.265625
1,True,157.14409145900572,124.31426429748535,12.329889297485352,48.972137451171875,179.28125
1,True,158.18477437499678,124.31426429748535,12.329889297485352,48.987762451171875,179.296875
1,True,159.22874258400407,124.31426429748535,12.329889297485352,48.987762451171875,179.296875
1,True,160.2649262920022,124.31426429748535,12.329889297485352,49.019012451171875,179.328125
1,True,161.31473870899936,124.31426429748535,12.329889297485352,49.034637451171875,179.34375
1,True,162.36407408400555,124.31426429748535,12.329889297485352,49.050262451171875,179.359375
1,True,163.4067180419952,124.34551429748535,12.329889297485352,49.065887451171875,179.375
1,True,164.4517205000011,124.34551429748535,12.329889297485352,49.097137451171875,179.40625
1,True,165.4826330000069,124.34551429748535,12.329889297485352,49.097137451171875,179.40625
1,True,166.5247169170034,123.97106170654297,12.330436706542969,49.112762451171875,179.421875
1,True,167.56674900000507,110.88245487213135,12.335579872131348,49.159637451171875,179.46875
1,True,168.5998173340049,110.88245487213135,12.335579872131348,49.144012451171875,179.5
1,True,169.63168474999839,110.88245487213135,12.335579872131348,49.144012451171875,179.5
1,True,170.68204354199406,110.88245487213135,12.335579872131348,49.159637451171875,179.515625
1,True,171.7294573340041,108.9501085281372,12.793858528137207,49.72209167480469,179.796875
1,True,172.76969354199537,80.86717700958252,13.35155200958252,50.48771667480469,180.5625
1,True,173.81583229200623,57.91926956176758,14.403644561767578,51.65959167480469,178.296875
1,True,174.8565498340031,35.321998596191406,15.978248596191406,52.40959167480469,172.546875
1,True,175.8918620839977,28.499311447143555,15.999311447143555,52.84700012207031,170.59375
1,True,176.94477445899975,28.984381675720215,15.984381675720215,52.58146667480469,173.109375
1,True,177.9873084169958,28.413023948669434,15.975523948669434,52.86271667480469,173.28125
1,True,179.02753787499387,28.734347343444824,15.984347343444824,52.40959167480469,173.171875
1,True,180.07853995899495,41.148789405822754,14.961289405822754,241.1286163330078,362.5625
1,True,181.1286337920028,161.51024532318115,15.260245323181152,171.37843322753906,291.6875
1,True,182.17283058399335,137.33401775360107,15.005892753601074,252.4567413330078,374.0
1,True,183.22059595900646,160.6255340576172,15.172409057617188,169.81593322753906,290.109375
1,False,1.0460512920108158,309.078125,0.0,18.08094024658203,436.78125
1,False,2.093598542007385,309.078125,0.0,18.08094024658203,436.8125
1,False,3.143880875009927,309.078125,0.0,18.08094024658203,436.8125
1,False,4.1775674170057755,309.078125,0.0,18.08094024658203,436.8125
1,False,5.2275612500088755,309.078125,0.0,18.08094024658203,436.8125
1,False,6.2650043750036275,309.078125,0.0,18.08094024658203,436.8125
1,False,7.312209250012529,309.078125,0.0,18.08094024658203,436.8125
1,False,8.359510375012178,309.078125,0.0,18.08094024658203,436.8125
1,False,9.40904108301038,309.078125,0.0,18.08094024658203,436.8125
1,False,10.443795625003986,309.078125,0.0,18.08094024658203,436.8125
1,False,11.493266750010662,309.078125,0.0,18.08094024658203,436.8125
1,False,12.538881917003891,309.078125,0.0,18.08094024658203,436.8125
1,False,13.587039667007048,309.078125,0.0,18.08094024658203,436.8125
1,False,14.62009900000703,309.078125,0.0,18.08094024658203,436.8125
1,False,15.662540250006714,309.078125,0.0,18.08094024658203,436.8125
1,False,16.708713667001575,309.078125,0.0,18.08094024658203,436.8125
1,False,17.76016408301075,307.609375,0.0,18.08094024658203,436.8125
1,False,18.804165833003935,307.609375,0.0,18.08094024658203,436.8125
1,False,19.850825708010234,307.609375,0.0,18.08094024658203,436.8125
1,False,20.895904832999804,307.609375,0.0,18.08094024658203,436.8125
1,False,21.947199417001684,307.609375,0.0,18.08094024658203,436.8125
1,False,22.995170500013046,307.609375,0.0,18.08094024658203,436.8125
1,False,24.042860417001066,307.609375,0.0,18.08094024658203,436.8125
1,False,25.079956250003306,307.609375,0.0,18.08094024658203,436.8125
1,False,26.120321875001537,307.609375,0.0,18.08094024658203,436.8125
1,False,27.19116075000784,307.609375,0.0,18.08094024658203,436.8125
1,False,28.2191332920047,307.609375,0.0,18.08094024658203,436.8125
1,False,29.254952208008035,307.609375,0.0,18.08094024658203,436.8125
1,False,30.283681667002384,307.609375,0.0,18.08094024658203,436.8125
1,False,31.32160045800265,307.609375,0.0,18.08094024658203,436.8125
1,False,32.34207095800957,307.609375,0.0,18.08094024658203,436.8125
1,False,33.37157279200619,307.609375,0.0,18.08094024658203,436.8125
1,False,34.39976875000866,307.609375,0.0,18.08094024658203,436.8125
1,False,35.42402016700362,307.609375,0.0,18.08094024658203,436.8125
1,False,36.45991158300603,307.609375,0.0,18.08094024658203,436.8125
1,False,37.49104604200693,307.609375,0.0,18.08094024658203,436.8125
1,False,38.517381249999744,307.609375,0.0,18.08094024658203,436.8125
1,False,39.54661320800369,307.609375,0.0,18.08094024658203,436.8125
1,False,40.572481625000364,307.609375,0.0,18.08094024658203,436.8125
1,False,41.615953625005204,307.609375,0.0,18.08094024658203,436.8125
1,False,42.66281429200899,307.609375,0.0,18.08094024658203,436.8125
1,False,43.71160345801036,307.609375,0.0,18.08094024658203,436.8125
1,False,44.76515962500707,307.609375,0.0,18.08094024658203,436.8125
1,False,45.7998270829994,307.609375,0.0,18.08094024658203,436.8125
1,False,46.84898195801361,307.609375,0.0,18.08094024658203,436.8125
1,False,47.89564558300481,307.609375,0.0,18.08094024658203,436.8125
1,False,48.937107667006785,307.609375,0.0,18.08094024658203,436.8125
1,False,49.98278816700622,307.609375,0.0,18.08094024658203,436.8125
1,False,51.02706308300549,307.609375,0.0,18.08094024658203,436.8125
1,False,52.07209137501195,307.609375,0.0,18.08094024658203,436.8125
1,False,53.12046066700714,307.609375,0.0,18.08094024658203,436.8125
1,False,54.16480079200119,307.609375,0.0,18.08094024658203,436.8125
1,False,55.20579754200298,307.609375,0.0,18.08094024658203,436.8125
1,False,56.24587562501256,307.609375,0.0,18.08094024658203,436.8125
1,False,57.28492729199934,307.609375,0.0,18.08094024658203,436.8125
1,False,58.3288490420091,307.609375,0.0,18.08094024658203,436.8125
1,False,59.37032504200761,307.609375,0.0,18.08094024658203,436.84375
1,False,60.39930612500757,307.609375,0.0,18.08094024658203,436.84375
1,False,61.441521333006676,307.609375,0.0,18.08094024658203,436.84375
1,False,62.482755167002324,307.609375,0.0,18.08094024658203,436.84375
1,False,63.5229724170058,307.609375,0.0,18.08094024658203,436.84375
1,False,64.56288820800546,307.609375,0.0,18.08094024658203,436.84375
1,False,65.60361637501046,307.609375,0.0,18.08094024658203,436.84375
1,False,66.6460170000064,307.609375,0.0,18.08094024658203,436.84375
1,False,67.69516975000442,307.609375,0.0,18.08094024658203,436.84375
1,False,68.73879116700846,307.609375,0.0,18.08094024658203,436.84375
1,False,69.77974820800591,307.609375,0.0,18.08094024658203,436.84375
1,False,70.81400633300655,307.609375,0.0,18.08094024658203,436.84375
1,False,71.85737908301235,307.609375,0.0,18.08094024658203,436.84375
1,False,72.8951594579994,307.609375,0.0,18.08094024658203,436.84375
1,False,73.92980770800204,307.609375,0.0,18.08094024658203,436.84375
1,False,74.9638726250123,307.609375,0.0,18.08094024658203,436.84375
1,False,75.99669733300107,307.609375,0.0,18.08094024658203,436.84375
1,False,77.02578904200345,307.609375,0.0,18.08094024658203,436.84375
1,False,78.04927245801082,307.609375,0.0,18.08094024658203,436.84375
1,False,79.07579029200133,307.609375,0.0,18.08094024658203,436.84375
1,False,80.11675941701105,307.609375,0.0,18.08094024658203,436.84375
1,False,81.15963087500131,307.609375,0.0,18.08094024658203,436.84375
1,False,82.20180100000289,307.609375,0.0,18.08094024658203,436.84375
1,False,83.24596695801301,307.609375,0.0,18.08094024658203,436.84375
1,False,84.29288041700784,307.609375,0.0,18.08094024658203,436.84375
1,False,85.33963462500833,307.609375,0.0,18.08094024658203,436.84375
1,False,86.38777387500159,307.609375,0.0,18.08094024658203,436.84375
1,False,87.43160079201334,307.609375,0.0,18.08094024658203,436.84375
1,False,88.47496066700842,307.609375,0.0,18.08094024658203,436.84375
1,False,89.52308991701284,307.609375,0.0,18.08094024658203,436.84375
1,False,90.57288870800403,307.609375,0.0,18.08094024658203,436.84375
1,False,91.62601233299938,307.609375,0.0,18.08094024658203,436.84375
1,False,92.67577395800618,307.609375,0.0,18.08094024658203,436.84375
1,False,93.72709370800294,307.609375,0.0,18.08094024658203,436.84375
1,False,94.7637203750055,307.609375,0.0,18.08094024658203,436.84375
1,False,95.80884725000942,307.609375,0.0,18.08094024658203,436.84375
1,False,96.85381345800124,307.609375,0.0,18.08094024658203,436.84375
1,False,97.90693254201324,307.609375,0.0,18.08094024658203,436.84375
1,False,98.95376641700568,307.609375,0.0,18.08094024658203,436.84375
1,False,99.99716804201307,307.609375,0.0,18.08094024658203,436.84375
1,False,101.04515866700967,307.609375,0.0,18.08094024658203,436.84375
1,False,102.09230887501326,307.609375,0.0,18.08094024658203,436.84375
1,False,103.12877958299941,307.609375,0.0,18.08094024658203,436.84375
1,False,104.17030625000189,307.609375,0.0,18.08094024658203,436.84375
1,False,105.20872337500623,307.609375,0.0,18.08094024658203,436.84375
1,False,106.24986187501054,307.609375,0.0,18.08094024658203,436.84375
1,False,107.28884016700613,307.609375,0.0,18.08094024658203,436.84375
1,False,108.32878054201137,307.609375,0.0,18.08094024658203,436.84375
1,False,109.36997916700784,307.609375,0.0,18.08094024658203,436.84375
1,False,110.41460033300973,307.609375,0.0,18.08094024658203,436.84375
1,False,111.45992325000407,307.609375,0.0,18.08094024658203,436.84375
1,False,112.50317229201028,307.609375,0.0,18.08094024658203,436.84375
1,False,113.55187745801231,307.609375,0.0,18.08094024658203,436.84375
1,False,114.59840541701124,307.609375,0.0,18.08094024658203,436.84375
1,False,115.64539200000581,307.609375,0.0,18.08094024658203,436.84375
1,False,116.69481020800595,307.609375,0.0,18.08094024658203,436.84375
1,False,117.74312841700157,307.609375,0.0,18.08094024658203,436.84375
1,False,118.78084237501025,307.609375,0.0,18.08094024658203,436.84375
1,False,119.80880295801035,307.609375,0.0,18.08094024658203,436.859375
1,False,120.84308045801299,307.609375,0.0,18.08094024658203,436.859375
1,False,121.8812891250127,307.609375,0.0,18.08094024658203,436.859375
1,False,122.90301716700196,307.609375,0.0,18.08094024658203,436.859375
1,False,123.92857737500162,307.609375,0.0,18.08094024658203,436.859375
1,False,124.95728941701236,307.609375,0.0,18.08094024658203,436.859375
1,False,125.98504687500827,307.609375,0.0,18.08094024658203,425.90625
1,False,127.01128470800177,307.609375,0.0,18.08094024658203,425.90625
1,False,128.03914662500028,307.609375,0.0,18.08094024658203,425.90625
1,False,129.0878107919998,307.609375,0.0,18.08094024658203,425.90625
1,False,130.14005454200378,307.609375,0.0,18.08094024658203,425.90625
1,False,131.16697400000703,307.609375,0.0,18.08094024658203,425.90625
1,False,132.19144391700684,307.609375,0.0,18.08094024658203,425.90625
1,False,133.2407286670059,307.609375,0.0,18.08094024658203,425.90625
1,False,134.28340158300125,307.609375,0.0,18.08094024658203,425.90625
1,False,135.37095983300242,307.609375,0.0,18.08094024658203,425.90625
1,False,136.42942470801063,307.609375,0.0,18.08094024658203,425.90625
1,False,137.46541437500855,307.609375,0.0,18.08094024658203,425.90625
1,False,138.5073690420104,307.609375,0.0,18.08094024658203,425.90625
1,False,139.55962962500053,307.609375,0.0,18.08094024658203,425.90625
1,False,140.6329597080039,307.609375,0.0,18.08094024658203,425.90625
1,False,141.6758044580056,307.609375,0.0,18.08094024658203,425.90625
1,False,142.7723937920091,307.609375,0.0,18.08094024658203,425.90625
1,False,143.81936512500397,307.609375,0.0,18.08094024658203,425.90625
1,False,144.9036702500016,307.609375,0.0,18.08094024658203,425.90625
1,False,145.96426529200107,307.609375,0.0,18.08094024658203,425.90625
1,False,147.0639343750081,307.609375,0.0,18.08094024658203,425.90625
1,False,148.102851750009,307.609375,0.0,18.08094024658203,425.90625
1,False,149.12495945800038,307.609375,0.0,18.08094024658203,425.90625
1,False,150.16797500000393,307.609375,0.0,18.08094024658203,425.90625
1,False,151.21173004200682,307.609375,0.0,18.08094024658203,425.90625
1,False,152.25288733300113,307.609375,0.0,18.08094024658203,425.90625
1,False,153.29696362500545,307.609375,0.0,18.08094024658203,425.90625
1,False,154.34033720800653,307.609375,0.0,18.08094024658203,425.90625
1,False,155.386234125006,307.609375,0.0,18.08094024658203,425.90625
1,False,156.4283642500086,307.609375,0.0,18.08094024658203,425.90625
1,False,157.46954212500714,307.609375,0.0,18.08094024658203,425.90625
1,False,158.51354329200694,307.609375,0.0,18.08094024658203,425.90625
1,False,159.55566341700614,307.609375,0.0,18.08094024658203,425.90625
1,False,160.59486529200512,307.609375,0.0,18.08094024658203,425.90625
1,False,161.63681170801283,307.609375,0.0,18.08094024658203,425.90625
1,False,162.68016704201,307.609375,0.0,18.08094024658203,425.90625
1,False,163.7280103330122,307.609375,0.0,18.08094024658203,425.90625
1,False,164.7663080830098,307.609375,0.0,18.08094024658203,425.90625
1,False,165.80053737500566,307.609375,0.0,18.08094024658203,425.90625
1,False,166.83500316701247,307.609375,0.0,18.08094024658203,425.90625
1,False,167.87516100000357,307.609375,0.0,18.08094024658203,425.90625
1,False,168.9190964580048,307.609375,0.0,18.08094024658203,425.90625
1,False,169.96445154200774,307.609375,0.0,18.08094024658203,425.90625
1,False,170.99638941700687,307.609375,0.0,18.08094024658203,425.90625
1,False,172.03954625000188,307.609375,0.0,18.08094024658203,425.90625
1,False,173.08985133300303,307.609375,0.0,18.08094024658203,425.90625
1,False,174.13173341700167,307.609375,0.0,18.08094024658203,425.90625
1,False,175.1657367500011,307.609375,0.0,18.08094024658203,425.90625
1,False,176.19575612500194,307.609375,0.0,18.08094024658203,425.90625
1,False,177.22782425000332,307.609375,0.0,18.08094024658203,425.90625
1,False,178.26974620801047,307.609375,0.0,18.08094024658203,425.90625
1,False,179.30261666700244,307.609375,0.0,18.08094024658203,426.0
1,False,180.32885104200977,307.609375,0.0,18.08094024658203,426.015625
1,False,181.36586050000915,307.609375,0.0,18.08094024658203,426.015625
1,False,182.39922812501027,307.609375,0.0,18.08094024658203,426.015625
