benchmark_id,cohort,mode,vm_memory_mib,pattern,metric,unit,n,value
B-VM-MEMORY,m17-single-fixed,default,512,repeated,before_mib,MiB,1,2.09375
B-VM-MEMORY,m17-single-fixed,default,512,repeated,active_mib,MiB,1,223.3359375
B-VM-MEMORY,m17-single-fixed,default,512,repeated,parked_mib,MiB,1,223.328125
B-VM-MEMORY,m17-single-fixed,default,512,repeated,idle-5_mib,MiB,1,223.58203125
B-VM-MEMORY,m17-single-fixed,default,512,repeated,restored_mib,MiB,1,263.69140625
B-VM-MEMORY,m17-single-fixed,default,512,repeated,after_mib,MiB,1,248.72265625
B-VM-MEMORY,m17-single-fixed,default,512,repeated,before_physical_mib,MiB,1,8.13671875
B-VM-MEMORY,m17-single-fixed,default,512,repeated,before_anon_mib,MiB,1,1.30859375
B-VM-MEMORY,m17-single-fixed,default,512,repeated,before_file_mib,MiB,1,0.00390625
B-VM-MEMORY,m17-single-fixed,default,512,repeated,before_kernel_mib,MiB,1,0.31640625
B-VM-MEMORY,m17-single-fixed,default,512,repeated,active_physical_mib,MiB,1,221.6396484375
B-VM-MEMORY,m17-single-fixed,default,512,repeated,active_anon_mib,MiB,1,16.14453125
B-VM-MEMORY,m17-single-fixed,default,512,repeated,active_file_mib,MiB,1,204.0703125
B-VM-MEMORY,m17-single-fixed,default,512,repeated,active_kernel_mib,MiB,1,2.73046875
B-VM-MEMORY,m17-single-fixed,default,512,repeated,parked_physical_mib,MiB,1,221.6708984375
B-VM-MEMORY,m17-single-fixed,default,512,repeated,parked_anon_mib,MiB,1,16.14453125
B-VM-MEMORY,m17-single-fixed,default,512,repeated,parked_file_mib,MiB,1,204.0703125
B-VM-MEMORY,m17-single-fixed,default,512,repeated,parked_kernel_mib,MiB,1,2.73046875
B-VM-MEMORY,m17-single-fixed,default,512,repeated,idle-5_physical_mib,MiB,1,181.4482421875
B-VM-MEMORY,m17-single-fixed,default,512,repeated,idle-5_anon_mib,MiB,1,16.1953125
B-VM-MEMORY,m17-single-fixed,default,512,repeated,idle-5_file_mib,MiB,1,204.078125
B-VM-MEMORY,m17-single-fixed,default,512,repeated,idle-5_kernel_mib,MiB,1,2.64453125
B-VM-MEMORY,m17-single-fixed,default,512,repeated,restored_physical_mib,MiB,1,221.5029296875
B-VM-MEMORY,m17-single-fixed,default,512,repeated,restored_anon_mib,MiB,1,16.25
B-VM-MEMORY,m17-single-fixed,default,512,repeated,restored_file_mib,MiB,1,244.08203125
B-VM-MEMORY,m17-single-fixed,default,512,repeated,restored_kernel_mib,MiB,1,2.9765625
B-VM-MEMORY,m17-single-fixed,default,512,repeated,after_physical_mib,MiB,1,12.744140625
B-VM-MEMORY,m17-single-fixed,default,512,repeated,after_anon_mib,MiB,1,3.21484375
B-VM-MEMORY,m17-single-fixed,default,512,repeated,after_file_mib,MiB,1,244.1015625
B-VM-MEMORY,m17-single-fixed,default,512,repeated,after_kernel_mib,MiB,1,0.7578125
B-VM-MEMORY,m17-single-fixed,default,512,repeated,peak_mib,MiB,1,327.6953125
B-VM-MEMORY,m17-single-fixed,default,512,repeated,park_cpu_ms,ms,1,0.9
B-VM-MEMORY,m17-single-fixed,default,512,repeated,idle_cpu_ms,ms,1,312.945
B-VM-MEMORY,m17-single-fixed,default,512,repeated,recovery_cpu_ms,ms,1,328.732
B-VM-MEMORY,m17-single-fixed,default,512,repeated,park_ms,ms,1,0.000301
B-VM-MEMORY,m17-single-fixed,default,512,repeated,resume_ack_ms,ms,1,0.000161
B-VM-MEMORY,m17-single-fixed,default,512,repeated,next_task_ms,ms,1,276.522696
B-VM-MEMORY,m17-single-fixed,default,512,repeated,guest_task_ms,ms,1,224.707103
B-VM-MEMORY,m17-single-fixed,default,512,compressible,before_mib,MiB,1,2.5859375
B-VM-MEMORY,m17-single-fixed,default,512,compressible,active_mib,MiB,1,220.07421875
B-VM-MEMORY,m17-single-fixed,default,512,compressible,parked_mib,MiB,1,220.06640625
B-VM-MEMORY,m17-single-fixed,default,512,compressible,idle-5_mib,MiB,1,219.6796875
B-VM-MEMORY,m17-single-fixed,default,512,compressible,restored_mib,MiB,1,264.02734375
B-VM-MEMORY,m17-single-fixed,default,512,compressible,after_mib,MiB,1,248.71875
B-VM-MEMORY,m17-single-fixed,default,512,compressible,before_physical_mib,MiB,1,8.3388671875
B-VM-MEMORY,m17-single-fixed,default,512,compressible,before_anon_mib,MiB,1,0.90625
B-VM-MEMORY,m17-single-fixed,default,512,compressible,before_file_mib,MiB,1,0.0
B-VM-MEMORY,m17-single-fixed,default,512,compressible,before_kernel_mib,MiB,1,0.17578125
B-VM-MEMORY,m17-single-fixed,default,512,compressible,active_physical_mib,MiB,1,222.0166015625
B-VM-MEMORY,m17-single-fixed,default,512,compressible,active_anon_mib,MiB,1,16.23828125
B-VM-MEMORY,m17-single-fixed,default,512,compressible,active_file_mib,MiB,1,200.0703125
B-VM-MEMORY,m17-single-fixed,default,512,compressible,active_kernel_mib,MiB,1,2.85546875
B-VM-MEMORY,m17-single-fixed,default,512,compressible,parked_physical_mib,MiB,1,222.0478515625
B-VM-MEMORY,m17-single-fixed,default,512,compressible,parked_anon_mib,MiB,1,16.23828125
B-VM-MEMORY,m17-single-fixed,default,512,compressible,parked_file_mib,MiB,1,200.0703125
B-VM-MEMORY,m17-single-fixed,default,512,compressible,parked_kernel_mib,MiB,1,2.85546875
B-VM-MEMORY,m17-single-fixed,default,512,compressible,idle-5_physical_mib,MiB,1,179.822265625
B-VM-MEMORY,m17-single-fixed,default,512,compressible,idle-5_anon_mib,MiB,1,16.28125
B-VM-MEMORY,m17-single-fixed,default,512,compressible,idle-5_file_mib,MiB,1,200.078125
B-VM-MEMORY,m17-single-fixed,default,512,compressible,idle-5_kernel_mib,MiB,1,2.765625
B-VM-MEMORY,m17-single-fixed,default,512,compressible,restored_physical_mib,MiB,1,223.865234375
B-VM-MEMORY,m17-single-fixed,default,512,compressible,restored_anon_mib,MiB,1,16.32421875
B-VM-MEMORY,m17-single-fixed,default,512,compressible,restored_file_mib,MiB,1,244.08203125
B-VM-MEMORY,m17-single-fixed,default,512,compressible,restored_kernel_mib,MiB,1,3.1171875
B-VM-MEMORY,m17-single-fixed,default,512,compressible,after_physical_mib,MiB,1,12.919921875
B-VM-MEMORY,m17-single-fixed,default,512,compressible,after_anon_mib,MiB,1,3.25
B-VM-MEMORY,m17-single-fixed,default,512,compressible,after_file_mib,MiB,1,244.1015625
B-VM-MEMORY,m17-single-fixed,default,512,compressible,after_kernel_mib,MiB,1,0.78125
B-VM-MEMORY,m17-single-fixed,default,512,compressible,peak_mib,MiB,1,328.046875
B-VM-MEMORY,m17-single-fixed,default,512,compressible,park_cpu_ms,ms,1,1.041
B-VM-MEMORY,m17-single-fixed,default,512,compressible,idle_cpu_ms,ms,1,323.435
B-VM-MEMORY,m17-single-fixed,default,512,compressible,recovery_cpu_ms,ms,1,384.009
B-VM-MEMORY,m17-single-fixed,default,512,compressible,park_ms,ms,1,0.00015
B-VM-MEMORY,m17-single-fixed,default,512,compressible,resume_ack_ms,ms,1,8.999999999999999e-05
B-VM-MEMORY,m17-single-fixed,default,512,compressible,next_task_ms,ms,1,288.337794
B-VM-MEMORY,m17-single-fixed,default,512,compressible,guest_task_ms,ms,1,277.534148
B-VM-MEMORY,m17-single-fixed,default,512,random,before_mib,MiB,1,2.34765625
B-VM-MEMORY,m17-single-fixed,default,512,random,active_mib,MiB,1,223.890625
B-VM-MEMORY,m17-single-fixed,default,512,random,parked_mib,MiB,1,223.8828125
B-VM-MEMORY,m17-single-fixed,default,512,random,idle-5_mib,MiB,1,223.78515625
B-VM-MEMORY,m17-single-fixed,default,512,random,restored_mib,MiB,1,264.14453125
B-VM-MEMORY,m17-single-fixed,default,512,random,after_mib,MiB,1,248.82421875
B-VM-MEMORY,m17-single-fixed,default,512,random,before_physical_mib,MiB,1,8.169921875
B-VM-MEMORY,m17-single-fixed,default,512,random,before_anon_mib,MiB,1,1.43359375
B-VM-MEMORY,m17-single-fixed,default,512,random,before_file_mib,MiB,1,0.00390625
B-VM-MEMORY,m17-single-fixed,default,512,random,before_kernel_mib,MiB,1,0.3359375
B-VM-MEMORY,m17-single-fixed,default,512,random,active_physical_mib,MiB,1,221.5625
B-VM-MEMORY,m17-single-fixed,default,512,random,active_anon_mib,MiB,1,16.23828125
B-VM-MEMORY,m17-single-fixed,default,512,random,active_file_mib,MiB,1,204.0703125
B-VM-MEMORY,m17-single-fixed,default,512,random,active_kernel_mib,MiB,1,2.86328125
B-VM-MEMORY,m17-single-fixed,default,512,random,parked_physical_mib,MiB,1,221.59375
B-VM-MEMORY,m17-single-fixed,default,512,random,parked_anon_mib,MiB,1,16.23828125
B-VM-MEMORY,m17-single-fixed,default,512,random,parked_file_mib,MiB,1,204.0703125
B-VM-MEMORY,m17-single-fixed,default,512,random,parked_kernel_mib,MiB,1,2.86328125
B-VM-MEMORY,m17-single-fixed,default,512,random,idle-5_physical_mib,MiB,1,179.36328125
B-VM-MEMORY,m17-single-fixed,default,512,random,idle-5_anon_mib,MiB,1,16.28125
B-VM-MEMORY,m17-single-fixed,default,512,random,idle-5_file_mib,MiB,1,204.078125
B-VM-MEMORY,m17-single-fixed,default,512,random,idle-5_kernel_mib,MiB,1,2.78515625
B-VM-MEMORY,m17-single-fixed,default,512,random,restored_physical_mib,MiB,1,219.41015625
B-VM-MEMORY,m17-single-fixed,default,512,random,restored_anon_mib,MiB,1,16.32421875
B-VM-MEMORY,m17-single-fixed,default,512,random,restored_file_mib,MiB,1,244.08203125
B-VM-MEMORY,m17-single-fixed,default,512,random,restored_kernel_mib,MiB,1,3.11328125
B-VM-MEMORY,m17-single-fixed,default,512,random,after_physical_mib,MiB,1,13.044921875
B-VM-MEMORY,m17-single-fixed,default,512,random,after_anon_mib,MiB,1,3.26953125
B-VM-MEMORY,m17-single-fixed,default,512,random,after_file_mib,MiB,1,244.1015625
B-VM-MEMORY,m17-single-fixed,default,512,random,after_kernel_mib,MiB,1,0.7734375
B-VM-MEMORY,m17-single-fixed,default,512,random,peak_mib,MiB,1,328.1484375
B-VM-MEMORY,m17-single-fixed,default,512,random,park_cpu_ms,ms,1,0.858
B-VM-MEMORY,m17-single-fixed,default,512,random,idle_cpu_ms,ms,1,324.69
B-VM-MEMORY,m17-single-fixed,default,512,random,recovery_cpu_ms,ms,1,385.659
B-VM-MEMORY,m17-single-fixed,default,512,random,park_ms,ms,1,0.00023999999999999998
B-VM-MEMORY,m17-single-fixed,default,512,random,resume_ack_ms,ms,1,0.00026
B-VM-MEMORY,m17-single-fixed,default,512,random,next_task_ms,ms,1,320.06034100000005
B-VM-MEMORY,m17-single-fixed,default,512,random,guest_task_ms,ms,1,306.203818
B-VM-MEMORY,m17-single-fixed,default,512,mixed,before_mib,MiB,1,2.83984375
B-VM-MEMORY,m17-single-fixed,default,512,mixed,active_mib,MiB,1,220.02734375
B-VM-MEMORY,m17-single-fixed,default,512,mixed,parked_mib,MiB,1,220.01953125
B-VM-MEMORY,m17-single-fixed,default,512,mixed,idle-5_mib,MiB,1,220.15234375
B-VM-MEMORY,m17-single-fixed,default,512,mixed,restored_mib,MiB,1,260.015625
B-VM-MEMORY,m17-single-fixed,default,512,mixed,after_mib,MiB,1,244.72265625
B-VM-MEMORY,m17-single-fixed,default,512,mixed,before_physical_mib,MiB,1,8.39453125
B-VM-MEMORY,m17-single-fixed,default,512,mixed,before_anon_mib,MiB,1,0.99609375
B-VM-MEMORY,m17-single-fixed,default,512,mixed,before_file_mib,MiB,1,0.0
B-VM-MEMORY,m17-single-fixed,default,512,mixed,before_kernel_mib,MiB,1,0.18359375
B-VM-MEMORY,m17-single-fixed,default,512,mixed,active_physical_mib,MiB,1,221.9384765625
B-VM-MEMORY,m17-single-fixed,default,512,mixed,active_anon_mib,MiB,1,16.22265625
B-VM-MEMORY,m17-single-fixed,default,512,mixed,active_file_mib,MiB,1,200.0703125
B-VM-MEMORY,m17-single-fixed,default,512,mixed,active_kernel_mib,MiB,1,2.859375
B-VM-MEMORY,m17-single-fixed,default,512,mixed,parked_physical_mib,MiB,1,221.9697265625
B-VM-MEMORY,m17-single-fixed,default,512,mixed,parked_anon_mib,MiB,1,16.22265625
B-VM-MEMORY,m17-single-fixed,default,512,mixed,parked_file_mib,MiB,1,200.0703125
B-VM-MEMORY,m17-single-fixed,default,512,mixed,parked_kernel_mib,MiB,1,2.859375
B-VM-MEMORY,m17-single-fixed,default,512,mixed,idle-5_physical_mib,MiB,1,177.7548828125
B-VM-MEMORY,m17-single-fixed,default,512,mixed,idle-5_anon_mib,MiB,1,16.2734375
B-VM-MEMORY,m17-single-fixed,default,512,mixed,idle-5_file_mib,MiB,1,200.078125
B-VM-MEMORY,m17-single-fixed,default,512,mixed,idle-5_kernel_mib,MiB,1,2.76953125
B-VM-MEMORY,m17-single-fixed,default,512,mixed,restored_physical_mib,MiB,1,219.7978515625
B-VM-MEMORY,m17-single-fixed,default,512,mixed,restored_anon_mib,MiB,1,16.31640625
B-VM-MEMORY,m17-single-fixed,default,512,mixed,restored_file_mib,MiB,1,240.08203125
B-VM-MEMORY,m17-single-fixed,default,512,mixed,restored_kernel_mib,MiB,1,2.953125
B-VM-MEMORY,m17-single-fixed,default,512,mixed,after_physical_mib,MiB,1,12.9111328125
B-VM-MEMORY,m17-single-fixed,default,512,mixed,after_anon_mib,MiB,1,3.25
B-VM-MEMORY,m17-single-fixed,default,512,mixed,after_file_mib,MiB,1,240.1015625
B-VM-MEMORY,m17-single-fixed,default,512,mixed,after_kernel_mib,MiB,1,0.73828125
B-VM-MEMORY,m17-single-fixed,default,512,mixed,peak_mib,MiB,1,324.01953125
B-VM-MEMORY,m17-single-fixed,default,512,mixed,park_cpu_ms,ms,1,0.908
B-VM-MEMORY,m17-single-fixed,default,512,mixed,idle_cpu_ms,ms,1,959.72
B-VM-MEMORY,m17-single-fixed,default,512,mixed,recovery_cpu_ms,ms,1,388.125
B-VM-MEMORY,m17-single-fixed,default,512,mixed,park_ms,ms,1,0.00019
B-VM-MEMORY,m17-single-fixed,default,512,mixed,resume_ack_ms,ms,1,9.999999999999999e-05
B-VM-MEMORY,m17-single-fixed,default,512,mixed,next_task_ms,ms,1,353.016401
B-VM-MEMORY,m17-single-fixed,default,512,mixed,guest_task_ms,ms,1,301.807243
B-VM-MEMORY,m17-single-fixed,cold,512,repeated,before_mib,MiB,1,3.08984375
B-VM-MEMORY,m17-single-fixed,cold,512,repeated,active_mib,MiB,1,194.9296875
B-VM-MEMORY,m17-single-fixed,cold,512,repeated,parked_mib,MiB,1,194.921875
B-VM-MEMORY,m17-single-fixed,cold,512,repeated,idle-5_mib,MiB,1,131.16796875
B-VM-MEMORY,m17-single-fixed,cold,512,repeated,restored_mib,MiB,1,231.4921875
B-VM-MEMORY,m17-single-fixed,cold,512,repeated,after_mib,MiB,1,3.44140625
B-VM-MEMORY,m17-single-fixed,cold,512,repeated,before_physical_mib,MiB,1,8.390625
B-VM-MEMORY,m17-single-fixed,cold,512,repeated,before_anon_mib,MiB,1,0.9609375
B-VM-MEMORY,m17-single-fixed,cold,512,repeated,before_file_mib,MiB,1,0.0
B-VM-MEMORY,m17-single-fixed,cold,512,repeated,before_kernel_mib,MiB,1,0.171875
B-VM-MEMORY,m17-single-fixed,cold,512,repeated,active_physical_mib,MiB,1,210.53515625
B-VM-MEMORY,m17-single-fixed,cold,512,repeated,active_anon_mib,MiB,1,191.25390625
B-VM-MEMORY,m17-single-fixed,cold,512,repeated,active_file_mib,MiB,1,0.0703125
B-VM-MEMORY,m17-single-fixed,cold,512,repeated,active_kernel_mib,MiB,1,2.7578125
B-VM-MEMORY,m17-single-fixed,cold,512,repeated,parked_physical_mib,MiB,1,210.56640625
B-VM-MEMORY,m17-single-fixed,cold,512,repeated,parked_anon_mib,MiB,1,191.25390625
B-VM-MEMORY,m17-single-fixed,cold,512,repeated,parked_file_mib,MiB,1,0.0703125
B-VM-MEMORY,m17-single-fixed,cold,512,repeated,parked_kernel_mib,MiB,1,2.7578125
B-VM-MEMORY,m17-single-fixed,cold,512,repeated,idle-5_physical_mib,MiB,1,147.234375
B-VM-MEMORY,m17-single-fixed,cold,512,repeated,idle-5_anon_mib,MiB,1,127.453125
B-VM-MEMORY,m17-single-fixed,cold,512,repeated,idle-5_file_mib,MiB,1,0.078125
B-VM-MEMORY,m17-single-fixed,cold,512,repeated,idle-5_kernel_mib,MiB,1,2.7890625
B-VM-MEMORY,m17-single-fixed,cold,512,repeated,restored_physical_mib,MiB,1,247.5546875
B-VM-MEMORY,m17-single-fixed,cold,512,repeated,restored_anon_mib,MiB,1,227.77734375
B-VM-MEMORY,m17-single-fixed,cold,512,repeated,restored_file_mib,MiB,1,0.08203125
B-VM-MEMORY,m17-single-fixed,cold,512,repeated,restored_kernel_mib,MiB,1,3.01953125
B-VM-MEMORY,m17-single-fixed,cold,512,repeated,after_physical_mib,MiB,1,11.8916015625
B-VM-MEMORY,m17-single-fixed,cold,512,repeated,after_anon_mib,MiB,1,2.21875
B-VM-MEMORY,m17-single-fixed,cold,512,repeated,after_file_mib,MiB,1,0.1015625
B-VM-MEMORY,m17-single-fixed,cold,512,repeated,after_kernel_mib,MiB,1,0.5625
B-VM-MEMORY,m17-single-fixed,cold,512,repeated,peak_mib,MiB,1,295.27734375
B-VM-MEMORY,m17-single-fixed,cold,512,repeated,park_cpu_ms,ms,1,1.868
B-VM-MEMORY,m17-single-fixed,cold,512,repeated,idle_cpu_ms,ms,1,500.212
B-VM-MEMORY,m17-single-fixed,cold,512,repeated,recovery_cpu_ms,ms,1,584.142
B-VM-MEMORY,m17-single-fixed,cold,512,repeated,park_ms,ms,1,0.000441
B-VM-MEMORY,m17-single-fixed,cold,512,repeated,resume_ack_ms,ms,1,9.999999999999999e-05
B-VM-MEMORY,m17-single-fixed,cold,512,repeated,next_task_ms,ms,1,589.305108
B-VM-MEMORY,m17-single-fixed,cold,512,repeated,guest_task_ms,ms,1,575.694284
B-VM-MEMORY,m17-single-fixed,cold,512,compressible,before_mib,MiB,1,2.84375
B-VM-MEMORY,m17-single-fixed,cold,512,compressible,active_mib,MiB,1,195.140625
B-VM-MEMORY,m17-single-fixed,cold,512,compressible,parked_mib,MiB,1,195.1328125
B-VM-MEMORY,m17-single-fixed,cold,512,compressible,idle-5_mib,MiB,1,130.17578125
B-VM-MEMORY,m17-single-fixed,cold,512,compressible,restored_mib,MiB,1,234.91796875
B-VM-MEMORY,m17-single-fixed,cold,512,compressible,after_mib,MiB,1,3.61328125
B-VM-MEMORY,m17-single-fixed,cold,512,compressible,before_physical_mib,MiB,1,8.3427734375
B-VM-MEMORY,m17-single-fixed,cold,512,compressible,before_anon_mib,MiB,1,1.0078125
B-VM-MEMORY,m17-single-fixed,cold,512,compressible,before_file_mib,MiB,1,0.0
B-VM-MEMORY,m17-single-fixed,cold,512,compressible,before_kernel_mib,MiB,1,0.16015625
B-VM-MEMORY,m17-single-fixed,cold,512,compressible,active_physical_mib,MiB,1,210.7705078125
B-VM-MEMORY,m17-single-fixed,cold,512,compressible,active_anon_mib,MiB,1,191.453125
B-VM-MEMORY,m17-single-fixed,cold,512,compressible,active_file_mib,MiB,1,0.0703125
B-VM-MEMORY,m17-single-fixed,cold,512,compressible,active_kernel_mib,MiB,1,2.75
B-VM-MEMORY,m17-single-fixed,cold,512,compressible,parked_physical_mib,MiB,1,210.8017578125
B-VM-MEMORY,m17-single-fixed,cold,512,compressible,parked_anon_mib,MiB,1,191.453125
B-VM-MEMORY,m17-single-fixed,cold,512,compressible,parked_file_mib,MiB,1,0.0703125
B-VM-MEMORY,m17-single-fixed,cold,512,compressible,parked_kernel_mib,MiB,1,2.75
B-VM-MEMORY,m17-single-fixed,cold,512,compressible,idle-5_physical_mib,MiB,1,146.419921875
B-VM-MEMORY,m17-single-fixed,cold,512,compressible,idle-5_anon_mib,MiB,1,126.59765625
B-VM-MEMORY,m17-single-fixed,cold,512,compressible,idle-5_file_mib,MiB,1,0.078125
B-VM-MEMORY,m17-single-fixed,cold,512,compressible,idle-5_kernel_mib,MiB,1,2.77734375
B-VM-MEMORY,m17-single-fixed,cold,512,compressible,restored_physical_mib,MiB,1,250.740234375
B-VM-MEMORY,m17-single-fixed,cold,512,compressible,restored_anon_mib,MiB,1,230.91796875
B-VM-MEMORY,m17-single-fixed,cold,512,compressible,restored_file_mib,MiB,1,0.08203125
B-VM-MEMORY,m17-single-fixed,cold,512,compressible,restored_kernel_mib,MiB,1,3.01171875
B-VM-MEMORY,m17-single-fixed,cold,512,compressible,after_physical_mib,MiB,1,11.845703125
B-VM-MEMORY,m17-single-fixed,cold,512,compressible,after_anon_mib,MiB,1,2.171875
B-VM-MEMORY,m17-single-fixed,cold,512,compressible,after_file_mib,MiB,1,0.1015625
B-VM-MEMORY,m17-single-fixed,cold,512,compressible,after_kernel_mib,MiB,1,0.5859375
B-VM-MEMORY,m17-single-fixed,cold,512,compressible,peak_mib,MiB,1,298.98046875
B-VM-MEMORY,m17-single-fixed,cold,512,compressible,park_cpu_ms,ms,1,2.781
B-VM-MEMORY,m17-single-fixed,cold,512,compressible,idle_cpu_ms,ms,1,541.83
B-VM-MEMORY,m17-single-fixed,cold,512,compressible,recovery_cpu_ms,ms,1,592.882
B-VM-MEMORY,m17-single-fixed,cold,512,compressible,park_ms,ms,1,0.00046100000000000004
B-VM-MEMORY,m17-single-fixed,cold,512,compressible,resume_ack_ms,ms,1,0.00019
B-VM-MEMORY,m17-single-fixed,cold,512,compressible,next_task_ms,ms,1,599.098914
B-VM-MEMORY,m17-single-fixed,cold,512,compressible,guest_task_ms,ms,1,584.637687
B-VM-MEMORY,m17-single-fixed,cold,512,random,before_mib,MiB,1,3.08984375
B-VM-MEMORY,m17-single-fixed,cold,512,random,active_mib,MiB,1,195.16015625
B-VM-MEMORY,m17-single-fixed,cold,512,random,parked_mib,MiB,1,195.15234375
B-VM-MEMORY,m17-single-fixed,cold,512,random,idle-5_mib,MiB,1,195.83203125
B-VM-MEMORY,m17-single-fixed,cold,512,random,restored_mib,MiB,1,231.08984375
B-VM-MEMORY,m17-single-fixed,cold,512,random,after_mib,MiB,1,3.58203125
B-VM-MEMORY,m17-single-fixed,cold,512,random,before_physical_mib,MiB,1,8.39453125
B-VM-MEMORY,m17-single-fixed,cold,512,random,before_anon_mib,MiB,1,1.0078125
B-VM-MEMORY,m17-single-fixed,cold,512,random,before_file_mib,MiB,1,0.0
B-VM-MEMORY,m17-single-fixed,cold,512,random,before_kernel_mib,MiB,1,0.16796875
B-VM-MEMORY,m17-single-fixed,cold,512,random,active_physical_mib,MiB,1,211.458984375
B-VM-MEMORY,m17-single-fixed,cold,512,random,active_anon_mib,MiB,1,191.6328125
B-VM-MEMORY,m17-single-fixed,cold,512,random,active_file_mib,MiB,1,0.0703125
B-VM-MEMORY,m17-single-fixed,cold,512,random,active_kernel_mib,MiB,1,2.765625
B-VM-MEMORY,m17-single-fixed,cold,512,random,parked_physical_mib,MiB,1,211.490234375
B-VM-MEMORY,m17-single-fixed,cold,512,random,parked_anon_mib,MiB,1,191.6328125
B-VM-MEMORY,m17-single-fixed,cold,512,random,parked_file_mib,MiB,1,0.0703125
B-VM-MEMORY,m17-single-fixed,cold,512,random,parked_kernel_mib,MiB,1,2.765625
B-VM-MEMORY,m17-single-fixed,cold,512,random,idle-5_physical_mib,MiB,1,212.0771484375
B-VM-MEMORY,m17-single-fixed,cold,512,random,idle-5_anon_mib,MiB,1,192.25390625
B-VM-MEMORY,m17-single-fixed,cold,512,random,idle-5_file_mib,MiB,1,0.078125
B-VM-MEMORY,m17-single-fixed,cold,512,random,idle-5_kernel_mib,MiB,1,2.7890625
B-VM-MEMORY,m17-single-fixed,cold,512,random,restored_physical_mib,MiB,1,246.8623046875
B-VM-MEMORY,m17-single-fixed,cold,512,random,restored_anon_mib,MiB,1,227.03515625
B-VM-MEMORY,m17-single-fixed,cold,512,random,restored_file_mib,MiB,1,0.08203125
B-VM-MEMORY,m17-single-fixed,cold,512,random,restored_kernel_mib,MiB,1,3.16015625
B-VM-MEMORY,m17-single-fixed,cold,512,random,after_physical_mib,MiB,1,11.896484375
B-VM-MEMORY,m17-single-fixed,cold,512,random,after_anon_mib,MiB,1,2.17578125
B-VM-MEMORY,m17-single-fixed,cold,512,random,after_file_mib,MiB,1,0.1015625
B-VM-MEMORY,m17-single-fixed,cold,512,random,after_kernel_mib,MiB,1,0.53125
B-VM-MEMORY,m17-single-fixed,cold,512,random,peak_mib,MiB,1,295.13671875
B-VM-MEMORY,m17-single-fixed,cold,512,random,park_cpu_ms,ms,1,1.914
B-VM-MEMORY,m17-single-fixed,cold,512,random,idle_cpu_ms,ms,1,427.528
B-VM-MEMORY,m17-single-fixed,cold,512,random,recovery_cpu_ms,ms,1,422.636
B-VM-MEMORY,m17-single-fixed,cold,512,random,park_ms,ms,1,0.00028000000000000003
B-VM-MEMORY,m17-single-fixed,cold,512,random,resume_ack_ms,ms,1,0.00011
B-VM-MEMORY,m17-single-fixed,cold,512,random,next_task_ms,ms,1,431.630175
B-VM-MEMORY,m17-single-fixed,cold,512,random,guest_task_ms,ms,1,422.842444
B-VM-MEMORY,m17-single-fixed,cold,512,mixed,before_mib,MiB,1,2.83984375
B-VM-MEMORY,m17-single-fixed,cold,512,mixed,active_mib,MiB,1,197.24609375
B-VM-MEMORY,m17-single-fixed,cold,512,mixed,parked_mib,MiB,1,197.23828125
B-VM-MEMORY,m17-single-fixed,cold,512,mixed,idle-5_mib,MiB,1,141.95703125
B-VM-MEMORY,m17-single-fixed,cold,512,mixed,restored_mib,MiB,1,234.109375
B-VM-MEMORY,m17-single-fixed,cold,512,mixed,after_mib,MiB,1,3.765625
B-VM-MEMORY,m17-single-fixed,cold,512,mixed,before_physical_mib,MiB,1,8.03515625
B-VM-MEMORY,m17-single-fixed,cold,512,mixed,before_anon_mib,MiB,1,0.7734375
B-VM-MEMORY,m17-single-fixed,cold,512,mixed,before_file_mib,MiB,1,0.0
B-VM-MEMORY,m17-single-fixed,cold,512,mixed,before_kernel_mib,MiB,1,0.15625
B-VM-MEMORY,m17-single-fixed,cold,512,mixed,active_physical_mib,MiB,1,213.4423828125
B-VM-MEMORY,m17-single-fixed,cold,512,mixed,active_anon_mib,MiB,1,193.8125
B-VM-MEMORY,m17-single-fixed,cold,512,mixed,active_file_mib,MiB,1,0.0703125
B-VM-MEMORY,m17-single-fixed,cold,512,mixed,active_kernel_mib,MiB,1,2.77734375
B-VM-MEMORY,m17-single-fixed,cold,512,mixed,parked_physical_mib,MiB,1,213.4736328125
B-VM-MEMORY,m17-single-fixed,cold,512,mixed,parked_anon_mib,MiB,1,193.8125
B-VM-MEMORY,m17-single-fixed,cold,512,mixed,parked_file_mib,MiB,1,0.0703125
B-VM-MEMORY,m17-single-fixed,cold,512,mixed,parked_kernel_mib,MiB,1,2.77734375
B-VM-MEMORY,m17-single-fixed,cold,512,mixed,idle-5_physical_mib,MiB,1,158.2705078125
B-VM-MEMORY,m17-single-fixed,cold,512,mixed,idle-5_anon_mib,MiB,1,138.63671875
B-VM-MEMORY,m17-single-fixed,cold,512,mixed,idle-5_file_mib,MiB,1,0.078125
B-VM-MEMORY,m17-single-fixed,cold,512,mixed,idle-5_kernel_mib,MiB,1,2.79296875
B-VM-MEMORY,m17-single-fixed,cold,512,mixed,restored_physical_mib,MiB,1,249.9306640625
B-VM-MEMORY,m17-single-fixed,cold,512,mixed,restored_anon_mib,MiB,1,230.25
B-VM-MEMORY,m17-single-fixed,cold,512,mixed,restored_file_mib,MiB,1,0.08203125
B-VM-MEMORY,m17-single-fixed,cold,512,mixed,restored_kernel_mib,MiB,1,3.01171875
B-VM-MEMORY,m17-single-fixed,cold,512,mixed,after_physical_mib,MiB,1,11.708984375
B-VM-MEMORY,m17-single-fixed,cold,512,mixed,after_anon_mib,MiB,1,2.22265625
B-VM-MEMORY,m17-single-fixed,cold,512,mixed,after_file_mib,MiB,1,0.1015625
B-VM-MEMORY,m17-single-fixed,cold,512,mixed,after_kernel_mib,MiB,1,0.54296875
B-VM-MEMORY,m17-single-fixed,cold,512,mixed,peak_mib,MiB,1,297.94921875
B-VM-MEMORY,m17-single-fixed,cold,512,mixed,park_cpu_ms,ms,1,0.984
B-VM-MEMORY,m17-single-fixed,cold,512,mixed,idle_cpu_ms,ms,1,1096.035
B-VM-MEMORY,m17-single-fixed,cold,512,mixed,recovery_cpu_ms,ms,1,551.186
B-VM-MEMORY,m17-single-fixed,cold,512,mixed,park_ms,ms,1,0.00019999999999999998
B-VM-MEMORY,m17-single-fixed,cold,512,mixed,resume_ack_ms,ms,1,0.00025
B-VM-MEMORY,m17-single-fixed,cold,512,mixed,next_task_ms,ms,1,574.992466
B-VM-MEMORY,m17-single-fixed,cold,512,mixed,guest_task_ms,ms,1,557.685251
B-VM-MEMORY,m17-single-fixed,pause,512,repeated,before_mib,MiB,1,3.08984375
B-VM-MEMORY,m17-single-fixed,pause,512,repeated,active_mib,MiB,1,220.09375
B-VM-MEMORY,m17-single-fixed,pause,512,repeated,parked_mib,MiB,1,220.0859375
B-VM-MEMORY,m17-single-fixed,pause,512,repeated,idle-5_mib,MiB,1,220.015625
B-VM-MEMORY,m17-single-fixed,pause,512,repeated,restored_mib,MiB,1,252.23828125
B-VM-MEMORY,m17-single-fixed,pause,512,repeated,after_mib,MiB,1,237.26171875
B-VM-MEMORY,m17-single-fixed,pause,512,repeated,before_physical_mib,MiB,1,8.1181640625
B-VM-MEMORY,m17-single-fixed,pause,512,repeated,before_anon_mib,MiB,1,0.828125
B-VM-MEMORY,m17-single-fixed,pause,512,repeated,before_file_mib,MiB,1,0.0
B-VM-MEMORY,m17-single-fixed,pause,512,repeated,before_kernel_mib,MiB,1,0.17578125
B-VM-MEMORY,m17-single-fixed,pause,512,repeated,active_physical_mib,MiB,1,222.3232421875
B-VM-MEMORY,m17-single-fixed,pause,512,repeated,active_anon_mib,MiB,1,16.23046875
B-VM-MEMORY,m17-single-fixed,pause,512,repeated,active_file_mib,MiB,1,200.0703125
B-VM-MEMORY,m17-single-fixed,pause,512,repeated,active_kernel_mib,MiB,1,2.83984375
B-VM-MEMORY,m17-single-fixed,pause,512,repeated,parked_physical_mib,MiB,1,222.3896484375
B-VM-MEMORY,m17-single-fixed,pause,512,repeated,parked_anon_mib,MiB,1,16.23046875
B-VM-MEMORY,m17-single-fixed,pause,512,repeated,parked_file_mib,MiB,1,200.0703125
B-VM-MEMORY,m17-single-fixed,pause,512,repeated,parked_kernel_mib,MiB,1,2.83984375
B-VM-MEMORY,m17-single-fixed,pause,512,repeated,idle-5_physical_mib,MiB,1,222.4091796875
B-VM-MEMORY,m17-single-fixed,pause,512,repeated,idle-5_anon_mib,MiB,1,16.30859375
B-VM-MEMORY,m17-single-fixed,pause,512,repeated,idle-5_file_mib,MiB,1,200.078125
B-VM-MEMORY,m17-single-fixed,pause,512,repeated,idle-5_kernel_mib,MiB,1,2.8203125
B-VM-MEMORY,m17-single-fixed,pause,512,repeated,restored_physical_mib,MiB,1,220.4912109375
B-VM-MEMORY,m17-single-fixed,pause,512,repeated,restored_anon_mib,MiB,1,16.38671875
B-VM-MEMORY,m17-single-fixed,pause,512,repeated,restored_file_mib,MiB,1,232.08203125
B-VM-MEMORY,m17-single-fixed,pause,512,repeated,restored_kernel_mib,MiB,1,2.85546875
B-VM-MEMORY,m17-single-fixed,pause,512,repeated,after_physical_mib,MiB,1,12.958984375
B-VM-MEMORY,m17-single-fixed,pause,512,repeated,after_anon_mib,MiB,1,3.29296875
B-VM-MEMORY,m17-single-fixed,pause,512,repeated,after_file_mib,MiB,1,232.1015625
B-VM-MEMORY,m17-single-fixed,pause,512,repeated,after_kernel_mib,MiB,1,0.71484375
B-VM-MEMORY,m17-single-fixed,pause,512,repeated,peak_mib,MiB,1,316.2421875
B-VM-MEMORY,m17-single-fixed,pause,512,repeated,park_cpu_ms,ms,1,1.87
B-VM-MEMORY,m17-single-fixed,pause,512,repeated,idle_cpu_ms,ms,1,7.521
B-VM-MEMORY,m17-single-fixed,pause,512,repeated,recovery_cpu_ms,ms,1,314.211
B-VM-MEMORY,m17-single-fixed,pause,512,repeated,park_ms,ms,1,0.2678
B-VM-MEMORY,m17-single-fixed,pause,512,repeated,resume_ack_ms,ms,1,0.575234
B-VM-MEMORY,m17-single-fixed,pause,512,repeated,next_task_ms,ms,1,221.931422
B-VM-MEMORY,m17-single-fixed,pause,512,repeated,guest_task_ms,ms,1,208.49863
B-VM-MEMORY,m17-single-fixed,pause,512,random,before_mib,MiB,1,3.14453125
B-VM-MEMORY,m17-single-fixed,pause,512,random,active_mib,MiB,1,223.84375
B-VM-MEMORY,m17-single-fixed,pause,512,random,parked_mib,MiB,1,223.8359375
B-VM-MEMORY,m17-single-fixed,pause,512,random,idle-5_mib,MiB,1,223.72265625
B-VM-MEMORY,m17-single-fixed,pause,512,random,restored_mib,MiB,1,255.94140625
B-VM-MEMORY,m17-single-fixed,pause,512,random,after_mib,MiB,1,240.9609375
B-VM-MEMORY,m17-single-fixed,pause,512,random,before_physical_mib,MiB,1,8.279296875
B-VM-MEMORY,m17-single-fixed,pause,512,random,before_anon_mib,MiB,1,1.4375
B-VM-MEMORY,m17-single-fixed,pause,512,random,before_file_mib,MiB,1,0.00390625
B-VM-MEMORY,m17-single-fixed,pause,512,random,before_kernel_mib,MiB,1,0.34765625
B-VM-MEMORY,m17-single-fixed,pause,512,random,active_physical_mib,MiB,1,222.5234375
B-VM-MEMORY,m17-single-fixed,pause,512,random,active_anon_mib,MiB,1,16.15625
B-VM-MEMORY,m17-single-fixed,pause,512,random,active_file_mib,MiB,1,204.0703125
B-VM-MEMORY,m17-single-fixed,pause,512,random,active_kernel_mib,MiB,1,2.7265625
B-VM-MEMORY,m17-single-fixed,pause,512,random,parked_physical_mib,MiB,1,222.59765625
B-VM-MEMORY,m17-single-fixed,pause,512,random,parked_anon_mib,MiB,1,16.15625
B-VM-MEMORY,m17-single-fixed,pause,512,random,parked_file_mib,MiB,1,204.0703125
B-VM-MEMORY,m17-single-fixed,pause,512,random,parked_kernel_mib,MiB,1,2.7265625
B-VM-MEMORY,m17-single-fixed,pause,512,random,idle-5_physical_mib,MiB,1,222.62109375
B-VM-MEMORY,m17-single-fixed,pause,512,random,idle-5_anon_mib,MiB,1,16.24609375
B-VM-MEMORY,m17-single-fixed,pause,512,random,idle-5_file_mib,MiB,1,204.078125
B-VM-MEMORY,m17-single-fixed,pause,512,random,idle-5_kernel_mib,MiB,1,2.71484375
B-VM-MEMORY,m17-single-fixed,pause,512,random,restored_physical_mib,MiB,1,222.6875
B-VM-MEMORY,m17-single-fixed,pause,512,random,restored_anon_mib,MiB,1,16.3125
B-VM-MEMORY,m17-single-fixed,pause,512,random,restored_file_mib,MiB,1,236.08203125
B-VM-MEMORY,m17-single-fixed,pause,512,random,restored_kernel_mib,MiB,1,2.75390625
B-VM-MEMORY,m17-single-fixed,pause,512,random,after_physical_mib,MiB,1,13.2021484375
B-VM-MEMORY,m17-single-fixed,pause,512,random,after_anon_mib,MiB,1,3.296875
B-VM-MEMORY,m17-single-fixed,pause,512,random,after_file_mib,MiB,1,236.1015625
B-VM-MEMORY,m17-single-fixed,pause,512,random,after_kernel_mib,MiB,1,0.6953125
B-VM-MEMORY,m17-single-fixed,pause,512,random,peak_mib,MiB,1,319.9453125
B-VM-MEMORY,m17-single-fixed,pause,512,random,park_cpu_ms,ms,1,0.905
B-VM-MEMORY,m17-single-fixed,pause,512,random,idle_cpu_ms,ms,1,6.775
B-VM-MEMORY,m17-single-fixed,pause,512,random,recovery_cpu_ms,ms,1,325.781
B-VM-MEMORY,m17-single-fixed,pause,512,random,park_ms,ms,1,0.218418
B-VM-MEMORY,m17-single-fixed,pause,512,random,resume_ack_ms,ms,1,0.423511
B-VM-MEMORY,m17-single-fixed,pause,512,random,next_task_ms,ms,1,244.615223
B-VM-MEMORY,m17-single-fixed,pause,512,random,guest_task_ms,ms,1,236.986388
B-VM-MEMORY,m17-single-fixed,raw,512,repeated,before_mib,MiB,1,3.0859375
B-VM-MEMORY,m17-single-fixed,raw,512,repeated,active_mib,MiB,1,220.0859375
B-VM-MEMORY,m17-single-fixed,raw,512,repeated,parked_mib,MiB,1,20.078125
B-VM-MEMORY,m17-single-fixed,raw,512,repeated,idle-5_mib,MiB,1,19.39453125
B-VM-MEMORY,m17-single-fixed,raw,512,repeated,restored_mib,MiB,1,227.44921875
B-VM-MEMORY,m17-single-fixed,raw,512,repeated,after_mib,MiB,1,212.12890625
B-VM-MEMORY,m17-single-fixed,raw,512,repeated,before_physical_mib,MiB,1,8.05078125
B-VM-MEMORY,m17-single-fixed,raw,512,repeated,before_anon_mib,MiB,1,0.875
B-VM-MEMORY,m17-single-fixed,raw,512,repeated,before_file_mib,MiB,1,0.0
B-VM-MEMORY,m17-single-fixed,raw,512,repeated,before_kernel_mib,MiB,1,0.18359375
B-VM-MEMORY,m17-single-fixed,raw,512,repeated,active_physical_mib,MiB,1,222.060546875
B-VM-MEMORY,m17-single-fixed,raw,512,repeated,active_anon_mib,MiB,1,16.23828125
B-VM-MEMORY,m17-single-fixed,raw,512,repeated,active_file_mib,MiB,1,200.0703125
B-VM-MEMORY,m17-single-fixed,raw,512,repeated,active_kernel_mib,MiB,1,2.86328125
B-VM-MEMORY,m17-single-fixed,raw,512,repeated,parked_physical_mib,MiB,1,35.564453125
B-VM-MEMORY,m17-single-fixed,raw,512,repeated,parked_anon_mib,MiB,1,16.3046875
B-VM-MEMORY,m17-single-fixed,raw,512,repeated,parked_file_mib,MiB,1,0.07421875
B-VM-MEMORY,m17-single-fixed,raw,512,repeated,parked_kernel_mib,MiB,1,2.859375
B-VM-MEMORY,m17-single-fixed,raw,512,repeated,idle-5_physical_mib,MiB,1,35.591796875
B-VM-MEMORY,m17-single-fixed,raw,512,repeated,idle-5_anon_mib,MiB,1,16.328125
B-VM-MEMORY,m17-single-fixed,raw,512,repeated,idle-5_file_mib,MiB,1,0.078125
B-VM-MEMORY,m17-single-fixed,raw,512,repeated,idle-5_kernel_mib,MiB,1,2.34375
B-VM-MEMORY,m17-single-fixed,raw,512,repeated,restored_physical_mib,MiB,1,193.966796875
B-VM-MEMORY,m17-single-fixed,raw,512,repeated,restored_anon_mib,MiB,1,16.40625
B-VM-MEMORY,m17-single-fixed,raw,512,repeated,restored_file_mib,MiB,1,207.3671875
B-VM-MEMORY,m17-single-fixed,raw,512,repeated,restored_kernel_mib,MiB,1,3.12890625
B-VM-MEMORY,m17-single-fixed,raw,512,repeated,after_physical_mib,MiB,1,13.107421875
B-VM-MEMORY,m17-single-fixed,raw,512,repeated,after_anon_mib,MiB,1,3.29296875
B-VM-MEMORY,m17-single-fixed,raw,512,repeated,after_file_mib,MiB,1,207.38671875
B-VM-MEMORY,m17-single-fixed,raw,512,repeated,after_kernel_mib,MiB,1,0.8125
B-VM-MEMORY,m17-single-fixed,raw,512,repeated,peak_mib,MiB,1,291.453125
B-VM-MEMORY,m17-single-fixed,raw,512,repeated,park_cpu_ms,ms,1,18.588
B-VM-MEMORY,m17-single-fixed,raw,512,repeated,idle_cpu_ms,ms,1,7.169
B-VM-MEMORY,m17-single-fixed,raw,512,repeated,recovery_cpu_ms,ms,1,543.147
B-VM-MEMORY,m17-single-fixed,raw,512,repeated,park_ms,ms,1,44.13966
B-VM-MEMORY,m17-single-fixed,raw,512,repeated,resume_ack_ms,ms,1,0.436195
B-VM-MEMORY,m17-single-fixed,raw,512,repeated,next_task_ms,ms,1,432.379975
B-VM-MEMORY,m17-single-fixed,raw,512,repeated,guest_task_ms,ms,1,402.161335
B-VM-MEMORY,m17-single-fixed,raw,512,repeated,backing_mib,MiB,1,186.37890625
B-VM-MEMORY,m17-single-fixed,raw,512,random,before_mib,MiB,1,2.34375
B-VM-MEMORY,m17-single-fixed,raw,512,random,active_mib,MiB,1,223.57421875
B-VM-MEMORY,m17-single-fixed,raw,512,random,parked_mib,MiB,1,19.81640625
B-VM-MEMORY,m17-single-fixed,raw,512,random,idle-5_mib,MiB,1,19.23046875
B-VM-MEMORY,m17-single-fixed,raw,512,random,restored_mib,MiB,1,232.59375
B-VM-MEMORY,m17-single-fixed,raw,512,random,after_mib,MiB,1,217.3671875
B-VM-MEMORY,m17-single-fixed,raw,512,random,before_physical_mib,MiB,1,8.26953125
B-VM-MEMORY,m17-single-fixed,raw,512,random,before_anon_mib,MiB,1,1.43359375
B-VM-MEMORY,m17-single-fixed,raw,512,random,before_file_mib,MiB,1,0.00390625
B-VM-MEMORY,m17-single-fixed,raw,512,random,before_kernel_mib,MiB,1,0.32421875
B-VM-MEMORY,m17-single-fixed,raw,512,random,active_physical_mib,MiB,1,222.21875
B-VM-MEMORY,m17-single-fixed,raw,512,random,active_anon_mib,MiB,1,16.16015625
B-VM-MEMORY,m17-single-fixed,raw,512,random,active_file_mib,MiB,1,204.0703125
B-VM-MEMORY,m17-single-fixed,raw,512,random,active_kernel_mib,MiB,1,2.71875
B-VM-MEMORY,m17-single-fixed,raw,512,random,parked_physical_mib,MiB,1,35.7890625
B-VM-MEMORY,m17-single-fixed,raw,512,random,parked_anon_mib,MiB,1,16.23828125
B-VM-MEMORY,m17-single-fixed,raw,512,random,parked_file_mib,MiB,1,0.07421875
B-VM-MEMORY,m17-single-fixed,raw,512,random,parked_kernel_mib,MiB,1,2.71875
B-VM-MEMORY,m17-single-fixed,raw,512,random,idle-5_physical_mib,MiB,1,35.80859375
B-VM-MEMORY,m17-single-fixed,raw,512,random,idle-5_anon_mib,MiB,1,16.25390625
B-VM-MEMORY,m17-single-fixed,raw,512,random,idle-5_file_mib,MiB,1,0.078125
B-VM-MEMORY,m17-single-fixed,raw,512,random,idle-5_kernel_mib,MiB,1,2.1953125
B-VM-MEMORY,m17-single-fixed,raw,512,random,restored_physical_mib,MiB,1,195.38671875
B-VM-MEMORY,m17-single-fixed,raw,512,random,restored_anon_mib,MiB,1,16.31640625
B-VM-MEMORY,m17-single-fixed,raw,512,random,restored_file_mib,MiB,1,212.62109375
B-VM-MEMORY,m17-single-fixed,raw,512,random,restored_kernel_mib,MiB,1,2.8515625
B-VM-MEMORY,m17-single-fixed,raw,512,random,after_physical_mib,MiB,1,13.314453125
B-VM-MEMORY,m17-single-fixed,raw,512,random,after_anon_mib,MiB,1,3.27734375
B-VM-MEMORY,m17-single-fixed,raw,512,random,after_file_mib,MiB,1,212.640625
B-VM-MEMORY,m17-single-fixed,raw,512,random,after_kernel_mib,MiB,1,0.84765625
B-VM-MEMORY,m17-single-fixed,raw,512,random,peak_mib,MiB,1,296.59765625
B-VM-MEMORY,m17-single-fixed,raw,512,random,park_cpu_ms,ms,1,18.701
B-VM-MEMORY,m17-single-fixed,raw,512,random,idle_cpu_ms,ms,1,6.533
B-VM-MEMORY,m17-single-fixed,raw,512,random,recovery_cpu_ms,ms,1,562.518
B-VM-MEMORY,m17-single-fixed,raw,512,random,park_ms,ms,1,98.129991
B-VM-MEMORY,m17-single-fixed,raw,512,random,resume_ack_ms,ms,1,0.367496
B-VM-MEMORY,m17-single-fixed,raw,512,random,next_task_ms,ms,1,498.195083
B-VM-MEMORY,m17-single-fixed,raw,512,random,guest_task_ms,ms,1,451.421213
B-VM-MEMORY,m17-single-fixed,raw,512,random,backing_mib,MiB,1,186.33984375
B-VM-MEMORY,m17-single-fixed,compressed,512,repeated,before_mib,MiB,1,2.58984375
B-VM-MEMORY,m17-single-fixed,compressed,512,repeated,active_mib,MiB,1,396.05078125
B-VM-MEMORY,m17-single-fixed,compressed,512,repeated,parked_mib,MiB,1,24.6171875
B-VM-MEMORY,m17-single-fixed,compressed,512,repeated,idle-5_mib,MiB,1,24.63671875
B-VM-MEMORY,m17-single-fixed,compressed,512,repeated,restored_mib,MiB,1,265.07421875
B-VM-MEMORY,m17-single-fixed,compressed,512,repeated,after_mib,MiB,1,23.4453125
B-VM-MEMORY,m17-single-fixed,compressed,512,repeated,before_physical_mib,MiB,1,8.05859375
B-VM-MEMORY,m17-single-fixed,compressed,512,repeated,before_anon_mib,MiB,1,1.28515625
B-VM-MEMORY,m17-single-fixed,compressed,512,repeated,before_file_mib,MiB,1,0.00390625
B-VM-MEMORY,m17-single-fixed,compressed,512,repeated,before_kernel_mib,MiB,1,0.359375
B-VM-MEMORY,m17-single-fixed,compressed,512,repeated,active_physical_mib,MiB,1,222.5771484375
B-VM-MEMORY,m17-single-fixed,compressed,512,repeated,active_anon_mib,MiB,1,16.40625
B-VM-MEMORY,m17-single-fixed,compressed,512,repeated,active_file_mib,MiB,1,375.140625
B-VM-MEMORY,m17-single-fixed,compressed,512,repeated,active_kernel_mib,MiB,1,3.4765625
B-VM-MEMORY,m17-single-fixed,compressed,512,repeated,parked_physical_mib,MiB,1,39.7529296875
B-VM-MEMORY,m17-single-fixed,compressed,512,repeated,parked_anon_mib,MiB,1,20.05078125
B-VM-MEMORY,m17-single-fixed,compressed,512,repeated,parked_file_mib,MiB,1,1.45703125
B-VM-MEMORY,m17-single-fixed,compressed,512,repeated,parked_kernel_mib,MiB,1,2.26953125
B-VM-MEMORY,m17-single-fixed,compressed,512,repeated,idle-5_physical_mib,MiB,1,39.7529296875
B-VM-MEMORY,m17-single-fixed,compressed,512,repeated,idle-5_anon_mib,MiB,1,20.05078125
B-VM-MEMORY,m17-single-fixed,compressed,512,repeated,idle-5_file_mib,MiB,1,1.4609375
B-VM-MEMORY,m17-single-fixed,compressed,512,repeated,idle-5_kernel_mib,MiB,1,2.2578125
B-VM-MEMORY,m17-single-fixed,compressed,512,repeated,restored_physical_mib,MiB,1,189.8388671875
B-VM-MEMORY,m17-single-fixed,compressed,512,repeated,restored_anon_mib,MiB,1,20.20703125
B-VM-MEMORY,m17-single-fixed,compressed,512,repeated,restored_file_mib,MiB,1,240.5625
B-VM-MEMORY,m17-single-fixed,compressed,512,repeated,restored_kernel_mib,MiB,1,3.42578125
B-VM-MEMORY,m17-single-fixed,compressed,512,repeated,after_physical_mib,MiB,1,17.216796875
B-VM-MEMORY,m17-single-fixed,compressed,512,repeated,after_anon_mib,MiB,1,6.58203125
B-VM-MEMORY,m17-single-fixed,compressed,512,repeated,after_file_mib,MiB,1,15.6484375
B-VM-MEMORY,m17-single-fixed,compressed,512,repeated,after_kernel_mib,MiB,1,0.5625
B-VM-MEMORY,m17-single-fixed,compressed,512,repeated,peak_mib,MiB,1,460.05078125
B-VM-MEMORY,m17-single-fixed,compressed,512,repeated,park_cpu_ms,ms,1,713.148
B-VM-MEMORY,m17-single-fixed,compressed,512,repeated,idle_cpu_ms,ms,1,6.507
B-VM-MEMORY,m17-single-fixed,compressed,512,repeated,recovery_cpu_ms,ms,1,1800.398
B-VM-MEMORY,m17-single-fixed,compressed,512,repeated,park_ms,ms,1,739.4401849999999
B-VM-MEMORY,m17-single-fixed,compressed,512,repeated,resume_ack_ms,ms,1,0.37265600000000004
B-VM-MEMORY,m17-single-fixed,compressed,512,repeated,next_task_ms,ms,1,1730.32296
B-VM-MEMORY,m17-single-fixed,compressed,512,repeated,guest_task_ms,ms,1,1625.39632
B-VM-MEMORY,m17-single-fixed,compressed,512,repeated,backing_mib,MiB,1,15.546875
B-VM-MEMORY,m17-single-fixed,compressed,512,random,before_mib,MiB,1,2.86328125
B-VM-MEMORY,m17-single-fixed,compressed,512,random,active_mib,MiB,1,394.5234375
B-VM-MEMORY,m17-single-fixed,compressed,512,random,parked_mib,MiB,1,24.26171875
B-VM-MEMORY,m17-single-fixed,compressed,512,random,idle-5_mib,MiB,1,24.390625
B-VM-MEMORY,m17-single-fixed,compressed,512,random,restored_mib,MiB,1,376.25
B-VM-MEMORY,m17-single-fixed,compressed,512,random,after_mib,MiB,1,131.5234375
B-VM-MEMORY,m17-single-fixed,compressed,512,random,before_physical_mib,MiB,1,8.0263671875
B-VM-MEMORY,m17-single-fixed,compressed,512,random,before_anon_mib,MiB,1,1.4375
B-VM-MEMORY,m17-single-fixed,compressed,512,random,before_file_mib,MiB,1,0.00390625
B-VM-MEMORY,m17-single-fixed,compressed,512,random,before_kernel_mib,MiB,1,0.34375
B-VM-MEMORY,m17-single-fixed,compressed,512,random,active_physical_mib,MiB,1,221.8671875
B-VM-MEMORY,m17-single-fixed,compressed,512,random,active_anon_mib,MiB,1,16.390625
B-VM-MEMORY,m17-single-fixed,compressed,512,random,active_file_mib,MiB,1,374.09765625
B-VM-MEMORY,m17-single-fixed,compressed,512,random,active_kernel_mib,MiB,1,3.48828125
B-VM-MEMORY,m17-single-fixed,compressed,512,random,parked_physical_mib,MiB,1,39.5078125
B-VM-MEMORY,m17-single-fixed,compressed,512,random,parked_anon_mib,MiB,1,20.03125
B-VM-MEMORY,m17-single-fixed,compressed,512,random,parked_file_mib,MiB,1,1.46875
B-VM-MEMORY,m17-single-fixed,compressed,512,random,parked_kernel_mib,MiB,1,2.27734375
B-VM-MEMORY,m17-single-fixed,compressed,512,random,idle-5_physical_mib,MiB,1,39.5078125
B-VM-MEMORY,m17-single-fixed,compressed,512,random,idle-5_anon_mib,MiB,1,20.03125
B-VM-MEMORY,m17-single-fixed,compressed,512,random,idle-5_file_mib,MiB,1,1.47265625
B-VM-MEMORY,m17-single-fixed,compressed,512,random,idle-5_kernel_mib,MiB,1,2.26171875
B-VM-MEMORY,m17-single-fixed,compressed,512,random,restored_physical_mib,MiB,1,190.05859375
B-VM-MEMORY,m17-single-fixed,compressed,512,random,restored_anon_mib,MiB,1,20.20703125
B-VM-MEMORY,m17-single-fixed,compressed,512,random,restored_file_mib,MiB,1,352.30078125
B-VM-MEMORY,m17-single-fixed,compressed,512,random,restored_kernel_mib,MiB,1,3.296875
B-VM-MEMORY,m17-single-fixed,compressed,512,random,after_physical_mib,MiB,1,16.9697265625
B-VM-MEMORY,m17-single-fixed,compressed,512,random,after_anon_mib,MiB,1,6.5625
B-VM-MEMORY,m17-single-fixed,compressed,512,random,after_file_mib,MiB,1,123.58203125
B-VM-MEMORY,m17-single-fixed,compressed,512,random,after_kernel_mib,MiB,1,0.65234375
B-VM-MEMORY,m17-single-fixed,compressed,512,random,peak_mib,MiB,1,458.5234375
B-VM-MEMORY,m17-single-fixed,compressed,512,random,park_cpu_ms,ms,1,770.902
B-VM-MEMORY,m17-single-fixed,compressed,512,random,idle_cpu_ms,ms,1,7.449
B-VM-MEMORY,m17-single-fixed,compressed,512,random,recovery_cpu_ms,ms,1,864.407
B-VM-MEMORY,m17-single-fixed,compressed,512,random,park_ms,ms,1,904.033294
B-VM-MEMORY,m17-single-fixed,compressed,512,random,resume_ack_ms,ms,1,0.343702
B-VM-MEMORY,m17-single-fixed,compressed,512,random,next_task_ms,ms,1,766.1798990000001
B-VM-MEMORY,m17-single-fixed,compressed,512,random,guest_task_ms,ms,1,655.122897
B-VM-MEMORY,m17-single-fixed,compressed,512,random,backing_mib,MiB,1,145.97265625
B-VM-MEMORY,m17-single-fixed,release,512,repeated,before_mib,MiB,1,2.578125
B-VM-MEMORY,m17-single-fixed,release,512,repeated,active_mib,MiB,1,223.3203125
B-VM-MEMORY,m17-single-fixed,release,512,repeated,parked_mib,MiB,1,223.30078125
B-VM-MEMORY,m17-single-fixed,release,512,repeated,idle-5_mib,MiB,1,223.25390625
B-VM-MEMORY,m17-single-fixed,release,512,repeated,restored_mib,MiB,1,239.45703125
B-VM-MEMORY,m17-single-fixed,release,512,repeated,after_mib,MiB,1,224.72265625
B-VM-MEMORY,m17-single-fixed,release,512,repeated,before_physical_mib,MiB,1,8.1005859375
B-VM-MEMORY,m17-single-fixed,release,512,repeated,before_anon_mib,MiB,1,1.02734375
B-VM-MEMORY,m17-single-fixed,release,512,repeated,before_file_mib,MiB,1,0.0
B-VM-MEMORY,m17-single-fixed,release,512,repeated,before_kernel_mib,MiB,1,0.17578125
B-VM-MEMORY,m17-single-fixed,release,512,repeated,active_physical_mib,MiB,1,222.533203125
B-VM-MEMORY,m17-single-fixed,release,512,repeated,active_anon_mib,MiB,1,16.15625
B-VM-MEMORY,m17-single-fixed,release,512,repeated,active_file_mib,MiB,1,204.0703125
B-VM-MEMORY,m17-single-fixed,release,512,repeated,active_kernel_mib,MiB,1,2.703125
B-VM-MEMORY,m17-single-fixed,release,512,repeated,parked_physical_mib,MiB,1,222.638671875
B-VM-MEMORY,m17-single-fixed,release,512,repeated,parked_anon_mib,MiB,1,16.15625
B-VM-MEMORY,m17-single-fixed,release,512,repeated,parked_file_mib,MiB,1,204.0703125
B-VM-MEMORY,m17-single-fixed,release,512,repeated,parked_kernel_mib,MiB,1,2.703125
B-VM-MEMORY,m17-single-fixed,release,512,repeated,idle-5_physical_mib,MiB,1,118.419921875
B-VM-MEMORY,m17-single-fixed,release,512,repeated,idle-5_anon_mib,MiB,1,16.20703125
B-VM-MEMORY,m17-single-fixed,release,512,repeated,idle-5_file_mib,MiB,1,204.078125
B-VM-MEMORY,m17-single-fixed,release,512,repeated,idle-5_kernel_mib,MiB,1,2.50390625
B-VM-MEMORY,m17-single-fixed,release,512,repeated,restored_physical_mib,MiB,1,222.498046875
B-VM-MEMORY,m17-single-fixed,release,512,repeated,restored_anon_mib,MiB,1,16.2578125
B-VM-MEMORY,m17-single-fixed,release,512,repeated,restored_file_mib,MiB,1,220.08203125
B-VM-MEMORY,m17-single-fixed,release,512,repeated,restored_kernel_mib,MiB,1,2.75390625
B-VM-MEMORY,m17-single-fixed,release,512,repeated,after_physical_mib,MiB,1,12.9267578125
B-VM-MEMORY,m17-single-fixed,release,512,repeated,after_anon_mib,MiB,1,3.21484375
B-VM-MEMORY,m17-single-fixed,release,512,repeated,after_file_mib,MiB,1,220.1015625
B-VM-MEMORY,m17-single-fixed,release,512,repeated,after_kernel_mib,MiB,1,0.71484375
B-VM-MEMORY,m17-single-fixed,release,512,repeated,peak_mib,MiB,1,303.46484375
B-VM-MEMORY,m17-single-fixed,release,512,repeated,park_cpu_ms,ms,1,8.543
B-VM-MEMORY,m17-single-fixed,release,512,repeated,idle_cpu_ms,ms,1,321.21
B-VM-MEMORY,m17-single-fixed,release,512,repeated,recovery_cpu_ms,ms,1,434.034
B-VM-MEMORY,m17-single-fixed,release,512,repeated,park_ms,ms,1,44.491276000000006
B-VM-MEMORY,m17-single-fixed,release,512,repeated,resume_ack_ms,ms,1,8e-05
B-VM-MEMORY,m17-single-fixed,release,512,repeated,next_task_ms,ms,1,344.187327
B-VM-MEMORY,m17-single-fixed,release,512,repeated,guest_task_ms,ms,1,331.374187
B-VM-MEMORY,m17-single-fixed,release,512,random,before_mib,MiB,1,2.6484375
B-VM-MEMORY,m17-single-fixed,release,512,random,active_mib,MiB,1,223.90234375
B-VM-MEMORY,m17-single-fixed,release,512,random,parked_mib,MiB,1,223.88671875
B-VM-MEMORY,m17-single-fixed,release,512,random,idle-5_mib,MiB,1,223.703125
B-VM-MEMORY,m17-single-fixed,release,512,random,restored_mib,MiB,1,243.640625
B-VM-MEMORY,m17-single-fixed,release,512,random,after_mib,MiB,1,228.65625
B-VM-MEMORY,m17-single-fixed,release,512,random,before_physical_mib,MiB,1,8.328125
B-VM-MEMORY,m17-single-fixed,release,512,random,before_anon_mib,MiB,1,1.28515625
B-VM-MEMORY,m17-single-fixed,release,512,random,before_file_mib,MiB,1,0.00390625
B-VM-MEMORY,m17-single-fixed,release,512,random,before_kernel_mib,MiB,1,0.359375
B-VM-MEMORY,m17-single-fixed,release,512,random,active_physical_mib,MiB,1,222.685546875
B-VM-MEMORY,m17-single-fixed,release,512,random,active_anon_mib,MiB,1,16.16796875
B-VM-MEMORY,m17-single-fixed,release,512,random,active_file_mib,MiB,1,204.0703125
B-VM-MEMORY,m17-single-fixed,release,512,random,active_kernel_mib,MiB,1,2.703125
B-VM-MEMORY,m17-single-fixed,release,512,random,parked_physical_mib,MiB,1,222.794921875
B-VM-MEMORY,m17-single-fixed,release,512,random,parked_anon_mib,MiB,1,16.16796875
B-VM-MEMORY,m17-single-fixed,release,512,random,parked_file_mib,MiB,1,204.0703125
B-VM-MEMORY,m17-single-fixed,release,512,random,parked_kernel_mib,MiB,1,2.703125
B-VM-MEMORY,m17-single-fixed,release,512,random,idle-5_physical_mib,MiB,1,122.564453125
B-VM-MEMORY,m17-single-fixed,release,512,random,idle-5_anon_mib,MiB,1,16.2109375
B-VM-MEMORY,m17-single-fixed,release,512,random,idle-5_file_mib,MiB,1,204.08203125
B-VM-MEMORY,m17-single-fixed,release,512,random,idle-5_kernel_mib,MiB,1,2.50390625
B-VM-MEMORY,m17-single-fixed,release,512,random,restored_physical_mib,MiB,1,220.611328125
B-VM-MEMORY,m17-single-fixed,release,512,random,restored_anon_mib,MiB,1,16.2578125
B-VM-MEMORY,m17-single-fixed,release,512,random,restored_file_mib,MiB,1,224.08203125
B-VM-MEMORY,m17-single-fixed,release,512,random,restored_kernel_mib,MiB,1,2.76171875
B-VM-MEMORY,m17-single-fixed,release,512,random,after_physical_mib,MiB,1,13.056640625
B-VM-MEMORY,m17-single-fixed,release,512,random,after_anon_mib,MiB,1,3.26953125
B-VM-MEMORY,m17-single-fixed,release,512,random,after_file_mib,MiB,1,224.1015625
B-VM-MEMORY,m17-single-fixed,release,512,random,after_kernel_mib,MiB,1,0.7265625
B-VM-MEMORY,m17-single-fixed,release,512,random,peak_mib,MiB,1,307.64453125
B-VM-MEMORY,m17-single-fixed,release,512,random,park_cpu_ms,ms,1,7.58
B-VM-MEMORY,m17-single-fixed,release,512,random,idle_cpu_ms,ms,1,332.993
B-VM-MEMORY,m17-single-fixed,release,512,random,recovery_cpu_ms,ms,1,1055.089
B-VM-MEMORY,m17-single-fixed,release,512,random,park_ms,ms,1,55.509999
B-VM-MEMORY,m17-single-fixed,release,512,random,resume_ack_ms,ms,1,0.00015
B-VM-MEMORY,m17-single-fixed,release,512,random,next_task_ms,ms,1,997.010906
B-VM-MEMORY,m17-single-fixed,release,512,random,guest_task_ms,ms,1,976.479896
