measurement	mode	operation	samples	p50_ms	p95_ms	p99_ms
main	native	metadata	30	4.761269	5.32372485	6.371714840000001
main	native	read	30	32.291298	37.5099111	40.921482940000004
main	native	write	30	3.8229385000000002	4.43552095	4.8074739200000005
main	native	git	30	14.794423	17.323598800000003	18.7617946
main	native	rg	30	7.38164	10.146978100000002	10.73263296
main	native	cargo	30	51.550066	56.33582535	70.89815742000002
main	native	npm	30	170.7008055	188.71316050000001	250.28143510000007
main	native	completion_ms	30	449.25711049999995	521.2157818000001	576.23628962
main	staged	metadata	30	77.1190695	91.40922190000002	100.58383309
main	staged	read	30	67.838787	82.0826055	87.79580985000001
main	staged	write	30	27.054361	34.47132135000001	46.57717892000001
main	staged	git	30	124.372929	131.9254448	166.63006376000004
main	staged	rg	30	88.071492	101.07644885000002	152.31452325000004
main	staged	cargo	30	73.4213995	105.62888175000002	143.92223351000004
main	staged	npm	30	228.71853499999997	258.50620265000003	331.1845501900001
main	staged	completion_ms	30	1108.8022325	1255.8471354	1464.0752662300004
main	vm	metadata	30	166.9037765	214.7504477	342.08831545000015
main	vm	read	30	117.820279	191.2606983500001	368.4476118500002
main	vm	write	30	141.591741	289.8420237	367.1182048700001
main	vm	git	30	371.5782265	1117.4725134	1277.6555239900001
main	vm	rg	30	442.7442005	1499.43357065	1829.5207192100004
main	vm	cargo	30	489.18481099999997	1677.2236716000014	2796.07439
main	vm	npm	30	1330.945285	2496.0404621000007	3204.7606095600004
main	vm	completion_ms	30	4075.5837064999996	9302.324288100002	11451.901308640001
independent	native	metadata	30	4.7171575	5.24311705	5.37654098
independent	native	read	30	32.650362	38.5981589	47.96102389000001
independent	native	write	30	3.720899	5.759370250000002	6.98899553
independent	native	git	30	14.8748025	17.440471600000002	19.901788
independent	native	rg	30	7.7258325	9.83070165	10.402581710000002
independent	native	cargo	30	52.7558355	55.532459700000004	55.756236439999995
independent	native	npm	30	171.668115	178.39329685	186.30245769
independent	native	completion_ms	30	453.791958	474.10577335000005	482.02135773000003
independent	vm	metadata	30	164.2970665	203.6766794	208.84428436000002
independent	vm	read	30	117.7601715	139.36733505	157.76480057
independent	vm	write	30	141.07248600000003	169.4101159	175.19156389
independent	vm	git	30	369.08740850000004	679.48540955	682.14350647
independent	vm	rg	30	444.27078700000004	455.77768395	457.23788024
independent	vm	cargo	30	484.7623845	504.99008225	507.67580563
independent	vm	npm	30	1341.5429825	1417.8794694499998	1714.2622555600003
independent	vm	completion_ms	30	4082.665998	4458.58928525	4642.610619810001
