variant,files,operation,syscall,bucket,independent_trials,median_calls,minimum_calls,maximum_calls
baseline,1000,apply,fsync,target-file,3,1000,1000,1000
baseline,1000,apply,fsync,target-directory,3,1003,1003,1003
baseline,1000,apply,fsync,stage,3,18,18,18
baseline,1000,apply,fsync,other,3,1,1,1
baseline,1000,conflict,fsync,target-file,3,0,0,0
baseline,1000,conflict,fsync,target-directory,3,0,0,0
baseline,1000,conflict,fsync,stage,3,0,0,0
baseline,1000,conflict,fsync,other,3,0,0,0
baseline,10000,apply,fsync,target-file,3,10000,10000,10000
baseline,10000,apply,fsync,target-directory,3,10003,10003,10003
baseline,10000,apply,fsync,stage,3,18,18,18
baseline,10000,apply,fsync,other,3,1,1,1
baseline,10000,conflict,fsync,target-file,3,0,0,0
baseline,10000,conflict,fsync,target-directory,3,0,0,0
baseline,10000,conflict,fsync,stage,3,0,0,0
baseline,10000,conflict,fsync,other,3,0,0,0
candidate,1000,apply,fsync,target-file,3,1000,1000,1000
candidate,1000,apply,fsync,target-directory,3,1003,1003,1003
candidate,1000,apply,fsync,stage,3,18,18,18
candidate,1000,apply,fsync,other,3,1,1,1
candidate,1000,conflict,fsync,target-file,3,0,0,0
candidate,1000,conflict,fsync,target-directory,3,0,0,0
candidate,1000,conflict,fsync,stage,3,0,0,0
candidate,1000,conflict,fsync,other,3,0,0,0
candidate,10000,apply,fsync,target-file,3,10000,10000,10000
candidate,10000,apply,fsync,target-directory,3,10003,10003,10003
candidate,10000,apply,fsync,stage,3,18,18,18
candidate,10000,apply,fsync,other,3,1,1,1
candidate,10000,conflict,fsync,target-file,3,0,0,0
candidate,10000,conflict,fsync,target-directory,3,0,0,0
candidate,10000,conflict,fsync,stage,3,0,0,0
candidate,10000,conflict,fsync,other,3,0,0,0
