preparation_source,mapping,phase,metric,independent_vms,calls_per_vm,median,minimum,maximum
original,virtiofs-files,first,exec_ms,3,1,6.156959,6.030051,6.293345
original,virtiofs-files,first,child_user_ms,3,1,0.0,0.0,0.0
original,virtiofs-files,first,child_system_ms,3,1,2.1319999999999997,2.074,2.3049999999999997
original,virtiofs-files,first,minor_faults,3,1,152,150,153
original,virtiofs-files,first,major_faults,3,1,37,37,37
original,virtiofs-files,first,voluntary_switches,3,1,64,62,64
original,virtiofs-files,first,involuntary_switches,3,1,1,1,1
original,virtiofs-files,repeated,exec_ms,3,49,5.043941,5.029625,5.066924
original,virtiofs-files,repeated,child_user_ms,3,49,1.5209999999999997,1.5089999999999963,1.5480000000000007
original,virtiofs-files,repeated,child_system_ms,3,49,0.0,0.0,0.0
original,virtiofs-files,repeated,minor_faults,3,49,153,152,153
original,virtiofs-files,repeated,major_faults,3,49,37,37,37
original,virtiofs-files,repeated,voluntary_switches,3,49,64,64,64
original,virtiofs-files,repeated,involuntary_switches,3,49,0,0,0
original,anonymous-ram,first,exec_ms,3,1,1.448407,1.27412,1.709306
original,anonymous-ram,first,child_user_ms,3,1,0.891,0.0,1.315
original,anonymous-ram,first,child_system_ms,3,1,0.0,0.0,1.079
original,anonymous-ram,first,minor_faults,3,1,177,173,179
original,anonymous-ram,first,major_faults,3,1,0,0,0
original,anonymous-ram,first,voluntary_switches,3,1,2,2,2
original,anonymous-ram,first,involuntary_switches,3,1,0,0,0
original,anonymous-ram,repeated,exec_ms,3,49,0.712356,0.70381,0.718848
original,anonymous-ram,repeated,child_user_ms,3,49,0.4889999999999999,0.4860000000000003,0.5240000000000001
original,anonymous-ram,repeated,child_system_ms,3,49,0.0,0.0,0.0
original,anonymous-ram,repeated,minor_faults,3,49,176,176,177
original,anonymous-ram,repeated,major_faults,3,49,0,0,0
original,anonymous-ram,repeated,voluntary_switches,3,49,2,2,2
original,anonymous-ram,repeated,involuntary_switches,3,49,0,0,0
duplicate,virtiofs-files,first,exec_ms,3,1,7.544541,7.268233,7.759505
duplicate,virtiofs-files,first,child_user_ms,3,1,1.494,0.0,3.074
duplicate,virtiofs-files,first,child_system_ms,3,1,1.459,0.0,3.359
duplicate,virtiofs-files,first,minor_faults,3,1,153,151,156
duplicate,virtiofs-files,first,major_faults,3,1,37,37,37
duplicate,virtiofs-files,first,voluntary_switches,3,1,66,65,67
duplicate,virtiofs-files,first,involuntary_switches,3,1,1,1,1
duplicate,virtiofs-files,repeated,exec_ms,3,49,5.083024,5.078015,5.127318
duplicate,virtiofs-files,repeated,child_user_ms,3,49,1.517000000000001,1.4969999999999983,1.5340000000000007
duplicate,virtiofs-files,repeated,child_system_ms,3,49,0.0,0.0,0.0
duplicate,virtiofs-files,repeated,minor_faults,3,49,153,153,154
duplicate,virtiofs-files,repeated,major_faults,3,49,37,37,37
duplicate,virtiofs-files,repeated,voluntary_switches,3,49,64,64,64
duplicate,virtiofs-files,repeated,involuntary_switches,3,49,0,0,0
duplicate,anonymous-ram,first,exec_ms,3,1,1.499833,1.113479,1.632382
duplicate,anonymous-ram,first,child_user_ms,3,1,1.16,0.732,1.253
duplicate,anonymous-ram,first,child_system_ms,3,1,0.0,0.0,0.0
duplicate,anonymous-ram,first,minor_faults,3,1,175,175,176
duplicate,anonymous-ram,first,major_faults,3,1,0,0,0
duplicate,anonymous-ram,first,voluntary_switches,3,1,2,2,2
duplicate,anonymous-ram,first,involuntary_switches,3,1,0,0,0
duplicate,anonymous-ram,repeated,exec_ms,3,49,0.724048,0.71973,0.724469
duplicate,anonymous-ram,repeated,child_user_ms,3,49,0.5669999999999981,0.558999999999997,0.5680000000000008
duplicate,anonymous-ram,repeated,child_system_ms,3,49,0.0,0.0,0.0
duplicate,anonymous-ram,repeated,minor_faults,3,49,177,176,177
duplicate,anonymous-ram,repeated,major_faults,3,49,0,0,0
duplicate,anonymous-ram,repeated,voluntary_switches,3,49,2,2,2
duplicate,anonymous-ram,repeated,involuntary_switches,3,49,0,0,0
