batch,benchmark,stage,pid,component,instance,final_record,layer_parent_stats,layer_leaf_stats,immutable_lower_cache_hits,immutable_lower_cache_misses,immutable_lower_cache_evictions
immutable-cache-profile-20261007,B-FS-DIAG,immutable-cache-off,622855,overlay-core,1,True,1519090,1099562,0,0,0
immutable-cache-profile-20261007,B-FS-DIAG,immutable-cache-off,622855,host-fuse,2,True,0,0,0,0,0
immutable-cache-profile-20261007,B-FS-DIAG,immutable-cache-on,622860,overlay-core,1,True,772137,173019,925807,3121,0
immutable-cache-profile-20261007,B-FS-DIAG,immutable-cache-on,622860,host-fuse,2,True,0,0,0,0,0
immutable-cache-profile-20261007,B-FS-DIAG,mutable,622850,overlay-core,1,True,1517298,1098090,0,0,0
immutable-cache-profile-20261007,B-FS-DIAG,mutable,622850,host-fuse,2,True,0,0,0,0,0
immutable-cache-profile-20261007,B-FS-DIAG,whole-000-immutable-cache-off,622871,overlay-core,1,True,98154,71417,0,0,0
immutable-cache-profile-20261007,B-FS-DIAG,whole-000-immutable-cache-off,622871,host-fuse,2,True,0,0,0,0,0
immutable-cache-profile-20261007,B-FS-DIAG,whole-000-immutable-cache-on,622887,overlay-core,1,True,59881,13682,57735,2512,0
immutable-cache-profile-20261007,B-FS-DIAG,whole-000-immutable-cache-on,622887,host-fuse,2,True,0,0,0,0,0
immutable-cache-profile-20261007,B-FS-DIAG,whole-000-mutable,622929,overlay-core,1,True,98154,71417,0,0,0
immutable-cache-profile-20261007,B-FS-DIAG,whole-000-mutable,622929,host-fuse,2,True,0,0,0,0,0
immutable-cache-profile-20261007,B-FS-DIAG,whole-001-immutable-cache-off,623006,overlay-core,1,True,98154,71417,0,0,0
immutable-cache-profile-20261007,B-FS-DIAG,whole-001-immutable-cache-off,623006,host-fuse,2,True,0,0,0,0,0
immutable-cache-profile-20261007,B-FS-DIAG,whole-001-immutable-cache-on,623039,overlay-core,1,True,59881,13682,57735,2512,0
immutable-cache-profile-20261007,B-FS-DIAG,whole-001-immutable-cache-on,623039,host-fuse,2,True,0,0,0,0,0
immutable-cache-profile-20261007,B-FS-DIAG,whole-001-mutable,622964,overlay-core,1,True,98154,71417,0,0,0
immutable-cache-profile-20261007,B-FS-DIAG,whole-001-mutable,622964,host-fuse,2,True,0,0,0,0,0
immutable-cache-profile-20261007,B-FS-DIAG,whole-002-immutable-cache-off,623080,overlay-core,1,True,98154,71417,0,0,0
immutable-cache-profile-20261007,B-FS-DIAG,whole-002-immutable-cache-off,623080,host-fuse,2,True,0,0,0,0,0
immutable-cache-profile-20261007,B-FS-DIAG,whole-002-immutable-cache-on,623131,overlay-core,1,True,59881,13682,57735,2512,0
immutable-cache-profile-20261007,B-FS-DIAG,whole-002-immutable-cache-on,623131,host-fuse,2,True,0,0,0,0,0
immutable-cache-profile-20261007,B-FS-DIAG,whole-002-mutable,623115,overlay-core,1,True,98154,71417,0,0,0
immutable-cache-profile-20261007,B-FS-DIAG,whole-002-mutable,623115,host-fuse,2,True,0,0,0,0,0
