source_version,source_inventory_sha256,binary_sha256,failed_batches,backing,condition,workload,state,planned_samples,accepted_samples,unit,p50,p95_reference,percent_change,ci95_percent_low,ci95_percent_high
final-P1-Core-owned-late-alias-and-positional-copy,579575698f155226152c1e4f67c98bb8595d6940abd973324857c8834b36b213,05e9310754456f67b7623e4b4cbec5c2bd3bdc0e5474d278d60f84891d7f4c8b,kernel-cache-p1-final-timing-20261007;kernel-cache-p1-final-timing-quiet-20261007;kernel-cache-p1-final-timing-isolated-20261007,private-noatime-tmpfs,native,hot,blocked-no-accepted-final-timing,30,0,ms,,,,,
final-P1-Core-owned-late-alias-and-positional-copy,579575698f155226152c1e4f67c98bb8595d6940abd973324857c8834b36b213,05e9310754456f67b7623e4b4cbec5c2bd3bdc0e5474d278d60f84891d7f4c8b,kernel-cache-p1-final-timing-20261007;kernel-cache-p1-final-timing-quiet-20261007;kernel-cache-p1-final-timing-isolated-20261007,private-noatime-tmpfs,native,ttl,blocked-no-accepted-final-timing,30,0,ms,,,,,
final-P1-Core-owned-late-alias-and-positional-copy,579575698f155226152c1e4f67c98bb8595d6940abd973324857c8834b36b213,05e9310754456f67b7623e4b4cbec5c2bd3bdc0e5474d278d60f84891d7f4c8b,kernel-cache-p1-final-timing-20261007;kernel-cache-p1-final-timing-quiet-20261007;kernel-cache-p1-final-timing-isolated-20261007,private-noatime-tmpfs,native,readsearch,blocked-no-accepted-final-timing,30,0,ms,,,,,
final-P1-Core-owned-late-alias-and-positional-copy,579575698f155226152c1e4f67c98bb8595d6940abd973324857c8834b36b213,05e9310754456f67b7623e4b4cbec5c2bd3bdc0e5474d278d60f84891d7f4c8b,kernel-cache-p1-final-timing-20261007;kernel-cache-p1-final-timing-quiet-20261007;kernel-cache-p1-final-timing-isolated-20261007,private-noatime-tmpfs,native,tools,blocked-no-accepted-final-timing,30,0,ms,,,,,
final-P1-Core-owned-late-alias-and-positional-copy,579575698f155226152c1e4f67c98bb8595d6940abd973324857c8834b36b213,05e9310754456f67b7623e4b4cbec5c2bd3bdc0e5474d278d60f84891d7f4c8b,kernel-cache-p1-final-timing-20261007;kernel-cache-p1-final-timing-quiet-20261007;kernel-cache-p1-final-timing-isolated-20261007,private-noatime-tmpfs,native,whole-tools,blocked-no-accepted-final-timing,30,0,ms,,,,,
final-P1-Core-owned-late-alias-and-positional-copy,579575698f155226152c1e4f67c98bb8595d6940abd973324857c8834b36b213,05e9310754456f67b7623e4b4cbec5c2bd3bdc0e5474d278d60f84891d7f4c8b,kernel-cache-p1-final-timing-20261007;kernel-cache-p1-final-timing-quiet-20261007;kernel-cache-p1-final-timing-isolated-20261007,private-noatime-tmpfs,legacy-writable,hot,blocked-no-accepted-final-timing,30,0,ms,,,,,
final-P1-Core-owned-late-alias-and-positional-copy,579575698f155226152c1e4f67c98bb8595d6940abd973324857c8834b36b213,05e9310754456f67b7623e4b4cbec5c2bd3bdc0e5474d278d60f84891d7f4c8b,kernel-cache-p1-final-timing-20261007;kernel-cache-p1-final-timing-quiet-20261007;kernel-cache-p1-final-timing-isolated-20261007,private-noatime-tmpfs,legacy-writable,ttl,blocked-no-accepted-final-timing,30,0,ms,,,,,
final-P1-Core-owned-late-alias-and-positional-copy,579575698f155226152c1e4f67c98bb8595d6940abd973324857c8834b36b213,05e9310754456f67b7623e4b4cbec5c2bd3bdc0e5474d278d60f84891d7f4c8b,kernel-cache-p1-final-timing-20261007;kernel-cache-p1-final-timing-quiet-20261007;kernel-cache-p1-final-timing-isolated-20261007,private-noatime-tmpfs,legacy-writable,readsearch,blocked-no-accepted-final-timing,30,0,ms,,,,,
final-P1-Core-owned-late-alias-and-positional-copy,579575698f155226152c1e4f67c98bb8595d6940abd973324857c8834b36b213,05e9310754456f67b7623e4b4cbec5c2bd3bdc0e5474d278d60f84891d7f4c8b,kernel-cache-p1-final-timing-20261007;kernel-cache-p1-final-timing-quiet-20261007;kernel-cache-p1-final-timing-isolated-20261007,private-noatime-tmpfs,legacy-writable,tools,blocked-no-accepted-final-timing,30,0,ms,,,,,
final-P1-Core-owned-late-alias-and-positional-copy,579575698f155226152c1e4f67c98bb8595d6940abd973324857c8834b36b213,05e9310754456f67b7623e4b4cbec5c2bd3bdc0e5474d278d60f84891d7f4c8b,kernel-cache-p1-final-timing-20261007;kernel-cache-p1-final-timing-quiet-20261007;kernel-cache-p1-final-timing-isolated-20261007,private-noatime-tmpfs,legacy-writable,whole-tools,blocked-no-accepted-final-timing,30,0,ms,,,,,
final-P1-Core-owned-late-alias-and-positional-copy,579575698f155226152c1e4f67c98bb8595d6940abd973324857c8834b36b213,05e9310754456f67b7623e4b4cbec5c2bd3bdc0e5474d278d60f84891d7f4c8b,kernel-cache-p1-final-timing-20261007;kernel-cache-p1-final-timing-quiet-20261007;kernel-cache-p1-final-timing-isolated-20261007,private-noatime-tmpfs,metadata-writable,hot,blocked-no-accepted-final-timing,30,0,ms,,,,,
final-P1-Core-owned-late-alias-and-positional-copy,579575698f155226152c1e4f67c98bb8595d6940abd973324857c8834b36b213,05e9310754456f67b7623e4b4cbec5c2bd3bdc0e5474d278d60f84891d7f4c8b,kernel-cache-p1-final-timing-20261007;kernel-cache-p1-final-timing-quiet-20261007;kernel-cache-p1-final-timing-isolated-20261007,private-noatime-tmpfs,metadata-writable,ttl,blocked-no-accepted-final-timing,30,0,ms,,,,,
final-P1-Core-owned-late-alias-and-positional-copy,579575698f155226152c1e4f67c98bb8595d6940abd973324857c8834b36b213,05e9310754456f67b7623e4b4cbec5c2bd3bdc0e5474d278d60f84891d7f4c8b,kernel-cache-p1-final-timing-20261007;kernel-cache-p1-final-timing-quiet-20261007;kernel-cache-p1-final-timing-isolated-20261007,private-noatime-tmpfs,metadata-writable,readsearch,blocked-no-accepted-final-timing,30,0,ms,,,,,
final-P1-Core-owned-late-alias-and-positional-copy,579575698f155226152c1e4f67c98bb8595d6940abd973324857c8834b36b213,05e9310754456f67b7623e4b4cbec5c2bd3bdc0e5474d278d60f84891d7f4c8b,kernel-cache-p1-final-timing-20261007;kernel-cache-p1-final-timing-quiet-20261007;kernel-cache-p1-final-timing-isolated-20261007,private-noatime-tmpfs,metadata-writable,tools,blocked-no-accepted-final-timing,30,0,ms,,,,,
final-P1-Core-owned-late-alias-and-positional-copy,579575698f155226152c1e4f67c98bb8595d6940abd973324857c8834b36b213,05e9310754456f67b7623e4b4cbec5c2bd3bdc0e5474d278d60f84891d7f4c8b,kernel-cache-p1-final-timing-20261007;kernel-cache-p1-final-timing-quiet-20261007;kernel-cache-p1-final-timing-isolated-20261007,private-noatime-tmpfs,metadata-writable,whole-tools,blocked-no-accepted-final-timing,30,0,ms,,,,,
final-P1-Core-owned-late-alias-and-positional-copy,579575698f155226152c1e4f67c98bb8595d6940abd973324857c8834b36b213,05e9310754456f67b7623e4b4cbec5c2bd3bdc0e5474d278d60f84891d7f4c8b,kernel-cache-p1-final-timing-20261007;kernel-cache-p1-final-timing-quiet-20261007;kernel-cache-p1-final-timing-isolated-20261007,private-noatime-tmpfs,metadata-readonly,hot,blocked-no-accepted-final-timing,30,0,ms,,,,,
final-P1-Core-owned-late-alias-and-positional-copy,579575698f155226152c1e4f67c98bb8595d6940abd973324857c8834b36b213,05e9310754456f67b7623e4b4cbec5c2bd3bdc0e5474d278d60f84891d7f4c8b,kernel-cache-p1-final-timing-20261007;kernel-cache-p1-final-timing-quiet-20261007;kernel-cache-p1-final-timing-isolated-20261007,private-noatime-tmpfs,metadata-readonly,ttl,blocked-no-accepted-final-timing,30,0,ms,,,,,
final-P1-Core-owned-late-alias-and-positional-copy,579575698f155226152c1e4f67c98bb8595d6940abd973324857c8834b36b213,05e9310754456f67b7623e4b4cbec5c2bd3bdc0e5474d278d60f84891d7f4c8b,kernel-cache-p1-final-timing-20261007;kernel-cache-p1-final-timing-quiet-20261007;kernel-cache-p1-final-timing-isolated-20261007,private-noatime-tmpfs,metadata-readonly,readsearch,blocked-no-accepted-final-timing,30,0,ms,,,,,
final-P1-Core-owned-late-alias-and-positional-copy,579575698f155226152c1e4f67c98bb8595d6940abd973324857c8834b36b213,05e9310754456f67b7623e4b4cbec5c2bd3bdc0e5474d278d60f84891d7f4c8b,kernel-cache-p1-final-timing-20261007;kernel-cache-p1-final-timing-quiet-20261007;kernel-cache-p1-final-timing-isolated-20261007,private-noatime-tmpfs,metadata-readonly,tools,blocked-no-accepted-final-timing,30,0,ms,,,,,
final-P1-Core-owned-late-alias-and-positional-copy,579575698f155226152c1e4f67c98bb8595d6940abd973324857c8834b36b213,05e9310754456f67b7623e4b4cbec5c2bd3bdc0e5474d278d60f84891d7f4c8b,kernel-cache-p1-final-timing-20261007;kernel-cache-p1-final-timing-quiet-20261007;kernel-cache-p1-final-timing-isolated-20261007,private-noatime-tmpfs,metadata-readonly,whole-tools,blocked-no-accepted-final-timing,30,0,ms,,,,,
final-P1-Core-owned-late-alias-and-positional-copy,579575698f155226152c1e4f67c98bb8595d6940abd973324857c8834b36b213,05e9310754456f67b7623e4b4cbec5c2bd3bdc0e5474d278d60f84891d7f4c8b,kernel-cache-p1-final-timing-20261007;kernel-cache-p1-final-timing-quiet-20261007;kernel-cache-p1-final-timing-isolated-20261007,private-noatime-tmpfs,metadata-and-data-readonly,hot,blocked-no-accepted-final-timing,30,0,ms,,,,,
final-P1-Core-owned-late-alias-and-positional-copy,579575698f155226152c1e4f67c98bb8595d6940abd973324857c8834b36b213,05e9310754456f67b7623e4b4cbec5c2bd3bdc0e5474d278d60f84891d7f4c8b,kernel-cache-p1-final-timing-20261007;kernel-cache-p1-final-timing-quiet-20261007;kernel-cache-p1-final-timing-isolated-20261007,private-noatime-tmpfs,metadata-and-data-readonly,ttl,blocked-no-accepted-final-timing,30,0,ms,,,,,
final-P1-Core-owned-late-alias-and-positional-copy,579575698f155226152c1e4f67c98bb8595d6940abd973324857c8834b36b213,05e9310754456f67b7623e4b4cbec5c2bd3bdc0e5474d278d60f84891d7f4c8b,kernel-cache-p1-final-timing-20261007;kernel-cache-p1-final-timing-quiet-20261007;kernel-cache-p1-final-timing-isolated-20261007,private-noatime-tmpfs,metadata-and-data-readonly,readsearch,blocked-no-accepted-final-timing,30,0,ms,,,,,
final-P1-Core-owned-late-alias-and-positional-copy,579575698f155226152c1e4f67c98bb8595d6940abd973324857c8834b36b213,05e9310754456f67b7623e4b4cbec5c2bd3bdc0e5474d278d60f84891d7f4c8b,kernel-cache-p1-final-timing-20261007;kernel-cache-p1-final-timing-quiet-20261007;kernel-cache-p1-final-timing-isolated-20261007,private-noatime-tmpfs,metadata-and-data-readonly,tools,blocked-no-accepted-final-timing,30,0,ms,,,,,
final-P1-Core-owned-late-alias-and-positional-copy,579575698f155226152c1e4f67c98bb8595d6940abd973324857c8834b36b213,05e9310754456f67b7623e4b4cbec5c2bd3bdc0e5474d278d60f84891d7f4c8b,kernel-cache-p1-final-timing-20261007;kernel-cache-p1-final-timing-quiet-20261007;kernel-cache-p1-final-timing-isolated-20261007,private-noatime-tmpfs,metadata-and-data-readonly,whole-tools,blocked-no-accepted-final-timing,30,0,ms,,,,,
