benchmark_id,cell,scope,component,instance,label,n,calls_median,calls_min,calls_max,units_median,inclusive_ms_median,recorded_at,binary_sha256,source_manifest_sha256,fuse_driver_sha256,fuse_driver_source_manifest_sha256,input_manifest_sha256,raw_report_sha256,audit_sha256,interpretation
B-FS-DIAG,checkpoint,workspace,host-fuse,4,create,3,283,283,283,0,9.661304,2026-10-06T12:28:58.985068+00:00,1a7144081fdbf55047ae57df6dcc13a9e57bb7107f568a17f2b5f209aa2d6f17,7ef73174e02879122a410fe291867e3c8c08f4a1c944c69eb4aded7f521e1b7f,,,358ca833b32ed7ef60b6333cc873a77a531a9f8076e5419cb57b4e629185013f,284aa6cefff640d169b982169d0484e9e0c4744ae5f21773f43b965806740e1d,9b41585b59bca83f81ace35104382d5e1c4897cdb62c6ba50f7892f49b410ff3,independent instrumented jobs; last final snapshot per PID/component/instance; spans overlap; passthrough byte labels count bytes; no task latency claim
B-FS-DIAG,checkpoint,workspace,host-fuse,4,directory_snapshot,3,234,234,234,0,66.146427,2026-10-06T12:28:58.985068+00:00,1a7144081fdbf55047ae57df6dcc13a9e57bb7107f568a17f2b5f209aa2d6f17,7ef73174e02879122a410fe291867e3c8c08f4a1c944c69eb4aded7f521e1b7f,,,358ca833b32ed7ef60b6333cc873a77a531a9f8076e5419cb57b4e629185013f,284aa6cefff640d169b982169d0484e9e0c4744ae5f21773f43b965806740e1d,9b41585b59bca83f81ace35104382d5e1c4897cdb62c6ba50f7892f49b410ff3,independent instrumented jobs; last final snapshot per PID/component/instance; spans overlap; passthrough byte labels count bytes; no task latency claim
B-FS-DIAG,checkpoint,workspace,host-fuse,4,flush,3,4789,4789,4789,0,5.831454,2026-10-06T12:28:58.985068+00:00,1a7144081fdbf55047ae57df6dcc13a9e57bb7107f568a17f2b5f209aa2d6f17,7ef73174e02879122a410fe291867e3c8c08f4a1c944c69eb4aded7f521e1b7f,,,358ca833b32ed7ef60b6333cc873a77a531a9f8076e5419cb57b4e629185013f,284aa6cefff640d169b982169d0484e9e0c4744ae5f21773f43b965806740e1d,9b41585b59bca83f81ace35104382d5e1c4897cdb62c6ba50f7892f49b410ff3,independent instrumented jobs; last final snapshot per PID/component/instance; spans overlap; passthrough byte labels count bytes; no task latency claim
B-FS-DIAG,checkpoint,workspace,host-fuse,4,forget,3,13,13,13,0,0.067056,2026-10-06T12:28:58.985068+00:00,1a7144081fdbf55047ae57df6dcc13a9e57bb7107f568a17f2b5f209aa2d6f17,7ef73174e02879122a410fe291867e3c8c08f4a1c944c69eb4aded7f521e1b7f,,,358ca833b32ed7ef60b6333cc873a77a531a9f8076e5419cb57b4e629185013f,284aa6cefff640d169b982169d0484e9e0c4744ae5f21773f43b965806740e1d,9b41585b59bca83f81ace35104382d5e1c4897cdb62c6ba50f7892f49b410ff3,independent instrumented jobs; last final snapshot per PID/component/instance; spans overlap; passthrough byte labels count bytes; no task latency claim
B-FS-DIAG,checkpoint,workspace,host-fuse,4,fsync,3,3,3,3,0,3.823394,2026-10-06T12:28:58.985068+00:00,1a7144081fdbf55047ae57df6dcc13a9e57bb7107f568a17f2b5f209aa2d6f17,7ef73174e02879122a410fe291867e3c8c08f4a1c944c69eb4aded7f521e1b7f,,,358ca833b32ed7ef60b6333cc873a77a531a9f8076e5419cb57b4e629185013f,284aa6cefff640d169b982169d0484e9e0c4744ae5f21773f43b965806740e1d,9b41585b59bca83f81ace35104382d5e1c4897cdb62c6ba50f7892f49b410ff3,independent instrumented jobs; last final snapshot per PID/component/instance; spans overlap; passthrough byte labels count bytes; no task latency claim
B-FS-DIAG,checkpoint,workspace,host-fuse,4,fsyncdir,3,1,1,1,0,0.448677,2026-10-06T12:28:58.985068+00:00,1a7144081fdbf55047ae57df6dcc13a9e57bb7107f568a17f2b5f209aa2d6f17,7ef73174e02879122a410fe291867e3c8c08f4a1c944c69eb4aded7f521e1b7f,,,358ca833b32ed7ef60b6333cc873a77a531a9f8076e5419cb57b4e629185013f,284aa6cefff640d169b982169d0484e9e0c4744ae5f21773f43b965806740e1d,9b41585b59bca83f81ace35104382d5e1c4897cdb62c6ba50f7892f49b410ff3,independent instrumented jobs; last final snapshot per PID/component/instance; spans overlap; passthrough byte labels count bytes; no task latency claim
B-FS-DIAG,checkpoint,workspace,host-fuse,4,getattr,3,453,452,456,0,4.906131,2026-10-06T12:28:58.985068+00:00,1a7144081fdbf55047ae57df6dcc13a9e57bb7107f568a17f2b5f209aa2d6f17,7ef73174e02879122a410fe291867e3c8c08f4a1c944c69eb4aded7f521e1b7f,,,358ca833b32ed7ef60b6333cc873a77a531a9f8076e5419cb57b4e629185013f,284aa6cefff640d169b982169d0484e9e0c4744ae5f21773f43b965806740e1d,9b41585b59bca83f81ace35104382d5e1c4897cdb62c6ba50f7892f49b410ff3,independent instrumented jobs; last final snapshot per PID/component/instance; spans overlap; passthrough byte labels count bytes; no task latency claim
B-FS-DIAG,checkpoint,workspace,host-fuse,4,getxattr,3,294,294,294,0,4.197854,2026-10-06T12:28:58.985068+00:00,1a7144081fdbf55047ae57df6dcc13a9e57bb7107f568a17f2b5f209aa2d6f17,7ef73174e02879122a410fe291867e3c8c08f4a1c944c69eb4aded7f521e1b7f,,,358ca833b32ed7ef60b6333cc873a77a531a9f8076e5419cb57b4e629185013f,284aa6cefff640d169b982169d0484e9e0c4744ae5f21773f43b965806740e1d,9b41585b59bca83f81ace35104382d5e1c4897cdb62c6ba50f7892f49b410ff3,independent instrumented jobs; last final snapshot per PID/component/instance; spans overlap; passthrough byte labels count bytes; no task latency claim
B-FS-DIAG,checkpoint,workspace,host-fuse,4,link,3,1,1,1,0,0.053559,2026-10-06T12:28:58.985068+00:00,1a7144081fdbf55047ae57df6dcc13a9e57bb7107f568a17f2b5f209aa2d6f17,7ef73174e02879122a410fe291867e3c8c08f4a1c944c69eb4aded7f521e1b7f,,,358ca833b32ed7ef60b6333cc873a77a531a9f8076e5419cb57b4e629185013f,284aa6cefff640d169b982169d0484e9e0c4744ae5f21773f43b965806740e1d,9b41585b59bca83f81ace35104382d5e1c4897cdb62c6ba50f7892f49b410ff3,independent instrumented jobs; last final snapshot per PID/component/instance; spans overlap; passthrough byte labels count bytes; no task latency claim
B-FS-DIAG,checkpoint,workspace,host-fuse,4,lookup,3,3057,3057,3057,0,53.043172,2026-10-06T12:28:58.985068+00:00,1a7144081fdbf55047ae57df6dcc13a9e57bb7107f568a17f2b5f209aa2d6f17,7ef73174e02879122a410fe291867e3c8c08f4a1c944c69eb4aded7f521e1b7f,,,358ca833b32ed7ef60b6333cc873a77a531a9f8076e5419cb57b4e629185013f,284aa6cefff640d169b982169d0484e9e0c4744ae5f21773f43b965806740e1d,9b41585b59bca83f81ace35104382d5e1c4897cdb62c6ba50f7892f49b410ff3,independent instrumented jobs; last final snapshot per PID/component/instance; spans overlap; passthrough byte labels count bytes; no task latency claim
B-FS-DIAG,checkpoint,workspace,host-fuse,4,mkdir,3,15,15,15,0,0.908905,2026-10-06T12:28:58.985068+00:00,1a7144081fdbf55047ae57df6dcc13a9e57bb7107f568a17f2b5f209aa2d6f17,7ef73174e02879122a410fe291867e3c8c08f4a1c944c69eb4aded7f521e1b7f,,,358ca833b32ed7ef60b6333cc873a77a531a9f8076e5419cb57b4e629185013f,284aa6cefff640d169b982169d0484e9e0c4744ae5f21773f43b965806740e1d,9b41585b59bca83f81ace35104382d5e1c4897cdb62c6ba50f7892f49b410ff3,independent instrumented jobs; last final snapshot per PID/component/instance; spans overlap; passthrough byte labels count bytes; no task latency claim
B-FS-DIAG,checkpoint,workspace,host-fuse,4,observation,3,14262,14262,14266,0,37.001957,2026-10-06T12:28:58.985068+00:00,1a7144081fdbf55047ae57df6dcc13a9e57bb7107f568a17f2b5f209aa2d6f17,7ef73174e02879122a410fe291867e3c8c08f4a1c944c69eb4aded7f521e1b7f,,,358ca833b32ed7ef60b6333cc873a77a531a9f8076e5419cb57b4e629185013f,284aa6cefff640d169b982169d0484e9e0c4744ae5f21773f43b965806740e1d,9b41585b59bca83f81ace35104382d5e1c4897cdb62c6ba50f7892f49b410ff3,independent instrumented jobs; last final snapshot per PID/component/instance; spans overlap; passthrough byte labels count bytes; no task latency claim
B-FS-DIAG,checkpoint,workspace,host-fuse,4,open,3,4501,4501,4501,0,185.795194,2026-10-06T12:28:58.985068+00:00,1a7144081fdbf55047ae57df6dcc13a9e57bb7107f568a17f2b5f209aa2d6f17,7ef73174e02879122a410fe291867e3c8c08f4a1c944c69eb4aded7f521e1b7f,,,358ca833b32ed7ef60b6333cc873a77a531a9f8076e5419cb57b4e629185013f,284aa6cefff640d169b982169d0484e9e0c4744ae5f21773f43b965806740e1d,9b41585b59bca83f81ace35104382d5e1c4897cdb62c6ba50f7892f49b410ff3,independent instrumented jobs; last final snapshot per PID/component/instance; spans overlap; passthrough byte labels count bytes; no task latency claim
B-FS-DIAG,checkpoint,workspace,host-fuse,4,opendir,3,234,234,234,0,67.130803,2026-10-06T12:28:58.985068+00:00,1a7144081fdbf55047ae57df6dcc13a9e57bb7107f568a17f2b5f209aa2d6f17,7ef73174e02879122a410fe291867e3c8c08f4a1c944c69eb4aded7f521e1b7f,,,358ca833b32ed7ef60b6333cc873a77a531a9f8076e5419cb57b4e629185013f,284aa6cefff640d169b982169d0484e9e0c4744ae5f21773f43b965806740e1d,9b41585b59bca83f81ace35104382d5e1c4897cdb62c6ba50f7892f49b410ff3,independent instrumented jobs; last final snapshot per PID/component/instance; spans overlap; passthrough byte labels count bytes; no task latency claim
B-FS-DIAG,checkpoint,workspace,host-fuse,4,read,3,5014,5013,5014,0,28.964677,2026-10-06T12:28:58.985068+00:00,1a7144081fdbf55047ae57df6dcc13a9e57bb7107f568a17f2b5f209aa2d6f17,7ef73174e02879122a410fe291867e3c8c08f4a1c944c69eb4aded7f521e1b7f,,,358ca833b32ed7ef60b6333cc873a77a531a9f8076e5419cb57b4e629185013f,284aa6cefff640d169b982169d0484e9e0c4744ae5f21773f43b965806740e1d,9b41585b59bca83f81ace35104382d5e1c4897cdb62c6ba50f7892f49b410ff3,independent instrumented jobs; last final snapshot per PID/component/instance; spans overlap; passthrough byte labels count bytes; no task latency claim
B-FS-DIAG,checkpoint,workspace,host-fuse,4,readdir,3,465,465,465,0,0.866734,2026-10-06T12:28:58.985068+00:00,1a7144081fdbf55047ae57df6dcc13a9e57bb7107f568a17f2b5f209aa2d6f17,7ef73174e02879122a410fe291867e3c8c08f4a1c944c69eb4aded7f521e1b7f,,,358ca833b32ed7ef60b6333cc873a77a531a9f8076e5419cb57b4e629185013f,284aa6cefff640d169b982169d0484e9e0c4744ae5f21773f43b965806740e1d,9b41585b59bca83f81ace35104382d5e1c4897cdb62c6ba50f7892f49b410ff3,independent instrumented jobs; last final snapshot per PID/component/instance; spans overlap; passthrough byte labels count bytes; no task latency claim
B-FS-DIAG,checkpoint,workspace,host-fuse,4,readlink,3,64,64,64,0,1.249943,2026-10-06T12:28:58.985068+00:00,1a7144081fdbf55047ae57df6dcc13a9e57bb7107f568a17f2b5f209aa2d6f17,7ef73174e02879122a410fe291867e3c8c08f4a1c944c69eb4aded7f521e1b7f,,,358ca833b32ed7ef60b6333cc873a77a531a9f8076e5419cb57b4e629185013f,284aa6cefff640d169b982169d0484e9e0c4744ae5f21773f43b965806740e1d,9b41585b59bca83f81ace35104382d5e1c4897cdb62c6ba50f7892f49b410ff3,independent instrumented jobs; last final snapshot per PID/component/instance; spans overlap; passthrough byte labels count bytes; no task latency claim
B-FS-DIAG,checkpoint,workspace,host-fuse,4,reclaim_inode,3,14110,14110,14110,0,2.432494,2026-10-06T12:28:58.985068+00:00,1a7144081fdbf55047ae57df6dcc13a9e57bb7107f568a17f2b5f209aa2d6f17,7ef73174e02879122a410fe291867e3c8c08f4a1c944c69eb4aded7f521e1b7f,,,358ca833b32ed7ef60b6333cc873a77a531a9f8076e5419cb57b4e629185013f,284aa6cefff640d169b982169d0484e9e0c4744ae5f21773f43b965806740e1d,9b41585b59bca83f81ace35104382d5e1c4897cdb62c6ba50f7892f49b410ff3,independent instrumented jobs; last final snapshot per PID/component/instance; spans overlap; passthrough byte labels count bytes; no task latency claim
B-FS-DIAG,checkpoint,workspace,host-fuse,4,reclaim_objects_scanned,3,0,0,0,4411,0.0,2026-10-06T12:28:58.985068+00:00,1a7144081fdbf55047ae57df6dcc13a9e57bb7107f568a17f2b5f209aa2d6f17,7ef73174e02879122a410fe291867e3c8c08f4a1c944c69eb4aded7f521e1b7f,,,358ca833b32ed7ef60b6333cc873a77a531a9f8076e5419cb57b4e629185013f,284aa6cefff640d169b982169d0484e9e0c4744ae5f21773f43b965806740e1d,9b41585b59bca83f81ace35104382d5e1c4897cdb62c6ba50f7892f49b410ff3,independent instrumented jobs; last final snapshot per PID/component/instance; spans overlap; passthrough byte labels count bytes; no task latency claim
B-FS-DIAG,checkpoint,workspace,host-fuse,4,reclaim_paths_scanned,3,0,0,0,299329,0.0,2026-10-06T12:28:58.985068+00:00,1a7144081fdbf55047ae57df6dcc13a9e57bb7107f568a17f2b5f209aa2d6f17,7ef73174e02879122a410fe291867e3c8c08f4a1c944c69eb4aded7f521e1b7f,,,358ca833b32ed7ef60b6333cc873a77a531a9f8076e5419cb57b4e629185013f,284aa6cefff640d169b982169d0484e9e0c4744ae5f21773f43b965806740e1d,9b41585b59bca83f81ace35104382d5e1c4897cdb62c6ba50f7892f49b410ff3,independent instrumented jobs; last final snapshot per PID/component/instance; spans overlap; passthrough byte labels count bytes; no task latency claim
B-FS-DIAG,checkpoint,workspace,host-fuse,4,release,3,4784,4784,4784,0,3.239477,2026-10-06T12:28:58.985068+00:00,1a7144081fdbf55047ae57df6dcc13a9e57bb7107f568a17f2b5f209aa2d6f17,7ef73174e02879122a410fe291867e3c8c08f4a1c944c69eb4aded7f521e1b7f,,,358ca833b32ed7ef60b6333cc873a77a531a9f8076e5419cb57b4e629185013f,284aa6cefff640d169b982169d0484e9e0c4744ae5f21773f43b965806740e1d,9b41585b59bca83f81ace35104382d5e1c4897cdb62c6ba50f7892f49b410ff3,independent instrumented jobs; last final snapshot per PID/component/instance; spans overlap; passthrough byte labels count bytes; no task latency claim
B-FS-DIAG,checkpoint,workspace,host-fuse,4,releasedir,3,234,234,234,0,3.095126,2026-10-06T12:28:58.985068+00:00,1a7144081fdbf55047ae57df6dcc13a9e57bb7107f568a17f2b5f209aa2d6f17,7ef73174e02879122a410fe291867e3c8c08f4a1c944c69eb4aded7f521e1b7f,,,358ca833b32ed7ef60b6333cc873a77a531a9f8076e5419cb57b4e629185013f,284aa6cefff640d169b982169d0484e9e0c4744ae5f21773f43b965806740e1d,9b41585b59bca83f81ace35104382d5e1c4897cdb62c6ba50f7892f49b410ff3,independent instrumented jobs; last final snapshot per PID/component/instance; spans overlap; passthrough byte labels count bytes; no task latency claim
B-FS-DIAG,checkpoint,workspace,host-fuse,4,rename,3,3,3,3,0,2.193042,2026-10-06T12:28:58.985068+00:00,1a7144081fdbf55047ae57df6dcc13a9e57bb7107f568a17f2b5f209aa2d6f17,7ef73174e02879122a410fe291867e3c8c08f4a1c944c69eb4aded7f521e1b7f,,,358ca833b32ed7ef60b6333cc873a77a531a9f8076e5419cb57b4e629185013f,284aa6cefff640d169b982169d0484e9e0c4744ae5f21773f43b965806740e1d,9b41585b59bca83f81ace35104382d5e1c4897cdb62c6ba50f7892f49b410ff3,independent instrumented jobs; last final snapshot per PID/component/instance; spans overlap; passthrough byte labels count bytes; no task latency claim
B-FS-DIAG,checkpoint,workspace,host-fuse,4,rmdir,3,3,3,3,0,0.705066,2026-10-06T12:28:58.985068+00:00,1a7144081fdbf55047ae57df6dcc13a9e57bb7107f568a17f2b5f209aa2d6f17,7ef73174e02879122a410fe291867e3c8c08f4a1c944c69eb4aded7f521e1b7f,,,358ca833b32ed7ef60b6333cc873a77a531a9f8076e5419cb57b4e629185013f,284aa6cefff640d169b982169d0484e9e0c4744ae5f21773f43b965806740e1d,9b41585b59bca83f81ace35104382d5e1c4897cdb62c6ba50f7892f49b410ff3,independent instrumented jobs; last final snapshot per PID/component/instance; spans overlap; passthrough byte labels count bytes; no task latency claim
B-FS-DIAG,checkpoint,workspace,host-fuse,4,setattr,3,5,5,5,0,0.101298,2026-10-06T12:28:58.985068+00:00,1a7144081fdbf55047ae57df6dcc13a9e57bb7107f568a17f2b5f209aa2d6f17,7ef73174e02879122a410fe291867e3c8c08f4a1c944c69eb4aded7f521e1b7f,,,358ca833b32ed7ef60b6333cc873a77a531a9f8076e5419cb57b4e629185013f,284aa6cefff640d169b982169d0484e9e0c4744ae5f21773f43b965806740e1d,9b41585b59bca83f81ace35104382d5e1c4897cdb62c6ba50f7892f49b410ff3,independent instrumented jobs; last final snapshot per PID/component/instance; spans overlap; passthrough byte labels count bytes; no task latency claim
B-FS-DIAG,checkpoint,workspace,host-fuse,4,statfs,3,13,13,13,0,0.022371,2026-10-06T12:28:58.985068+00:00,1a7144081fdbf55047ae57df6dcc13a9e57bb7107f568a17f2b5f209aa2d6f17,7ef73174e02879122a410fe291867e3c8c08f4a1c944c69eb4aded7f521e1b7f,,,358ca833b32ed7ef60b6333cc873a77a531a9f8076e5419cb57b4e629185013f,284aa6cefff640d169b982169d0484e9e0c4744ae5f21773f43b965806740e1d,9b41585b59bca83f81ace35104382d5e1c4897cdb62c6ba50f7892f49b410ff3,independent instrumented jobs; last final snapshot per PID/component/instance; spans overlap; passthrough byte labels count bytes; no task latency claim
B-FS-DIAG,checkpoint,workspace,host-fuse,4,symlink,3,32,32,32,0,1.629883,2026-10-06T12:28:58.985068+00:00,1a7144081fdbf55047ae57df6dcc13a9e57bb7107f568a17f2b5f209aa2d6f17,7ef73174e02879122a410fe291867e3c8c08f4a1c944c69eb4aded7f521e1b7f,,,358ca833b32ed7ef60b6333cc873a77a531a9f8076e5419cb57b4e629185013f,284aa6cefff640d169b982169d0484e9e0c4744ae5f21773f43b965806740e1d,9b41585b59bca83f81ace35104382d5e1c4897cdb62c6ba50f7892f49b410ff3,independent instrumented jobs; last final snapshot per PID/component/instance; spans overlap; passthrough byte labels count bytes; no task latency claim
B-FS-DIAG,checkpoint,workspace,host-fuse,4,unlink,3,9,9,9,0,2.5075,2026-10-06T12:28:58.985068+00:00,1a7144081fdbf55047ae57df6dcc13a9e57bb7107f568a17f2b5f209aa2d6f17,7ef73174e02879122a410fe291867e3c8c08f4a1c944c69eb4aded7f521e1b7f,,,358ca833b32ed7ef60b6333cc873a77a531a9f8076e5419cb57b4e629185013f,284aa6cefff640d169b982169d0484e9e0c4744ae5f21773f43b965806740e1d,9b41585b59bca83f81ace35104382d5e1c4897cdb62c6ba50f7892f49b410ff3,independent instrumented jobs; last final snapshot per PID/component/instance; spans overlap; passthrough byte labels count bytes; no task latency claim
B-FS-DIAG,checkpoint,workspace,host-fuse,4,write,3,292,292,292,0,2.453292,2026-10-06T12:28:58.985068+00:00,1a7144081fdbf55047ae57df6dcc13a9e57bb7107f568a17f2b5f209aa2d6f17,7ef73174e02879122a410fe291867e3c8c08f4a1c944c69eb4aded7f521e1b7f,,,358ca833b32ed7ef60b6333cc873a77a531a9f8076e5419cb57b4e629185013f,284aa6cefff640d169b982169d0484e9e0c4744ae5f21773f43b965806740e1d,9b41585b59bca83f81ace35104382d5e1c4897cdb62c6ba50f7892f49b410ff3,independent instrumented jobs; last final snapshot per PID/component/instance; spans overlap; passthrough byte labels count bytes; no task latency claim
B-FS-DIAG,checkpoint,workspace,overlay-core,1,copy_up,3,24,24,24,0,0.269134,2026-10-06T12:28:58.985068+00:00,1a7144081fdbf55047ae57df6dcc13a9e57bb7107f568a17f2b5f209aa2d6f17,7ef73174e02879122a410fe291867e3c8c08f4a1c944c69eb4aded7f521e1b7f,,,358ca833b32ed7ef60b6333cc873a77a531a9f8076e5419cb57b4e629185013f,284aa6cefff640d169b982169d0484e9e0c4744ae5f21773f43b965806740e1d,9b41585b59bca83f81ace35104382d5e1c4897cdb62c6ba50f7892f49b410ff3,independent instrumented jobs; last final snapshot per PID/component/instance; spans overlap; passthrough byte labels count bytes; no task latency claim
B-FS-DIAG,checkpoint,workspace,overlay-core,1,copy_up_bytes,3,0,0,0,202,0.0,2026-10-06T12:28:58.985068+00:00,1a7144081fdbf55047ae57df6dcc13a9e57bb7107f568a17f2b5f209aa2d6f17,7ef73174e02879122a410fe291867e3c8c08f4a1c944c69eb4aded7f521e1b7f,,,358ca833b32ed7ef60b6333cc873a77a531a9f8076e5419cb57b4e629185013f,284aa6cefff640d169b982169d0484e9e0c4744ae5f21773f43b965806740e1d,9b41585b59bca83f81ace35104382d5e1c4897cdb62c6ba50f7892f49b410ff3,independent instrumented jobs; last final snapshot per PID/component/instance; spans overlap; passthrough byte labels count bytes; no task latency claim
B-FS-DIAG,checkpoint,workspace,overlay-core,1,fingerprint_bytes,3,0,0,0,69375893,0.0,2026-10-06T12:28:58.985068+00:00,1a7144081fdbf55047ae57df6dcc13a9e57bb7107f568a17f2b5f209aa2d6f17,7ef73174e02879122a410fe291867e3c8c08f4a1c944c69eb4aded7f521e1b7f,,,358ca833b32ed7ef60b6333cc873a77a531a9f8076e5419cb57b4e629185013f,284aa6cefff640d169b982169d0484e9e0c4744ae5f21773f43b965806740e1d,9b41585b59bca83f81ace35104382d5e1c4897cdb62c6ba50f7892f49b410ff3,independent instrumented jobs; last final snapshot per PID/component/instance; spans overlap; passthrough byte labels count bytes; no task latency claim
B-FS-DIAG,checkpoint,workspace,overlay-core,1,fingerprint_content,3,2157,2157,2157,0,45.133774,2026-10-06T12:28:58.985068+00:00,1a7144081fdbf55047ae57df6dcc13a9e57bb7107f568a17f2b5f209aa2d6f17,7ef73174e02879122a410fe291867e3c8c08f4a1c944c69eb4aded7f521e1b7f,,,358ca833b32ed7ef60b6333cc873a77a531a9f8076e5419cb57b4e629185013f,284aa6cefff640d169b982169d0484e9e0c4744ae5f21773f43b965806740e1d,9b41585b59bca83f81ace35104382d5e1c4897cdb62c6ba50f7892f49b410ff3,independent instrumented jobs; last final snapshot per PID/component/instance; spans overlap; passthrough byte labels count bytes; no task latency claim
B-FS-DIAG,checkpoint,workspace,overlay-core,1,fingerprint_metadata,3,2163,2163,2163,0,4.566428,2026-10-06T12:28:58.985068+00:00,1a7144081fdbf55047ae57df6dcc13a9e57bb7107f568a17f2b5f209aa2d6f17,7ef73174e02879122a410fe291867e3c8c08f4a1c944c69eb4aded7f521e1b7f,,,358ca833b32ed7ef60b6333cc873a77a531a9f8076e5419cb57b4e629185013f,284aa6cefff640d169b982169d0484e9e0c4744ae5f21773f43b965806740e1d,9b41585b59bca83f81ace35104382d5e1c4897cdb62c6ba50f7892f49b410ff3,independent instrumented jobs; last final snapshot per PID/component/instance; spans overlap; passthrough byte labels count bytes; no task latency claim
B-FS-DIAG,checkpoint,workspace,overlay-core,1,fingerprint_xattrs,3,2162,2162,2162,0,1.912398,2026-10-06T12:28:58.985068+00:00,1a7144081fdbf55047ae57df6dcc13a9e57bb7107f568a17f2b5f209aa2d6f17,7ef73174e02879122a410fe291867e3c8c08f4a1c944c69eb4aded7f521e1b7f,,,358ca833b32ed7ef60b6333cc873a77a531a9f8076e5419cb57b4e629185013f,284aa6cefff640d169b982169d0484e9e0c4744ae5f21773f43b965806740e1d,9b41585b59bca83f81ace35104382d5e1c4897cdb62c6ba50f7892f49b410ff3,independent instrumented jobs; last final snapshot per PID/component/instance; spans overlap; passthrough byte labels count bytes; no task latency claim
B-FS-DIAG,checkpoint,workspace,overlay-core,1,fingerprinted_paths,3,0,0,0,2163,0.0,2026-10-06T12:28:58.985068+00:00,1a7144081fdbf55047ae57df6dcc13a9e57bb7107f568a17f2b5f209aa2d6f17,7ef73174e02879122a410fe291867e3c8c08f4a1c944c69eb4aded7f521e1b7f,,,358ca833b32ed7ef60b6333cc873a77a531a9f8076e5419cb57b4e629185013f,284aa6cefff640d169b982169d0484e9e0c4744ae5f21773f43b965806740e1d,9b41585b59bca83f81ace35104382d5e1c4897cdb62c6ba50f7892f49b410ff3,independent instrumented jobs; last final snapshot per PID/component/instance; spans overlap; passthrough byte labels count bytes; no task latency claim
B-FS-DIAG,checkpoint,workspace,overlay-core,1,journal_log,3,5979,5979,5979,0,69.076664,2026-10-06T12:28:58.985068+00:00,1a7144081fdbf55047ae57df6dcc13a9e57bb7107f568a17f2b5f209aa2d6f17,7ef73174e02879122a410fe291867e3c8c08f4a1c944c69eb4aded7f521e1b7f,,,358ca833b32ed7ef60b6333cc873a77a531a9f8076e5419cb57b4e629185013f,284aa6cefff640d169b982169d0484e9e0c4744ae5f21773f43b965806740e1d,9b41585b59bca83f81ace35104382d5e1c4897cdb62c6ba50f7892f49b410ff3,independent instrumented jobs; last final snapshot per PID/component/instance; spans overlap; passthrough byte labels count bytes; no task latency claim
B-FS-DIAG,checkpoint,workspace,overlay-core,1,layer_leaf_stats,3,0,0,0,77904,0.0,2026-10-06T12:28:58.985068+00:00,1a7144081fdbf55047ae57df6dcc13a9e57bb7107f568a17f2b5f209aa2d6f17,7ef73174e02879122a410fe291867e3c8c08f4a1c944c69eb4aded7f521e1b7f,,,358ca833b32ed7ef60b6333cc873a77a531a9f8076e5419cb57b4e629185013f,284aa6cefff640d169b982169d0484e9e0c4744ae5f21773f43b965806740e1d,9b41585b59bca83f81ace35104382d5e1c4897cdb62c6ba50f7892f49b410ff3,independent instrumented jobs; last final snapshot per PID/component/instance; spans overlap; passthrough byte labels count bytes; no task latency claim
B-FS-DIAG,checkpoint,workspace,overlay-core,1,layer_parent_stats,3,0,0,0,142405,0.0,2026-10-06T12:28:58.985068+00:00,1a7144081fdbf55047ae57df6dcc13a9e57bb7107f568a17f2b5f209aa2d6f17,7ef73174e02879122a410fe291867e3c8c08f4a1c944c69eb4aded7f521e1b7f,,,358ca833b32ed7ef60b6333cc873a77a531a9f8076e5419cb57b4e629185013f,284aa6cefff640d169b982169d0484e9e0c4744ae5f21773f43b965806740e1d,9b41585b59bca83f81ace35104382d5e1c4897cdb62c6ba50f7892f49b410ff3,independent instrumented jobs; last final snapshot per PID/component/instance; spans overlap; passthrough byte labels count bytes; no task latency claim
B-FS-DIAG,checkpoint,workspace,overlay-core,1,list_entries,3,243,243,243,0,6.058607,2026-10-06T12:28:58.985068+00:00,1a7144081fdbf55047ae57df6dcc13a9e57bb7107f568a17f2b5f209aa2d6f17,7ef73174e02879122a410fe291867e3c8c08f4a1c944c69eb4aded7f521e1b7f,,,358ca833b32ed7ef60b6333cc873a77a531a9f8076e5419cb57b4e629185013f,284aa6cefff640d169b982169d0484e9e0c4744ae5f21773f43b965806740e1d,9b41585b59bca83f81ace35104382d5e1c4897cdb62c6ba50f7892f49b410ff3,independent instrumented jobs; last final snapshot per PID/component/instance; spans overlap; passthrough byte labels count bytes; no task latency claim
B-FS-DIAG,checkpoint,workspace,overlay-core,1,metadata,3,14623,14622,14626,0,150.392437,2026-10-06T12:28:58.985068+00:00,1a7144081fdbf55047ae57df6dcc13a9e57bb7107f568a17f2b5f209aa2d6f17,7ef73174e02879122a410fe291867e3c8c08f4a1c944c69eb4aded7f521e1b7f,,,358ca833b32ed7ef60b6333cc873a77a531a9f8076e5419cb57b4e629185013f,284aa6cefff640d169b982169d0484e9e0c4744ae5f21773f43b965806740e1d,9b41585b59bca83f81ace35104382d5e1c4897cdb62c6ba50f7892f49b410ff3,independent instrumented jobs; last final snapshot per PID/component/instance; spans overlap; passthrough byte labels count bytes; no task latency claim
B-FS-DIAG,checkpoint,workspace,overlay-core,1,observe_read,3,4854,4854,4854,0,167.250754,2026-10-06T12:28:58.985068+00:00,1a7144081fdbf55047ae57df6dcc13a9e57bb7107f568a17f2b5f209aa2d6f17,7ef73174e02879122a410fe291867e3c8c08f4a1c944c69eb4aded7f521e1b7f,,,358ca833b32ed7ef60b6333cc873a77a531a9f8076e5419cb57b4e629185013f,284aa6cefff640d169b982169d0484e9e0c4744ae5f21773f43b965806740e1d,9b41585b59bca83f81ace35104382d5e1c4897cdb62c6ba50f7892f49b410ff3,independent instrumented jobs; last final snapshot per PID/component/instance; spans overlap; passthrough byte labels count bytes; no task latency claim
B-FS-DIAG,checkpoint,workspace,overlay-core,1,opaque_probe,3,12893,12892,12893,0,16.460576,2026-10-06T12:28:58.985068+00:00,1a7144081fdbf55047ae57df6dcc13a9e57bb7107f568a17f2b5f209aa2d6f17,7ef73174e02879122a410fe291867e3c8c08f4a1c944c69eb4aded7f521e1b7f,,,358ca833b32ed7ef60b6333cc873a77a531a9f8076e5419cb57b4e629185013f,284aa6cefff640d169b982169d0484e9e0c4744ae5f21773f43b965806740e1d,9b41585b59bca83f81ace35104382d5e1c4897cdb62c6ba50f7892f49b410ff3,independent instrumented jobs; last final snapshot per PID/component/instance; spans overlap; passthrough byte labels count bytes; no task latency claim
B-FS-DIAG,checkpoint,workspace,overlay-core,1,preimage,3,5979,5979,5979,0,69.820461,2026-10-06T12:28:58.985068+00:00,1a7144081fdbf55047ae57df6dcc13a9e57bb7107f568a17f2b5f209aa2d6f17,7ef73174e02879122a410fe291867e3c8c08f4a1c944c69eb4aded7f521e1b7f,,,358ca833b32ed7ef60b6333cc873a77a531a9f8076e5419cb57b4e629185013f,284aa6cefff640d169b982169d0484e9e0c4744ae5f21773f43b965806740e1d,9b41585b59bca83f81ace35104382d5e1c4897cdb62c6ba50f7892f49b410ff3,independent instrumented jobs; last final snapshot per PID/component/instance; spans overlap; passthrough byte labels count bytes; no task latency claim
B-FS-DIAG,checkpoint,workspace,overlay-core,1,resolve,3,14979,14978,14982,0,148.384973,2026-10-06T12:28:58.985068+00:00,1a7144081fdbf55047ae57df6dcc13a9e57bb7107f568a17f2b5f209aa2d6f17,7ef73174e02879122a410fe291867e3c8c08f4a1c944c69eb4aded7f521e1b7f,,,358ca833b32ed7ef60b6333cc873a77a531a9f8076e5419cb57b4e629185013f,284aa6cefff640d169b982169d0484e9e0c4744ae5f21773f43b965806740e1d,9b41585b59bca83f81ace35104382d5e1c4897cdb62c6ba50f7892f49b410ff3,independent instrumented jobs; last final snapshot per PID/component/instance; spans overlap; passthrough byte labels count bytes; no task latency claim
B-FS-DIAG,checkpoint,workspace,overlay-core,1,resolve_components,3,0,0,0,57187,0.0,2026-10-06T12:28:58.985068+00:00,1a7144081fdbf55047ae57df6dcc13a9e57bb7107f568a17f2b5f209aa2d6f17,7ef73174e02879122a410fe291867e3c8c08f4a1c944c69eb4aded7f521e1b7f,,,358ca833b32ed7ef60b6333cc873a77a531a9f8076e5419cb57b4e629185013f,284aa6cefff640d169b982169d0484e9e0c4744ae5f21773f43b965806740e1d,9b41585b59bca83f81ace35104382d5e1c4897cdb62c6ba50f7892f49b410ff3,independent instrumented jobs; last final snapshot per PID/component/instance; spans overlap; passthrough byte labels count bytes; no task latency claim
B-FS-DIAG,checkpoint,workspace,overlay-core,1,unavailable_upper_marker_skips,3,0,0,0,27052,0.0,2026-10-06T12:28:58.985068+00:00,1a7144081fdbf55047ae57df6dcc13a9e57bb7107f568a17f2b5f209aa2d6f17,7ef73174e02879122a410fe291867e3c8c08f4a1c944c69eb4aded7f521e1b7f,,,358ca833b32ed7ef60b6333cc873a77a531a9f8076e5419cb57b4e629185013f,284aa6cefff640d169b982169d0484e9e0c4744ae5f21773f43b965806740e1d,9b41585b59bca83f81ace35104382d5e1c4897cdb62c6ba50f7892f49b410ff3,independent instrumented jobs; last final snapshot per PID/component/instance; spans overlap; passthrough byte labels count bytes; no task latency claim
B-FS-DIAG,checkpoint,workspace,overlay-core,1,whiteout_probe,3,21485,21484,21485,0,12.662868,2026-10-06T12:28:58.985068+00:00,1a7144081fdbf55047ae57df6dcc13a9e57bb7107f568a17f2b5f209aa2d6f17,7ef73174e02879122a410fe291867e3c8c08f4a1c944c69eb4aded7f521e1b7f,,,358ca833b32ed7ef60b6333cc873a77a531a9f8076e5419cb57b4e629185013f,284aa6cefff640d169b982169d0484e9e0c4744ae5f21773f43b965806740e1d,9b41585b59bca83f81ace35104382d5e1c4897cdb62c6ba50f7892f49b410ff3,independent instrumented jobs; last final snapshot per PID/component/instance; spans overlap; passthrough byte labels count bytes; no task latency claim
B-FS-DIAG,checkpoint,workspace,preimage-log,2,append,3,2703,2703,2703,0,5.972268,2026-10-06T12:28:58.985068+00:00,1a7144081fdbf55047ae57df6dcc13a9e57bb7107f568a17f2b5f209aa2d6f17,7ef73174e02879122a410fe291867e3c8c08f4a1c944c69eb4aded7f521e1b7f,,,358ca833b32ed7ef60b6333cc873a77a531a9f8076e5419cb57b4e629185013f,284aa6cefff640d169b982169d0484e9e0c4744ae5f21773f43b965806740e1d,9b41585b59bca83f81ace35104382d5e1c4897cdb62c6ba50f7892f49b410ff3,independent instrumented jobs; last final snapshot per PID/component/instance; spans overlap; passthrough byte labels count bytes; no task latency claim
B-FS-DIAG,checkpoint,workspace,preimage-log,2,binding_check,3,8686,8686,8686,0,4.34081,2026-10-06T12:28:58.985068+00:00,1a7144081fdbf55047ae57df6dcc13a9e57bb7107f568a17f2b5f209aa2d6f17,7ef73174e02879122a410fe291867e3c8c08f4a1c944c69eb4aded7f521e1b7f,,,358ca833b32ed7ef60b6333cc873a77a531a9f8076e5419cb57b4e629185013f,284aa6cefff640d169b982169d0484e9e0c4744ae5f21773f43b965806740e1d,9b41585b59bca83f81ace35104382d5e1c4897cdb62c6ba50f7892f49b410ff3,independent instrumented jobs; last final snapshot per PID/component/instance; spans overlap; passthrough byte labels count bytes; no task latency claim
B-FS-DIAG,checkpoint,workspace,preimage-log,2,lock_wait,3,8686,8686,8686,0,1.220466,2026-10-06T12:28:58.985068+00:00,1a7144081fdbf55047ae57df6dcc13a9e57bb7107f568a17f2b5f209aa2d6f17,7ef73174e02879122a410fe291867e3c8c08f4a1c944c69eb4aded7f521e1b7f,,,358ca833b32ed7ef60b6333cc873a77a531a9f8076e5419cb57b4e629185013f,284aa6cefff640d169b982169d0484e9e0c4744ae5f21773f43b965806740e1d,9b41585b59bca83f81ace35104382d5e1c4897cdb62c6ba50f7892f49b410ff3,independent instrumented jobs; last final snapshot per PID/component/instance; spans overlap; passthrough byte labels count bytes; no task latency claim
B-FS-DIAG,checkpoint,workspace,preimage-log,2,refresh,3,8687,8687,8687,0,0.168812,2026-10-06T12:28:58.985068+00:00,1a7144081fdbf55047ae57df6dcc13a9e57bb7107f568a17f2b5f209aa2d6f17,7ef73174e02879122a410fe291867e3c8c08f4a1c944c69eb4aded7f521e1b7f,,,358ca833b32ed7ef60b6333cc873a77a531a9f8076e5419cb57b4e629185013f,284aa6cefff640d169b982169d0484e9e0c4744ae5f21773f43b965806740e1d,9b41585b59bca83f81ace35104382d5e1c4897cdb62c6ba50f7892f49b410ff3,independent instrumented jobs; last final snapshot per PID/component/instance; spans overlap; passthrough byte labels count bytes; no task latency claim
B-FS-DIAG,checkpoint,workspace,preimage-log,2,sync,3,5,5,5,0,3.225098,2026-10-06T12:28:58.985068+00:00,1a7144081fdbf55047ae57df6dcc13a9e57bb7107f568a17f2b5f209aa2d6f17,7ef73174e02879122a410fe291867e3c8c08f4a1c944c69eb4aded7f521e1b7f,,,358ca833b32ed7ef60b6333cc873a77a531a9f8076e5419cb57b4e629185013f,284aa6cefff640d169b982169d0484e9e0c4744ae5f21773f43b965806740e1d,9b41585b59bca83f81ace35104382d5e1c4897cdb62c6ba50f7892f49b410ff3,independent instrumented jobs; last final snapshot per PID/component/instance; spans overlap; passthrough byte labels count bytes; no task latency claim
B-FS-DIAG,checkpoint,workspace,preimage-log,2,transaction,3,8686,8686,8686,0,18.528766,2026-10-06T12:28:58.985068+00:00,1a7144081fdbf55047ae57df6dcc13a9e57bb7107f568a17f2b5f209aa2d6f17,7ef73174e02879122a410fe291867e3c8c08f4a1c944c69eb4aded7f521e1b7f,,,358ca833b32ed7ef60b6333cc873a77a531a9f8076e5419cb57b4e629185013f,284aa6cefff640d169b982169d0484e9e0c4744ae5f21773f43b965806740e1d,9b41585b59bca83f81ace35104382d5e1c4897cdb62c6ba50f7892f49b410ff3,independent instrumented jobs; last final snapshot per PID/component/instance; spans overlap; passthrough byte labels count bytes; no task latency claim
B-FS-DIAG,checkpoint,stage-reader-3,preimage-log-read,3,refresh,3,1,1,1,0,3e-05,2026-10-06T12:28:58.985068+00:00,1a7144081fdbf55047ae57df6dcc13a9e57bb7107f568a17f2b5f209aa2d6f17,7ef73174e02879122a410fe291867e3c8c08f4a1c944c69eb4aded7f521e1b7f,,,358ca833b32ed7ef60b6333cc873a77a531a9f8076e5419cb57b4e629185013f,284aa6cefff640d169b982169d0484e9e0c4744ae5f21773f43b965806740e1d,9b41585b59bca83f81ace35104382d5e1c4897cdb62c6ba50f7892f49b410ff3,independent instrumented jobs; last final snapshot per PID/component/instance; spans overlap; passthrough byte labels count bytes; no task latency claim
B-FS-DIAG,checkpoint,stage-reader-5,preimage-log-read,5,refresh,3,1,1,1,0,7.04808,2026-10-06T12:28:58.985068+00:00,1a7144081fdbf55047ae57df6dcc13a9e57bb7107f568a17f2b5f209aa2d6f17,7ef73174e02879122a410fe291867e3c8c08f4a1c944c69eb4aded7f521e1b7f,,,358ca833b32ed7ef60b6333cc873a77a531a9f8076e5419cb57b4e629185013f,284aa6cefff640d169b982169d0484e9e0c4744ae5f21773f43b965806740e1d,9b41585b59bca83f81ace35104382d5e1c4897cdb62c6ba50f7892f49b410ff3,independent instrumented jobs; last final snapshot per PID/component/instance; spans overlap; passthrough byte labels count bytes; no task latency claim
B-FS-DIAG,strict,workspace,host-fuse,4,create,3,283,283,283,0,255.278613,2026-10-06T12:28:58.985068+00:00,1a7144081fdbf55047ae57df6dcc13a9e57bb7107f568a17f2b5f209aa2d6f17,7ef73174e02879122a410fe291867e3c8c08f4a1c944c69eb4aded7f521e1b7f,,,358ca833b32ed7ef60b6333cc873a77a531a9f8076e5419cb57b4e629185013f,284aa6cefff640d169b982169d0484e9e0c4744ae5f21773f43b965806740e1d,9b41585b59bca83f81ace35104382d5e1c4897cdb62c6ba50f7892f49b410ff3,independent instrumented jobs; last final snapshot per PID/component/instance; spans overlap; passthrough byte labels count bytes; no task latency claim
B-FS-DIAG,strict,workspace,host-fuse,4,directory_snapshot,3,234,234,234,0,66.091018,2026-10-06T12:28:58.985068+00:00,1a7144081fdbf55047ae57df6dcc13a9e57bb7107f568a17f2b5f209aa2d6f17,7ef73174e02879122a410fe291867e3c8c08f4a1c944c69eb4aded7f521e1b7f,,,358ca833b32ed7ef60b6333cc873a77a531a9f8076e5419cb57b4e629185013f,284aa6cefff640d169b982169d0484e9e0c4744ae5f21773f43b965806740e1d,9b41585b59bca83f81ace35104382d5e1c4897cdb62c6ba50f7892f49b410ff3,independent instrumented jobs; last final snapshot per PID/component/instance; spans overlap; passthrough byte labels count bytes; no task latency claim
B-FS-DIAG,strict,workspace,host-fuse,4,flush,3,4789,4789,4789,0,6.497108,2026-10-06T12:28:58.985068+00:00,1a7144081fdbf55047ae57df6dcc13a9e57bb7107f568a17f2b5f209aa2d6f17,7ef73174e02879122a410fe291867e3c8c08f4a1c944c69eb4aded7f521e1b7f,,,358ca833b32ed7ef60b6333cc873a77a531a9f8076e5419cb57b4e629185013f,284aa6cefff640d169b982169d0484e9e0c4744ae5f21773f43b965806740e1d,9b41585b59bca83f81ace35104382d5e1c4897cdb62c6ba50f7892f49b410ff3,independent instrumented jobs; last final snapshot per PID/component/instance; spans overlap; passthrough byte labels count bytes; no task latency claim
B-FS-DIAG,strict,workspace,host-fuse,4,forget,3,13,13,13,0,0.065652,2026-10-06T12:28:58.985068+00:00,1a7144081fdbf55047ae57df6dcc13a9e57bb7107f568a17f2b5f209aa2d6f17,7ef73174e02879122a410fe291867e3c8c08f4a1c944c69eb4aded7f521e1b7f,,,358ca833b32ed7ef60b6333cc873a77a531a9f8076e5419cb57b4e629185013f,284aa6cefff640d169b982169d0484e9e0c4744ae5f21773f43b965806740e1d,9b41585b59bca83f81ace35104382d5e1c4897cdb62c6ba50f7892f49b410ff3,independent instrumented jobs; last final snapshot per PID/component/instance; spans overlap; passthrough byte labels count bytes; no task latency claim
B-FS-DIAG,strict,workspace,host-fuse,4,fsync,3,3,3,3,0,1.169132,2026-10-06T12:28:58.985068+00:00,1a7144081fdbf55047ae57df6dcc13a9e57bb7107f568a17f2b5f209aa2d6f17,7ef73174e02879122a410fe291867e3c8c08f4a1c944c69eb4aded7f521e1b7f,,,358ca833b32ed7ef60b6333cc873a77a531a9f8076e5419cb57b4e629185013f,284aa6cefff640d169b982169d0484e9e0c4744ae5f21773f43b965806740e1d,9b41585b59bca83f81ace35104382d5e1c4897cdb62c6ba50f7892f49b410ff3,independent instrumented jobs; last final snapshot per PID/component/instance; spans overlap; passthrough byte labels count bytes; no task latency claim
B-FS-DIAG,strict,workspace,host-fuse,4,fsyncdir,3,1,1,1,0,0.30566,2026-10-06T12:28:58.985068+00:00,1a7144081fdbf55047ae57df6dcc13a9e57bb7107f568a17f2b5f209aa2d6f17,7ef73174e02879122a410fe291867e3c8c08f4a1c944c69eb4aded7f521e1b7f,,,358ca833b32ed7ef60b6333cc873a77a531a9f8076e5419cb57b4e629185013f,284aa6cefff640d169b982169d0484e9e0c4744ae5f21773f43b965806740e1d,9b41585b59bca83f81ace35104382d5e1c4897cdb62c6ba50f7892f49b410ff3,independent instrumented jobs; last final snapshot per PID/component/instance; spans overlap; passthrough byte labels count bytes; no task latency claim
B-FS-DIAG,strict,workspace,host-fuse,4,getattr,3,453,452,453,0,5.000514,2026-10-06T12:28:58.985068+00:00,1a7144081fdbf55047ae57df6dcc13a9e57bb7107f568a17f2b5f209aa2d6f17,7ef73174e02879122a410fe291867e3c8c08f4a1c944c69eb4aded7f521e1b7f,,,358ca833b32ed7ef60b6333cc873a77a531a9f8076e5419cb57b4e629185013f,284aa6cefff640d169b982169d0484e9e0c4744ae5f21773f43b965806740e1d,9b41585b59bca83f81ace35104382d5e1c4897cdb62c6ba50f7892f49b410ff3,independent instrumented jobs; last final snapshot per PID/component/instance; spans overlap; passthrough byte labels count bytes; no task latency claim
B-FS-DIAG,strict,workspace,host-fuse,4,getxattr,3,294,294,294,0,4.722289,2026-10-06T12:28:58.985068+00:00,1a7144081fdbf55047ae57df6dcc13a9e57bb7107f568a17f2b5f209aa2d6f17,7ef73174e02879122a410fe291867e3c8c08f4a1c944c69eb4aded7f521e1b7f,,,358ca833b32ed7ef60b6333cc873a77a531a9f8076e5419cb57b4e629185013f,284aa6cefff640d169b982169d0484e9e0c4744ae5f21773f43b965806740e1d,9b41585b59bca83f81ace35104382d5e1c4897cdb62c6ba50f7892f49b410ff3,independent instrumented jobs; last final snapshot per PID/component/instance; spans overlap; passthrough byte labels count bytes; no task latency claim
B-FS-DIAG,strict,workspace,host-fuse,4,link,3,1,1,1,0,0.477611,2026-10-06T12:28:58.985068+00:00,1a7144081fdbf55047ae57df6dcc13a9e57bb7107f568a17f2b5f209aa2d6f17,7ef73174e02879122a410fe291867e3c8c08f4a1c944c69eb4aded7f521e1b7f,,,358ca833b32ed7ef60b6333cc873a77a531a9f8076e5419cb57b4e629185013f,284aa6cefff640d169b982169d0484e9e0c4744ae5f21773f43b965806740e1d,9b41585b59bca83f81ace35104382d5e1c4897cdb62c6ba50f7892f49b410ff3,independent instrumented jobs; last final snapshot per PID/component/instance; spans overlap; passthrough byte labels count bytes; no task latency claim
B-FS-DIAG,strict,workspace,host-fuse,4,lookup,3,3058,3058,5144,0,56.162365,2026-10-06T12:28:58.985068+00:00,1a7144081fdbf55047ae57df6dcc13a9e57bb7107f568a17f2b5f209aa2d6f17,7ef73174e02879122a410fe291867e3c8c08f4a1c944c69eb4aded7f521e1b7f,,,358ca833b32ed7ef60b6333cc873a77a531a9f8076e5419cb57b4e629185013f,284aa6cefff640d169b982169d0484e9e0c4744ae5f21773f43b965806740e1d,9b41585b59bca83f81ace35104382d5e1c4897cdb62c6ba50f7892f49b410ff3,independent instrumented jobs; last final snapshot per PID/component/instance; spans overlap; passthrough byte labels count bytes; no task latency claim
B-FS-DIAG,strict,workspace,host-fuse,4,mkdir,3,15,15,15,0,31.565411,2026-10-06T12:28:58.985068+00:00,1a7144081fdbf55047ae57df6dcc13a9e57bb7107f568a17f2b5f209aa2d6f17,7ef73174e02879122a410fe291867e3c8c08f4a1c944c69eb4aded7f521e1b7f,,,358ca833b32ed7ef60b6333cc873a77a531a9f8076e5419cb57b4e629185013f,284aa6cefff640d169b982169d0484e9e0c4744ae5f21773f43b965806740e1d,9b41585b59bca83f81ace35104382d5e1c4897cdb62c6ba50f7892f49b410ff3,independent instrumented jobs; last final snapshot per PID/component/instance; spans overlap; passthrough byte labels count bytes; no task latency claim
B-FS-DIAG,strict,workspace,host-fuse,4,observation,3,14264,14264,16349,0,37.841281,2026-10-06T12:28:58.985068+00:00,1a7144081fdbf55047ae57df6dcc13a9e57bb7107f568a17f2b5f209aa2d6f17,7ef73174e02879122a410fe291867e3c8c08f4a1c944c69eb4aded7f521e1b7f,,,358ca833b32ed7ef60b6333cc873a77a531a9f8076e5419cb57b4e629185013f,284aa6cefff640d169b982169d0484e9e0c4744ae5f21773f43b965806740e1d,9b41585b59bca83f81ace35104382d5e1c4897cdb62c6ba50f7892f49b410ff3,independent instrumented jobs; last final snapshot per PID/component/instance; spans overlap; passthrough byte labels count bytes; no task latency claim
B-FS-DIAG,strict,workspace,host-fuse,4,open,3,4501,4501,4501,0,194.213177,2026-10-06T12:28:58.985068+00:00,1a7144081fdbf55047ae57df6dcc13a9e57bb7107f568a17f2b5f209aa2d6f17,7ef73174e02879122a410fe291867e3c8c08f4a1c944c69eb4aded7f521e1b7f,,,358ca833b32ed7ef60b6333cc873a77a531a9f8076e5419cb57b4e629185013f,284aa6cefff640d169b982169d0484e9e0c4744ae5f21773f43b965806740e1d,9b41585b59bca83f81ace35104382d5e1c4897cdb62c6ba50f7892f49b410ff3,independent instrumented jobs; last final snapshot per PID/component/instance; spans overlap; passthrough byte labels count bytes; no task latency claim
B-FS-DIAG,strict,workspace,host-fuse,4,opendir,3,234,234,234,0,66.969558,2026-10-06T12:28:58.985068+00:00,1a7144081fdbf55047ae57df6dcc13a9e57bb7107f568a17f2b5f209aa2d6f17,7ef73174e02879122a410fe291867e3c8c08f4a1c944c69eb4aded7f521e1b7f,,,358ca833b32ed7ef60b6333cc873a77a531a9f8076e5419cb57b4e629185013f,284aa6cefff640d169b982169d0484e9e0c4744ae5f21773f43b965806740e1d,9b41585b59bca83f81ace35104382d5e1c4897cdb62c6ba50f7892f49b410ff3,independent instrumented jobs; last final snapshot per PID/component/instance; spans overlap; passthrough byte labels count bytes; no task latency claim
B-FS-DIAG,strict,workspace,host-fuse,4,read,3,5014,5014,5014,0,28.90744,2026-10-06T12:28:58.985068+00:00,1a7144081fdbf55047ae57df6dcc13a9e57bb7107f568a17f2b5f209aa2d6f17,7ef73174e02879122a410fe291867e3c8c08f4a1c944c69eb4aded7f521e1b7f,,,358ca833b32ed7ef60b6333cc873a77a531a9f8076e5419cb57b4e629185013f,284aa6cefff640d169b982169d0484e9e0c4744ae5f21773f43b965806740e1d,9b41585b59bca83f81ace35104382d5e1c4897cdb62c6ba50f7892f49b410ff3,independent instrumented jobs; last final snapshot per PID/component/instance; spans overlap; passthrough byte labels count bytes; no task latency claim
B-FS-DIAG,strict,workspace,host-fuse,4,readdir,3,465,465,465,0,0.832101,2026-10-06T12:28:58.985068+00:00,1a7144081fdbf55047ae57df6dcc13a9e57bb7107f568a17f2b5f209aa2d6f17,7ef73174e02879122a410fe291867e3c8c08f4a1c944c69eb4aded7f521e1b7f,,,358ca833b32ed7ef60b6333cc873a77a531a9f8076e5419cb57b4e629185013f,284aa6cefff640d169b982169d0484e9e0c4744ae5f21773f43b965806740e1d,9b41585b59bca83f81ace35104382d5e1c4897cdb62c6ba50f7892f49b410ff3,independent instrumented jobs; last final snapshot per PID/component/instance; spans overlap; passthrough byte labels count bytes; no task latency claim
B-FS-DIAG,strict,workspace,host-fuse,4,readlink,3,64,64,64,0,1.318106,2026-10-06T12:28:58.985068+00:00,1a7144081fdbf55047ae57df6dcc13a9e57bb7107f568a17f2b5f209aa2d6f17,7ef73174e02879122a410fe291867e3c8c08f4a1c944c69eb4aded7f521e1b7f,,,358ca833b32ed7ef60b6333cc873a77a531a9f8076e5419cb57b4e629185013f,284aa6cefff640d169b982169d0484e9e0c4744ae5f21773f43b965806740e1d,9b41585b59bca83f81ace35104382d5e1c4897cdb62c6ba50f7892f49b410ff3,independent instrumented jobs; last final snapshot per PID/component/instance; spans overlap; passthrough byte labels count bytes; no task latency claim
B-FS-DIAG,strict,workspace,host-fuse,4,reclaim_inode,3,14110,14110,14110,0,2.460898,2026-10-06T12:28:58.985068+00:00,1a7144081fdbf55047ae57df6dcc13a9e57bb7107f568a17f2b5f209aa2d6f17,7ef73174e02879122a410fe291867e3c8c08f4a1c944c69eb4aded7f521e1b7f,,,358ca833b32ed7ef60b6333cc873a77a531a9f8076e5419cb57b4e629185013f,284aa6cefff640d169b982169d0484e9e0c4744ae5f21773f43b965806740e1d,9b41585b59bca83f81ace35104382d5e1c4897cdb62c6ba50f7892f49b410ff3,independent instrumented jobs; last final snapshot per PID/component/instance; spans overlap; passthrough byte labels count bytes; no task latency claim
B-FS-DIAG,strict,workspace,host-fuse,4,reclaim_objects_scanned,3,0,0,0,4411,0.0,2026-10-06T12:28:58.985068+00:00,1a7144081fdbf55047ae57df6dcc13a9e57bb7107f568a17f2b5f209aa2d6f17,7ef73174e02879122a410fe291867e3c8c08f4a1c944c69eb4aded7f521e1b7f,,,358ca833b32ed7ef60b6333cc873a77a531a9f8076e5419cb57b4e629185013f,284aa6cefff640d169b982169d0484e9e0c4744ae5f21773f43b965806740e1d,9b41585b59bca83f81ace35104382d5e1c4897cdb62c6ba50f7892f49b410ff3,independent instrumented jobs; last final snapshot per PID/component/instance; spans overlap; passthrough byte labels count bytes; no task latency claim
B-FS-DIAG,strict,workspace,host-fuse,4,reclaim_paths_scanned,3,0,0,0,299328,0.0,2026-10-06T12:28:58.985068+00:00,1a7144081fdbf55047ae57df6dcc13a9e57bb7107f568a17f2b5f209aa2d6f17,7ef73174e02879122a410fe291867e3c8c08f4a1c944c69eb4aded7f521e1b7f,,,358ca833b32ed7ef60b6333cc873a77a531a9f8076e5419cb57b4e629185013f,284aa6cefff640d169b982169d0484e9e0c4744ae5f21773f43b965806740e1d,9b41585b59bca83f81ace35104382d5e1c4897cdb62c6ba50f7892f49b410ff3,independent instrumented jobs; last final snapshot per PID/component/instance; spans overlap; passthrough byte labels count bytes; no task latency claim
B-FS-DIAG,strict,workspace,host-fuse,4,release,3,4784,4784,4784,0,3.289086,2026-10-06T12:28:58.985068+00:00,1a7144081fdbf55047ae57df6dcc13a9e57bb7107f568a17f2b5f209aa2d6f17,7ef73174e02879122a410fe291867e3c8c08f4a1c944c69eb4aded7f521e1b7f,,,358ca833b32ed7ef60b6333cc873a77a531a9f8076e5419cb57b4e629185013f,284aa6cefff640d169b982169d0484e9e0c4744ae5f21773f43b965806740e1d,9b41585b59bca83f81ace35104382d5e1c4897cdb62c6ba50f7892f49b410ff3,independent instrumented jobs; last final snapshot per PID/component/instance; spans overlap; passthrough byte labels count bytes; no task latency claim
B-FS-DIAG,strict,workspace,host-fuse,4,releasedir,3,234,234,234,0,3.109834,2026-10-06T12:28:58.985068+00:00,1a7144081fdbf55047ae57df6dcc13a9e57bb7107f568a17f2b5f209aa2d6f17,7ef73174e02879122a410fe291867e3c8c08f4a1c944c69eb4aded7f521e1b7f,,,358ca833b32ed7ef60b6333cc873a77a531a9f8076e5419cb57b4e629185013f,284aa6cefff640d169b982169d0484e9e0c4744ae5f21773f43b965806740e1d,9b41585b59bca83f81ace35104382d5e1c4897cdb62c6ba50f7892f49b410ff3,independent instrumented jobs; last final snapshot per PID/component/instance; spans overlap; passthrough byte labels count bytes; no task latency claim
B-FS-DIAG,strict,workspace,host-fuse,4,rename,3,3,3,3,0,2.617454,2026-10-06T12:28:58.985068+00:00,1a7144081fdbf55047ae57df6dcc13a9e57bb7107f568a17f2b5f209aa2d6f17,7ef73174e02879122a410fe291867e3c8c08f4a1c944c69eb4aded7f521e1b7f,,,358ca833b32ed7ef60b6333cc873a77a531a9f8076e5419cb57b4e629185013f,284aa6cefff640d169b982169d0484e9e0c4744ae5f21773f43b965806740e1d,9b41585b59bca83f81ace35104382d5e1c4897cdb62c6ba50f7892f49b410ff3,independent instrumented jobs; last final snapshot per PID/component/instance; spans overlap; passthrough byte labels count bytes; no task latency claim
B-FS-DIAG,strict,workspace,host-fuse,4,rmdir,3,3,3,3,0,0.679939,2026-10-06T12:28:58.985068+00:00,1a7144081fdbf55047ae57df6dcc13a9e57bb7107f568a17f2b5f209aa2d6f17,7ef73174e02879122a410fe291867e3c8c08f4a1c944c69eb4aded7f521e1b7f,,,358ca833b32ed7ef60b6333cc873a77a531a9f8076e5419cb57b4e629185013f,284aa6cefff640d169b982169d0484e9e0c4744ae5f21773f43b965806740e1d,9b41585b59bca83f81ace35104382d5e1c4897cdb62c6ba50f7892f49b410ff3,independent instrumented jobs; last final snapshot per PID/component/instance; spans overlap; passthrough byte labels count bytes; no task latency claim
B-FS-DIAG,strict,workspace,host-fuse,4,setattr,3,5,5,5,0,0.102492,2026-10-06T12:28:58.985068+00:00,1a7144081fdbf55047ae57df6dcc13a9e57bb7107f568a17f2b5f209aa2d6f17,7ef73174e02879122a410fe291867e3c8c08f4a1c944c69eb4aded7f521e1b7f,,,358ca833b32ed7ef60b6333cc873a77a531a9f8076e5419cb57b4e629185013f,284aa6cefff640d169b982169d0484e9e0c4744ae5f21773f43b965806740e1d,9b41585b59bca83f81ace35104382d5e1c4897cdb62c6ba50f7892f49b410ff3,independent instrumented jobs; last final snapshot per PID/component/instance; spans overlap; passthrough byte labels count bytes; no task latency claim
B-FS-DIAG,strict,workspace,host-fuse,4,statfs,3,13,13,13,0,0.031452,2026-10-06T12:28:58.985068+00:00,1a7144081fdbf55047ae57df6dcc13a9e57bb7107f568a17f2b5f209aa2d6f17,7ef73174e02879122a410fe291867e3c8c08f4a1c944c69eb4aded7f521e1b7f,,,358ca833b32ed7ef60b6333cc873a77a531a9f8076e5419cb57b4e629185013f,284aa6cefff640d169b982169d0484e9e0c4744ae5f21773f43b965806740e1d,9b41585b59bca83f81ace35104382d5e1c4897cdb62c6ba50f7892f49b410ff3,independent instrumented jobs; last final snapshot per PID/component/instance; spans overlap; passthrough byte labels count bytes; no task latency claim
B-FS-DIAG,strict,workspace,host-fuse,4,symlink,3,32,32,32,0,18.193416,2026-10-06T12:28:58.985068+00:00,1a7144081fdbf55047ae57df6dcc13a9e57bb7107f568a17f2b5f209aa2d6f17,7ef73174e02879122a410fe291867e3c8c08f4a1c944c69eb4aded7f521e1b7f,,,358ca833b32ed7ef60b6333cc873a77a531a9f8076e5419cb57b4e629185013f,284aa6cefff640d169b982169d0484e9e0c4744ae5f21773f43b965806740e1d,9b41585b59bca83f81ace35104382d5e1c4897cdb62c6ba50f7892f49b410ff3,independent instrumented jobs; last final snapshot per PID/component/instance; spans overlap; passthrough byte labels count bytes; no task latency claim
B-FS-DIAG,strict,workspace,host-fuse,4,unlink,3,9,9,9,0,2.801799,2026-10-06T12:28:58.985068+00:00,1a7144081fdbf55047ae57df6dcc13a9e57bb7107f568a17f2b5f209aa2d6f17,7ef73174e02879122a410fe291867e3c8c08f4a1c944c69eb4aded7f521e1b7f,,,358ca833b32ed7ef60b6333cc873a77a531a9f8076e5419cb57b4e629185013f,284aa6cefff640d169b982169d0484e9e0c4744ae5f21773f43b965806740e1d,9b41585b59bca83f81ace35104382d5e1c4897cdb62c6ba50f7892f49b410ff3,independent instrumented jobs; last final snapshot per PID/component/instance; spans overlap; passthrough byte labels count bytes; no task latency claim
B-FS-DIAG,strict,workspace,host-fuse,4,write,3,292,292,292,0,2.527966,2026-10-06T12:28:58.985068+00:00,1a7144081fdbf55047ae57df6dcc13a9e57bb7107f568a17f2b5f209aa2d6f17,7ef73174e02879122a410fe291867e3c8c08f4a1c944c69eb4aded7f521e1b7f,,,358ca833b32ed7ef60b6333cc873a77a531a9f8076e5419cb57b4e629185013f,284aa6cefff640d169b982169d0484e9e0c4744ae5f21773f43b965806740e1d,9b41585b59bca83f81ace35104382d5e1c4897cdb62c6ba50f7892f49b410ff3,independent instrumented jobs; last final snapshot per PID/component/instance; spans overlap; passthrough byte labels count bytes; no task latency claim
B-FS-DIAG,strict,workspace,overlay-core,1,copy_up,3,24,24,24,0,2.673548,2026-10-06T12:28:58.985068+00:00,1a7144081fdbf55047ae57df6dcc13a9e57bb7107f568a17f2b5f209aa2d6f17,7ef73174e02879122a410fe291867e3c8c08f4a1c944c69eb4aded7f521e1b7f,,,358ca833b32ed7ef60b6333cc873a77a531a9f8076e5419cb57b4e629185013f,284aa6cefff640d169b982169d0484e9e0c4744ae5f21773f43b965806740e1d,9b41585b59bca83f81ace35104382d5e1c4897cdb62c6ba50f7892f49b410ff3,independent instrumented jobs; last final snapshot per PID/component/instance; spans overlap; passthrough byte labels count bytes; no task latency claim
B-FS-DIAG,strict,workspace,overlay-core,1,copy_up_bytes,3,0,0,0,202,0.0,2026-10-06T12:28:58.985068+00:00,1a7144081fdbf55047ae57df6dcc13a9e57bb7107f568a17f2b5f209aa2d6f17,7ef73174e02879122a410fe291867e3c8c08f4a1c944c69eb4aded7f521e1b7f,,,358ca833b32ed7ef60b6333cc873a77a531a9f8076e5419cb57b4e629185013f,284aa6cefff640d169b982169d0484e9e0c4744ae5f21773f43b965806740e1d,9b41585b59bca83f81ace35104382d5e1c4897cdb62c6ba50f7892f49b410ff3,independent instrumented jobs; last final snapshot per PID/component/instance; spans overlap; passthrough byte labels count bytes; no task latency claim
B-FS-DIAG,strict,workspace,overlay-core,1,fingerprint_bytes,3,0,0,0,69375893,0.0,2026-10-06T12:28:58.985068+00:00,1a7144081fdbf55047ae57df6dcc13a9e57bb7107f568a17f2b5f209aa2d6f17,7ef73174e02879122a410fe291867e3c8c08f4a1c944c69eb4aded7f521e1b7f,,,358ca833b32ed7ef60b6333cc873a77a531a9f8076e5419cb57b4e629185013f,284aa6cefff640d169b982169d0484e9e0c4744ae5f21773f43b965806740e1d,9b41585b59bca83f81ace35104382d5e1c4897cdb62c6ba50f7892f49b410ff3,independent instrumented jobs; last final snapshot per PID/component/instance; spans overlap; passthrough byte labels count bytes; no task latency claim
B-FS-DIAG,strict,workspace,overlay-core,1,fingerprint_content,3,2157,2157,2157,0,46.1162,2026-10-06T12:28:58.985068+00:00,1a7144081fdbf55047ae57df6dcc13a9e57bb7107f568a17f2b5f209aa2d6f17,7ef73174e02879122a410fe291867e3c8c08f4a1c944c69eb4aded7f521e1b7f,,,358ca833b32ed7ef60b6333cc873a77a531a9f8076e5419cb57b4e629185013f,284aa6cefff640d169b982169d0484e9e0c4744ae5f21773f43b965806740e1d,9b41585b59bca83f81ace35104382d5e1c4897cdb62c6ba50f7892f49b410ff3,independent instrumented jobs; last final snapshot per PID/component/instance; spans overlap; passthrough byte labels count bytes; no task latency claim
B-FS-DIAG,strict,workspace,overlay-core,1,fingerprint_metadata,3,2163,2163,2163,0,4.522205,2026-10-06T12:28:58.985068+00:00,1a7144081fdbf55047ae57df6dcc13a9e57bb7107f568a17f2b5f209aa2d6f17,7ef73174e02879122a410fe291867e3c8c08f4a1c944c69eb4aded7f521e1b7f,,,358ca833b32ed7ef60b6333cc873a77a531a9f8076e5419cb57b4e629185013f,284aa6cefff640d169b982169d0484e9e0c4744ae5f21773f43b965806740e1d,9b41585b59bca83f81ace35104382d5e1c4897cdb62c6ba50f7892f49b410ff3,independent instrumented jobs; last final snapshot per PID/component/instance; spans overlap; passthrough byte labels count bytes; no task latency claim
B-FS-DIAG,strict,workspace,overlay-core,1,fingerprint_xattrs,3,2162,2162,2162,0,1.907314,2026-10-06T12:28:58.985068+00:00,1a7144081fdbf55047ae57df6dcc13a9e57bb7107f568a17f2b5f209aa2d6f17,7ef73174e02879122a410fe291867e3c8c08f4a1c944c69eb4aded7f521e1b7f,,,358ca833b32ed7ef60b6333cc873a77a531a9f8076e5419cb57b4e629185013f,284aa6cefff640d169b982169d0484e9e0c4744ae5f21773f43b965806740e1d,9b41585b59bca83f81ace35104382d5e1c4897cdb62c6ba50f7892f49b410ff3,independent instrumented jobs; last final snapshot per PID/component/instance; spans overlap; passthrough byte labels count bytes; no task latency claim
B-FS-DIAG,strict,workspace,overlay-core,1,fingerprinted_paths,3,0,0,0,2163,0.0,2026-10-06T12:28:58.985068+00:00,1a7144081fdbf55047ae57df6dcc13a9e57bb7107f568a17f2b5f209aa2d6f17,7ef73174e02879122a410fe291867e3c8c08f4a1c944c69eb4aded7f521e1b7f,,,358ca833b32ed7ef60b6333cc873a77a531a9f8076e5419cb57b4e629185013f,284aa6cefff640d169b982169d0484e9e0c4744ae5f21773f43b965806740e1d,9b41585b59bca83f81ace35104382d5e1c4897cdb62c6ba50f7892f49b410ff3,independent instrumented jobs; last final snapshot per PID/component/instance; spans overlap; passthrough byte labels count bytes; no task latency claim
B-FS-DIAG,strict,workspace,overlay-core,1,journal_log,3,5979,5979,5979,0,383.886875,2026-10-06T12:28:58.985068+00:00,1a7144081fdbf55047ae57df6dcc13a9e57bb7107f568a17f2b5f209aa2d6f17,7ef73174e02879122a410fe291867e3c8c08f4a1c944c69eb4aded7f521e1b7f,,,358ca833b32ed7ef60b6333cc873a77a531a9f8076e5419cb57b4e629185013f,284aa6cefff640d169b982169d0484e9e0c4744ae5f21773f43b965806740e1d,9b41585b59bca83f81ace35104382d5e1c4897cdb62c6ba50f7892f49b410ff3,independent instrumented jobs; last final snapshot per PID/component/instance; spans overlap; passthrough byte labels count bytes; no task latency claim
B-FS-DIAG,strict,workspace,overlay-core,1,layer_leaf_stats,3,0,0,0,77905,0.0,2026-10-06T12:28:58.985068+00:00,1a7144081fdbf55047ae57df6dcc13a9e57bb7107f568a17f2b5f209aa2d6f17,7ef73174e02879122a410fe291867e3c8c08f4a1c944c69eb4aded7f521e1b7f,,,358ca833b32ed7ef60b6333cc873a77a531a9f8076e5419cb57b4e629185013f,284aa6cefff640d169b982169d0484e9e0c4744ae5f21773f43b965806740e1d,9b41585b59bca83f81ace35104382d5e1c4897cdb62c6ba50f7892f49b410ff3,independent instrumented jobs; last final snapshot per PID/component/instance; spans overlap; passthrough byte labels count bytes; no task latency claim
B-FS-DIAG,strict,workspace,overlay-core,1,layer_parent_stats,3,0,0,0,142403,0.0,2026-10-06T12:28:58.985068+00:00,1a7144081fdbf55047ae57df6dcc13a9e57bb7107f568a17f2b5f209aa2d6f17,7ef73174e02879122a410fe291867e3c8c08f4a1c944c69eb4aded7f521e1b7f,,,358ca833b32ed7ef60b6333cc873a77a531a9f8076e5419cb57b4e629185013f,284aa6cefff640d169b982169d0484e9e0c4744ae5f21773f43b965806740e1d,9b41585b59bca83f81ace35104382d5e1c4897cdb62c6ba50f7892f49b410ff3,independent instrumented jobs; last final snapshot per PID/component/instance; spans overlap; passthrough byte labels count bytes; no task latency claim
B-FS-DIAG,strict,workspace,overlay-core,1,list_entries,3,243,243,243,0,5.980943,2026-10-06T12:28:58.985068+00:00,1a7144081fdbf55047ae57df6dcc13a9e57bb7107f568a17f2b5f209aa2d6f17,7ef73174e02879122a410fe291867e3c8c08f4a1c944c69eb4aded7f521e1b7f,,,358ca833b32ed7ef60b6333cc873a77a531a9f8076e5419cb57b4e629185013f,284aa6cefff640d169b982169d0484e9e0c4744ae5f21773f43b965806740e1d,9b41585b59bca83f81ace35104382d5e1c4897cdb62c6ba50f7892f49b410ff3,independent instrumented jobs; last final snapshot per PID/component/instance; spans overlap; passthrough byte labels count bytes; no task latency claim
B-FS-DIAG,strict,workspace,overlay-core,1,metadata,3,14624,14624,16709,0,152.775765,2026-10-06T12:28:58.985068+00:00,1a7144081fdbf55047ae57df6dcc13a9e57bb7107f568a17f2b5f209aa2d6f17,7ef73174e02879122a410fe291867e3c8c08f4a1c944c69eb4aded7f521e1b7f,,,358ca833b32ed7ef60b6333cc873a77a531a9f8076e5419cb57b4e629185013f,284aa6cefff640d169b982169d0484e9e0c4744ae5f21773f43b965806740e1d,9b41585b59bca83f81ace35104382d5e1c4897cdb62c6ba50f7892f49b410ff3,independent instrumented jobs; last final snapshot per PID/component/instance; spans overlap; passthrough byte labels count bytes; no task latency claim
B-FS-DIAG,strict,workspace,overlay-core,1,observe_read,3,4854,4854,4854,0,169.975206,2026-10-06T12:28:58.985068+00:00,1a7144081fdbf55047ae57df6dcc13a9e57bb7107f568a17f2b5f209aa2d6f17,7ef73174e02879122a410fe291867e3c8c08f4a1c944c69eb4aded7f521e1b7f,,,358ca833b32ed7ef60b6333cc873a77a531a9f8076e5419cb57b4e629185013f,284aa6cefff640d169b982169d0484e9e0c4744ae5f21773f43b965806740e1d,9b41585b59bca83f81ace35104382d5e1c4897cdb62c6ba50f7892f49b410ff3,independent instrumented jobs; last final snapshot per PID/component/instance; spans overlap; passthrough byte labels count bytes; no task latency claim
B-FS-DIAG,strict,workspace,overlay-core,1,opaque_probe,3,12893,12892,14979,0,16.715321,2026-10-06T12:28:58.985068+00:00,1a7144081fdbf55047ae57df6dcc13a9e57bb7107f568a17f2b5f209aa2d6f17,7ef73174e02879122a410fe291867e3c8c08f4a1c944c69eb4aded7f521e1b7f,,,358ca833b32ed7ef60b6333cc873a77a531a9f8076e5419cb57b4e629185013f,284aa6cefff640d169b982169d0484e9e0c4744ae5f21773f43b965806740e1d,9b41585b59bca83f81ace35104382d5e1c4897cdb62c6ba50f7892f49b410ff3,independent instrumented jobs; last final snapshot per PID/component/instance; spans overlap; passthrough byte labels count bytes; no task latency claim
B-FS-DIAG,strict,workspace,overlay-core,1,preimage,3,5979,5979,5979,0,384.65666,2026-10-06T12:28:58.985068+00:00,1a7144081fdbf55047ae57df6dcc13a9e57bb7107f568a17f2b5f209aa2d6f17,7ef73174e02879122a410fe291867e3c8c08f4a1c944c69eb4aded7f521e1b7f,,,358ca833b32ed7ef60b6333cc873a77a531a9f8076e5419cb57b4e629185013f,284aa6cefff640d169b982169d0484e9e0c4744ae5f21773f43b965806740e1d,9b41585b59bca83f81ace35104382d5e1c4897cdb62c6ba50f7892f49b410ff3,independent instrumented jobs; last final snapshot per PID/component/instance; spans overlap; passthrough byte labels count bytes; no task latency claim
B-FS-DIAG,strict,workspace,overlay-core,1,resolve,3,14980,14980,17065,0,150.273209,2026-10-06T12:28:58.985068+00:00,1a7144081fdbf55047ae57df6dcc13a9e57bb7107f568a17f2b5f209aa2d6f17,7ef73174e02879122a410fe291867e3c8c08f4a1c944c69eb4aded7f521e1b7f,,,358ca833b32ed7ef60b6333cc873a77a531a9f8076e5419cb57b4e629185013f,284aa6cefff640d169b982169d0484e9e0c4744ae5f21773f43b965806740e1d,9b41585b59bca83f81ace35104382d5e1c4897cdb62c6ba50f7892f49b410ff3,independent instrumented jobs; last final snapshot per PID/component/instance; spans overlap; passthrough byte labels count bytes; no task latency claim
B-FS-DIAG,strict,workspace,overlay-core,1,resolve_components,3,0,0,0,57186,0.0,2026-10-06T12:28:58.985068+00:00,1a7144081fdbf55047ae57df6dcc13a9e57bb7107f568a17f2b5f209aa2d6f17,7ef73174e02879122a410fe291867e3c8c08f4a1c944c69eb4aded7f521e1b7f,,,358ca833b32ed7ef60b6333cc873a77a531a9f8076e5419cb57b4e629185013f,284aa6cefff640d169b982169d0484e9e0c4744ae5f21773f43b965806740e1d,9b41585b59bca83f81ace35104382d5e1c4897cdb62c6ba50f7892f49b410ff3,independent instrumented jobs; last final snapshot per PID/component/instance; spans overlap; passthrough byte labels count bytes; no task latency claim
B-FS-DIAG,strict,workspace,overlay-core,1,unavailable_upper_marker_skips,3,0,0,0,27054,0.0,2026-10-06T12:28:58.985068+00:00,1a7144081fdbf55047ae57df6dcc13a9e57bb7107f568a17f2b5f209aa2d6f17,7ef73174e02879122a410fe291867e3c8c08f4a1c944c69eb4aded7f521e1b7f,,,358ca833b32ed7ef60b6333cc873a77a531a9f8076e5419cb57b4e629185013f,284aa6cefff640d169b982169d0484e9e0c4744ae5f21773f43b965806740e1d,9b41585b59bca83f81ace35104382d5e1c4897cdb62c6ba50f7892f49b410ff3,independent instrumented jobs; last final snapshot per PID/component/instance; spans overlap; passthrough byte labels count bytes; no task latency claim
B-FS-DIAG,strict,workspace,overlay-core,1,whiteout_probe,3,21485,21484,23571,0,12.734923,2026-10-06T12:28:58.985068+00:00,1a7144081fdbf55047ae57df6dcc13a9e57bb7107f568a17f2b5f209aa2d6f17,7ef73174e02879122a410fe291867e3c8c08f4a1c944c69eb4aded7f521e1b7f,,,358ca833b32ed7ef60b6333cc873a77a531a9f8076e5419cb57b4e629185013f,284aa6cefff640d169b982169d0484e9e0c4744ae5f21773f43b965806740e1d,9b41585b59bca83f81ace35104382d5e1c4897cdb62c6ba50f7892f49b410ff3,independent instrumented jobs; last final snapshot per PID/component/instance; spans overlap; passthrough byte labels count bytes; no task latency claim
B-FS-DIAG,strict,workspace,preimage-log,2,append,3,2703,2703,2703,0,8.779197,2026-10-06T12:28:58.985068+00:00,1a7144081fdbf55047ae57df6dcc13a9e57bb7107f568a17f2b5f209aa2d6f17,7ef73174e02879122a410fe291867e3c8c08f4a1c944c69eb4aded7f521e1b7f,,,358ca833b32ed7ef60b6333cc873a77a531a9f8076e5419cb57b4e629185013f,284aa6cefff640d169b982169d0484e9e0c4744ae5f21773f43b965806740e1d,9b41585b59bca83f81ace35104382d5e1c4897cdb62c6ba50f7892f49b410ff3,independent instrumented jobs; last final snapshot per PID/component/instance; spans overlap; passthrough byte labels count bytes; no task latency claim
B-FS-DIAG,strict,workspace,preimage-log,2,binding_check,3,8686,8686,8686,0,4.331952,2026-10-06T12:28:58.985068+00:00,1a7144081fdbf55047ae57df6dcc13a9e57bb7107f568a17f2b5f209aa2d6f17,7ef73174e02879122a410fe291867e3c8c08f4a1c944c69eb4aded7f521e1b7f,,,358ca833b32ed7ef60b6333cc873a77a531a9f8076e5419cb57b4e629185013f,284aa6cefff640d169b982169d0484e9e0c4744ae5f21773f43b965806740e1d,9b41585b59bca83f81ace35104382d5e1c4897cdb62c6ba50f7892f49b410ff3,independent instrumented jobs; last final snapshot per PID/component/instance; spans overlap; passthrough byte labels count bytes; no task latency claim
B-FS-DIAG,strict,workspace,preimage-log,2,lock_wait,3,8686,8686,8686,0,1.261911,2026-10-06T12:28:58.985068+00:00,1a7144081fdbf55047ae57df6dcc13a9e57bb7107f568a17f2b5f209aa2d6f17,7ef73174e02879122a410fe291867e3c8c08f4a1c944c69eb4aded7f521e1b7f,,,358ca833b32ed7ef60b6333cc873a77a531a9f8076e5419cb57b4e629185013f,284aa6cefff640d169b982169d0484e9e0c4744ae5f21773f43b965806740e1d,9b41585b59bca83f81ace35104382d5e1c4897cdb62c6ba50f7892f49b410ff3,independent instrumented jobs; last final snapshot per PID/component/instance; spans overlap; passthrough byte labels count bytes; no task latency claim
B-FS-DIAG,strict,workspace,preimage-log,2,refresh,3,8687,8687,8687,0,0.169259,2026-10-06T12:28:58.985068+00:00,1a7144081fdbf55047ae57df6dcc13a9e57bb7107f568a17f2b5f209aa2d6f17,7ef73174e02879122a410fe291867e3c8c08f4a1c944c69eb4aded7f521e1b7f,,,358ca833b32ed7ef60b6333cc873a77a531a9f8076e5419cb57b4e629185013f,284aa6cefff640d169b982169d0484e9e0c4744ae5f21773f43b965806740e1d,9b41585b59bca83f81ace35104382d5e1c4897cdb62c6ba50f7892f49b410ff3,independent instrumented jobs; last final snapshot per PID/component/instance; spans overlap; passthrough byte labels count bytes; no task latency claim
B-FS-DIAG,strict,workspace,preimage-log,2,sync,3,340,339,340,0,313.081061,2026-10-06T12:28:58.985068+00:00,1a7144081fdbf55047ae57df6dcc13a9e57bb7107f568a17f2b5f209aa2d6f17,7ef73174e02879122a410fe291867e3c8c08f4a1c944c69eb4aded7f521e1b7f,,,358ca833b32ed7ef60b6333cc873a77a531a9f8076e5419cb57b4e629185013f,284aa6cefff640d169b982169d0484e9e0c4744ae5f21773f43b965806740e1d,9b41585b59bca83f81ace35104382d5e1c4897cdb62c6ba50f7892f49b410ff3,independent instrumented jobs; last final snapshot per PID/component/instance; spans overlap; passthrough byte labels count bytes; no task latency claim
B-FS-DIAG,strict,workspace,preimage-log,2,transaction,3,8686,8686,8686,0,329.440102,2026-10-06T12:28:58.985068+00:00,1a7144081fdbf55047ae57df6dcc13a9e57bb7107f568a17f2b5f209aa2d6f17,7ef73174e02879122a410fe291867e3c8c08f4a1c944c69eb4aded7f521e1b7f,,,358ca833b32ed7ef60b6333cc873a77a531a9f8076e5419cb57b4e629185013f,284aa6cefff640d169b982169d0484e9e0c4744ae5f21773f43b965806740e1d,9b41585b59bca83f81ace35104382d5e1c4897cdb62c6ba50f7892f49b410ff3,independent instrumented jobs; last final snapshot per PID/component/instance; spans overlap; passthrough byte labels count bytes; no task latency claim
B-FS-DIAG,strict,stage-reader-3,preimage-log-read,3,refresh,3,1,1,1,0,2e-05,2026-10-06T12:28:58.985068+00:00,1a7144081fdbf55047ae57df6dcc13a9e57bb7107f568a17f2b5f209aa2d6f17,7ef73174e02879122a410fe291867e3c8c08f4a1c944c69eb4aded7f521e1b7f,,,358ca833b32ed7ef60b6333cc873a77a531a9f8076e5419cb57b4e629185013f,284aa6cefff640d169b982169d0484e9e0c4744ae5f21773f43b965806740e1d,9b41585b59bca83f81ace35104382d5e1c4897cdb62c6ba50f7892f49b410ff3,independent instrumented jobs; last final snapshot per PID/component/instance; spans overlap; passthrough byte labels count bytes; no task latency claim
B-FS-DIAG,strict,stage-reader-5,preimage-log-read,5,refresh,3,1,1,1,0,7.536763,2026-10-06T12:28:58.985068+00:00,1a7144081fdbf55047ae57df6dcc13a9e57bb7107f568a17f2b5f209aa2d6f17,7ef73174e02879122a410fe291867e3c8c08f4a1c944c69eb4aded7f521e1b7f,,,358ca833b32ed7ef60b6333cc873a77a531a9f8076e5419cb57b4e629185013f,284aa6cefff640d169b982169d0484e9e0c4744ae5f21773f43b965806740e1d,9b41585b59bca83f81ace35104382d5e1c4897cdb62c6ba50f7892f49b410ff3,independent instrumented jobs; last final snapshot per PID/component/instance; spans overlap; passthrough byte labels count bytes; no task latency claim
