benchmark_id,role,kind,variant,condition,attempted,passed,failed,recorded_at,binary_sha256,binary_source_manifest_sha256,firmware_sha256,firmware_source_manifest_sha256,input_manifest_sha256,raw_report_sha256,host_cpu_ids,configured_vcpus,resource_scope,interpretation
B-KERNEL-ENG,capability evidence; no latency/capacity ranking,network,baseline,bulk,3,3,0,2026-10-06T11:40:44.691406+00:00,1a7144081fdbf55047ae57df6dcc13a9e57bb7107f568a17f2b5f209aa2d6f17,7ef73174e02879122a410fe291867e3c8c08f4a1c944c69eb4aded7f521e1b7f,82057bf887a7219d8a85e9b67fb22d98a9c0c62d4fc66e59b3c7c35d5acec066,e15844aaec5876baa7909cf7376ff2d04613e063442481fd3ebbaf82bef39461,358ca833b32ed7ef60b6333cc873a77a531a9f8076e5419cb57b4e629185013f,7c61fa4e29be1cf8bd18e1a428d9a314375ae67a2b754485da1255bde03a242e,"0,1",2,coordinator/parent checked; payload lifetime placement unproven,three correctness repeats for network/restore; two preflight runs for tools; no performance inference
B-KERNEL-ENG,capability evidence; no latency/capacity ranking,network,baseline,deny,3,3,0,2026-10-06T11:40:44.691406+00:00,1a7144081fdbf55047ae57df6dcc13a9e57bb7107f568a17f2b5f209aa2d6f17,7ef73174e02879122a410fe291867e3c8c08f4a1c944c69eb4aded7f521e1b7f,82057bf887a7219d8a85e9b67fb22d98a9c0c62d4fc66e59b3c7c35d5acec066,e15844aaec5876baa7909cf7376ff2d04613e063442481fd3ebbaf82bef39461,358ca833b32ed7ef60b6333cc873a77a531a9f8076e5419cb57b4e629185013f,7c61fa4e29be1cf8bd18e1a428d9a314375ae67a2b754485da1255bde03a242e,"0,1",2,coordinator/parent checked; payload lifetime placement unproven,three correctness repeats for network/restore; two preflight runs for tools; no performance inference
B-KERNEL-ENG,capability evidence; no latency/capacity ranking,network,baseline,small,3,3,0,2026-10-06T11:40:44.691406+00:00,1a7144081fdbf55047ae57df6dcc13a9e57bb7107f568a17f2b5f209aa2d6f17,7ef73174e02879122a410fe291867e3c8c08f4a1c944c69eb4aded7f521e1b7f,82057bf887a7219d8a85e9b67fb22d98a9c0c62d4fc66e59b3c7c35d5acec066,e15844aaec5876baa7909cf7376ff2d04613e063442481fd3ebbaf82bef39461,358ca833b32ed7ef60b6333cc873a77a531a9f8076e5419cb57b4e629185013f,7c61fa4e29be1cf8bd18e1a428d9a314375ae67a2b754485da1255bde03a242e,"0,1",2,coordinator/parent checked; payload lifetime placement unproven,three correctness repeats for network/restore; two preflight runs for tools; no performance inference
B-KERNEL-ENG,capability evidence; no latency/capacity ranking,network,baseline,stream,3,3,0,2026-10-06T11:40:44.691406+00:00,1a7144081fdbf55047ae57df6dcc13a9e57bb7107f568a17f2b5f209aa2d6f17,7ef73174e02879122a410fe291867e3c8c08f4a1c944c69eb4aded7f521e1b7f,82057bf887a7219d8a85e9b67fb22d98a9c0c62d4fc66e59b3c7c35d5acec066,e15844aaec5876baa7909cf7376ff2d04613e063442481fd3ebbaf82bef39461,358ca833b32ed7ef60b6333cc873a77a531a9f8076e5419cb57b4e629185013f,7c61fa4e29be1cf8bd18e1a428d9a314375ae67a2b754485da1255bde03a242e,"0,1",2,coordinator/parent checked; payload lifetime placement unproven,three correctness repeats for network/restore; two preflight runs for tools; no performance inference
B-KERNEL-ENG,capability evidence; no latency/capacity ranking,network,candidate,bulk,3,3,0,2026-10-06T11:40:44.691406+00:00,1a7144081fdbf55047ae57df6dcc13a9e57bb7107f568a17f2b5f209aa2d6f17,7ef73174e02879122a410fe291867e3c8c08f4a1c944c69eb4aded7f521e1b7f,b61f68dac3ef20a88e1ee387733e4baed2f7c02edac940c8882e0b549dac95e4,e15844aaec5876baa7909cf7376ff2d04613e063442481fd3ebbaf82bef39461,358ca833b32ed7ef60b6333cc873a77a531a9f8076e5419cb57b4e629185013f,7c61fa4e29be1cf8bd18e1a428d9a314375ae67a2b754485da1255bde03a242e,"0,1",2,coordinator/parent checked; payload lifetime placement unproven,three correctness repeats for network/restore; two preflight runs for tools; no performance inference
B-KERNEL-ENG,capability evidence; no latency/capacity ranking,network,candidate,deny,3,3,0,2026-10-06T11:40:44.691406+00:00,1a7144081fdbf55047ae57df6dcc13a9e57bb7107f568a17f2b5f209aa2d6f17,7ef73174e02879122a410fe291867e3c8c08f4a1c944c69eb4aded7f521e1b7f,b61f68dac3ef20a88e1ee387733e4baed2f7c02edac940c8882e0b549dac95e4,e15844aaec5876baa7909cf7376ff2d04613e063442481fd3ebbaf82bef39461,358ca833b32ed7ef60b6333cc873a77a531a9f8076e5419cb57b4e629185013f,7c61fa4e29be1cf8bd18e1a428d9a314375ae67a2b754485da1255bde03a242e,"0,1",2,coordinator/parent checked; payload lifetime placement unproven,three correctness repeats for network/restore; two preflight runs for tools; no performance inference
B-KERNEL-ENG,capability evidence; no latency/capacity ranking,network,candidate,small,3,3,0,2026-10-06T11:40:44.691406+00:00,1a7144081fdbf55047ae57df6dcc13a9e57bb7107f568a17f2b5f209aa2d6f17,7ef73174e02879122a410fe291867e3c8c08f4a1c944c69eb4aded7f521e1b7f,b61f68dac3ef20a88e1ee387733e4baed2f7c02edac940c8882e0b549dac95e4,e15844aaec5876baa7909cf7376ff2d04613e063442481fd3ebbaf82bef39461,358ca833b32ed7ef60b6333cc873a77a531a9f8076e5419cb57b4e629185013f,7c61fa4e29be1cf8bd18e1a428d9a314375ae67a2b754485da1255bde03a242e,"0,1",2,coordinator/parent checked; payload lifetime placement unproven,three correctness repeats for network/restore; two preflight runs for tools; no performance inference
B-KERNEL-ENG,capability evidence; no latency/capacity ranking,network,candidate,stream,3,3,0,2026-10-06T11:40:44.691406+00:00,1a7144081fdbf55047ae57df6dcc13a9e57bb7107f568a17f2b5f209aa2d6f17,7ef73174e02879122a410fe291867e3c8c08f4a1c944c69eb4aded7f521e1b7f,b61f68dac3ef20a88e1ee387733e4baed2f7c02edac940c8882e0b549dac95e4,e15844aaec5876baa7909cf7376ff2d04613e063442481fd3ebbaf82bef39461,358ca833b32ed7ef60b6333cc873a77a531a9f8076e5419cb57b4e629185013f,7c61fa4e29be1cf8bd18e1a428d9a314375ae67a2b754485da1255bde03a242e,"0,1",2,coordinator/parent checked; payload lifetime placement unproven,three correctness repeats for network/restore; two preflight runs for tools; no performance inference
B-KERNEL-ENG,capability evidence; no latency/capacity ranking,restore,baseline,random-compressed,3,3,0,2026-10-06T11:40:44.691406+00:00,1a7144081fdbf55047ae57df6dcc13a9e57bb7107f568a17f2b5f209aa2d6f17,7ef73174e02879122a410fe291867e3c8c08f4a1c944c69eb4aded7f521e1b7f,82057bf887a7219d8a85e9b67fb22d98a9c0c62d4fc66e59b3c7c35d5acec066,e15844aaec5876baa7909cf7376ff2d04613e063442481fd3ebbaf82bef39461,b75408b8e58878d499d7d246a34e8cf1a63a8fbb4102a8d1ceeafaea95ecebb0,7c61fa4e29be1cf8bd18e1a428d9a314375ae67a2b754485da1255bde03a242e,"0,1",2,service limits/self-affinity checked; descendant lifetime placement unproven,three correctness repeats for network/restore; two preflight runs for tools; no performance inference
B-KERNEL-ENG,capability evidence; no latency/capacity ranking,restore,baseline,random-raw,3,3,0,2026-10-06T11:40:44.691406+00:00,1a7144081fdbf55047ae57df6dcc13a9e57bb7107f568a17f2b5f209aa2d6f17,7ef73174e02879122a410fe291867e3c8c08f4a1c944c69eb4aded7f521e1b7f,82057bf887a7219d8a85e9b67fb22d98a9c0c62d4fc66e59b3c7c35d5acec066,e15844aaec5876baa7909cf7376ff2d04613e063442481fd3ebbaf82bef39461,b75408b8e58878d499d7d246a34e8cf1a63a8fbb4102a8d1ceeafaea95ecebb0,7c61fa4e29be1cf8bd18e1a428d9a314375ae67a2b754485da1255bde03a242e,"0,1",2,service limits/self-affinity checked; descendant lifetime placement unproven,three correctness repeats for network/restore; two preflight runs for tools; no performance inference
B-KERNEL-ENG,capability evidence; no latency/capacity ranking,restore,baseline,repeated-compressed,3,3,0,2026-10-06T11:40:44.691406+00:00,1a7144081fdbf55047ae57df6dcc13a9e57bb7107f568a17f2b5f209aa2d6f17,7ef73174e02879122a410fe291867e3c8c08f4a1c944c69eb4aded7f521e1b7f,82057bf887a7219d8a85e9b67fb22d98a9c0c62d4fc66e59b3c7c35d5acec066,e15844aaec5876baa7909cf7376ff2d04613e063442481fd3ebbaf82bef39461,b75408b8e58878d499d7d246a34e8cf1a63a8fbb4102a8d1ceeafaea95ecebb0,7c61fa4e29be1cf8bd18e1a428d9a314375ae67a2b754485da1255bde03a242e,"0,1",2,service limits/self-affinity checked; descendant lifetime placement unproven,three correctness repeats for network/restore; two preflight runs for tools; no performance inference
B-KERNEL-ENG,capability evidence; no latency/capacity ranking,restore,baseline,repeated-raw,3,3,0,2026-10-06T11:40:44.691406+00:00,1a7144081fdbf55047ae57df6dcc13a9e57bb7107f568a17f2b5f209aa2d6f17,7ef73174e02879122a410fe291867e3c8c08f4a1c944c69eb4aded7f521e1b7f,82057bf887a7219d8a85e9b67fb22d98a9c0c62d4fc66e59b3c7c35d5acec066,e15844aaec5876baa7909cf7376ff2d04613e063442481fd3ebbaf82bef39461,b75408b8e58878d499d7d246a34e8cf1a63a8fbb4102a8d1ceeafaea95ecebb0,7c61fa4e29be1cf8bd18e1a428d9a314375ae67a2b754485da1255bde03a242e,"0,1",2,service limits/self-affinity checked; descendant lifetime placement unproven,three correctness repeats for network/restore; two preflight runs for tools; no performance inference
B-KERNEL-ENG,capability evidence; no latency/capacity ranking,restore,candidate,random-compressed,3,3,0,2026-10-06T11:40:44.691406+00:00,1a7144081fdbf55047ae57df6dcc13a9e57bb7107f568a17f2b5f209aa2d6f17,7ef73174e02879122a410fe291867e3c8c08f4a1c944c69eb4aded7f521e1b7f,b61f68dac3ef20a88e1ee387733e4baed2f7c02edac940c8882e0b549dac95e4,e15844aaec5876baa7909cf7376ff2d04613e063442481fd3ebbaf82bef39461,b75408b8e58878d499d7d246a34e8cf1a63a8fbb4102a8d1ceeafaea95ecebb0,7c61fa4e29be1cf8bd18e1a428d9a314375ae67a2b754485da1255bde03a242e,"0,1",2,service limits/self-affinity checked; descendant lifetime placement unproven,three correctness repeats for network/restore; two preflight runs for tools; no performance inference
B-KERNEL-ENG,capability evidence; no latency/capacity ranking,restore,candidate,random-raw,3,3,0,2026-10-06T11:40:44.691406+00:00,1a7144081fdbf55047ae57df6dcc13a9e57bb7107f568a17f2b5f209aa2d6f17,7ef73174e02879122a410fe291867e3c8c08f4a1c944c69eb4aded7f521e1b7f,b61f68dac3ef20a88e1ee387733e4baed2f7c02edac940c8882e0b549dac95e4,e15844aaec5876baa7909cf7376ff2d04613e063442481fd3ebbaf82bef39461,b75408b8e58878d499d7d246a34e8cf1a63a8fbb4102a8d1ceeafaea95ecebb0,7c61fa4e29be1cf8bd18e1a428d9a314375ae67a2b754485da1255bde03a242e,"0,1",2,service limits/self-affinity checked; descendant lifetime placement unproven,three correctness repeats for network/restore; two preflight runs for tools; no performance inference
B-KERNEL-ENG,capability evidence; no latency/capacity ranking,restore,candidate,repeated-compressed,3,3,0,2026-10-06T11:40:44.691406+00:00,1a7144081fdbf55047ae57df6dcc13a9e57bb7107f568a17f2b5f209aa2d6f17,7ef73174e02879122a410fe291867e3c8c08f4a1c944c69eb4aded7f521e1b7f,b61f68dac3ef20a88e1ee387733e4baed2f7c02edac940c8882e0b549dac95e4,e15844aaec5876baa7909cf7376ff2d04613e063442481fd3ebbaf82bef39461,b75408b8e58878d499d7d246a34e8cf1a63a8fbb4102a8d1ceeafaea95ecebb0,7c61fa4e29be1cf8bd18e1a428d9a314375ae67a2b754485da1255bde03a242e,"0,1",2,service limits/self-affinity checked; descendant lifetime placement unproven,three correctness repeats for network/restore; two preflight runs for tools; no performance inference
B-KERNEL-ENG,capability evidence; no latency/capacity ranking,restore,candidate,repeated-raw,3,3,0,2026-10-06T11:40:44.691406+00:00,1a7144081fdbf55047ae57df6dcc13a9e57bb7107f568a17f2b5f209aa2d6f17,7ef73174e02879122a410fe291867e3c8c08f4a1c944c69eb4aded7f521e1b7f,b61f68dac3ef20a88e1ee387733e4baed2f7c02edac940c8882e0b549dac95e4,e15844aaec5876baa7909cf7376ff2d04613e063442481fd3ebbaf82bef39461,b75408b8e58878d499d7d246a34e8cf1a63a8fbb4102a8d1ceeafaea95ecebb0,7c61fa4e29be1cf8bd18e1a428d9a314375ae67a2b754485da1255bde03a242e,"0,1",2,service limits/self-affinity checked; descendant lifetime placement unproven,three correctness repeats for network/restore; two preflight runs for tools; no performance inference
B-KERNEL-ENG,capability evidence; no latency/capacity ranking,tool-preflight,baseline,ready,2,2,0,2026-10-06T11:36:58.086403+00:00,1a7144081fdbf55047ae57df6dcc13a9e57bb7107f568a17f2b5f209aa2d6f17,7ef73174e02879122a410fe291867e3c8c08f4a1c944c69eb4aded7f521e1b7f,82057bf887a7219d8a85e9b67fb22d98a9c0c62d4fc66e59b3c7c35d5acec066,e15844aaec5876baa7909cf7376ff2d04613e063442481fd3ebbaf82bef39461,358ca833b32ed7ef60b6333cc873a77a531a9f8076e5419cb57b4e629185013f,c47a57f571353c1772c3c783378c735a93af82ccdaac7f8b60e9c16b844202e1,"0,1",2,sampled membership; short lifetimes incomplete,three correctness repeats for network/restore; two preflight runs for tools; no performance inference
B-KERNEL-ENG,capability evidence; no latency/capacity ranking,tool-preflight,baseline,filesystem,2,2,0,2026-10-06T11:36:58.086403+00:00,1a7144081fdbf55047ae57df6dcc13a9e57bb7107f568a17f2b5f209aa2d6f17,7ef73174e02879122a410fe291867e3c8c08f4a1c944c69eb4aded7f521e1b7f,82057bf887a7219d8a85e9b67fb22d98a9c0c62d4fc66e59b3c7c35d5acec066,e15844aaec5876baa7909cf7376ff2d04613e063442481fd3ebbaf82bef39461,358ca833b32ed7ef60b6333cc873a77a531a9f8076e5419cb57b4e629185013f,c47a57f571353c1772c3c783378c735a93af82ccdaac7f8b60e9c16b844202e1,"0,1",2,sampled membership; short lifetimes incomplete,three correctness repeats for network/restore; two preflight runs for tools; no performance inference
B-KERNEL-ENG,capability evidence; no latency/capacity ranking,tool-preflight,baseline,tools,2,2,0,2026-10-06T11:36:58.086403+00:00,1a7144081fdbf55047ae57df6dcc13a9e57bb7107f568a17f2b5f209aa2d6f17,7ef73174e02879122a410fe291867e3c8c08f4a1c944c69eb4aded7f521e1b7f,82057bf887a7219d8a85e9b67fb22d98a9c0c62d4fc66e59b3c7c35d5acec066,e15844aaec5876baa7909cf7376ff2d04613e063442481fd3ebbaf82bef39461,358ca833b32ed7ef60b6333cc873a77a531a9f8076e5419cb57b4e629185013f,c47a57f571353c1772c3c783378c735a93af82ccdaac7f8b60e9c16b844202e1,"0,1",2,sampled membership; short lifetimes incomplete,three correctness repeats for network/restore; two preflight runs for tools; no performance inference
B-KERNEL-ENG,capability evidence; no latency/capacity ranking,tool-preflight,candidate,ready,2,2,0,2026-10-06T11:36:58.086403+00:00,1a7144081fdbf55047ae57df6dcc13a9e57bb7107f568a17f2b5f209aa2d6f17,7ef73174e02879122a410fe291867e3c8c08f4a1c944c69eb4aded7f521e1b7f,b61f68dac3ef20a88e1ee387733e4baed2f7c02edac940c8882e0b549dac95e4,e15844aaec5876baa7909cf7376ff2d04613e063442481fd3ebbaf82bef39461,358ca833b32ed7ef60b6333cc873a77a531a9f8076e5419cb57b4e629185013f,c47a57f571353c1772c3c783378c735a93af82ccdaac7f8b60e9c16b844202e1,"0,1",2,sampled membership; short lifetimes incomplete,three correctness repeats for network/restore; two preflight runs for tools; no performance inference
B-KERNEL-ENG,capability evidence; no latency/capacity ranking,tool-preflight,candidate,filesystem,2,2,0,2026-10-06T11:36:58.086403+00:00,1a7144081fdbf55047ae57df6dcc13a9e57bb7107f568a17f2b5f209aa2d6f17,7ef73174e02879122a410fe291867e3c8c08f4a1c944c69eb4aded7f521e1b7f,b61f68dac3ef20a88e1ee387733e4baed2f7c02edac940c8882e0b549dac95e4,e15844aaec5876baa7909cf7376ff2d04613e063442481fd3ebbaf82bef39461,358ca833b32ed7ef60b6333cc873a77a531a9f8076e5419cb57b4e629185013f,c47a57f571353c1772c3c783378c735a93af82ccdaac7f8b60e9c16b844202e1,"0,1",2,sampled membership; short lifetimes incomplete,three correctness repeats for network/restore; two preflight runs for tools; no performance inference
B-KERNEL-ENG,capability evidence; no latency/capacity ranking,tool-preflight,candidate,tools,2,2,0,2026-10-06T11:36:58.086403+00:00,1a7144081fdbf55047ae57df6dcc13a9e57bb7107f568a17f2b5f209aa2d6f17,7ef73174e02879122a410fe291867e3c8c08f4a1c944c69eb4aded7f521e1b7f,b61f68dac3ef20a88e1ee387733e4baed2f7c02edac940c8882e0b549dac95e4,e15844aaec5876baa7909cf7376ff2d04613e063442481fd3ebbaf82bef39461,358ca833b32ed7ef60b6333cc873a77a531a9f8076e5419cb57b4e629185013f,c47a57f571353c1772c3c783378c735a93af82ccdaac7f8b60e9c16b844202e1,"0,1",2,sampled membership; short lifetimes incomplete,three correctness repeats for network/restore; two preflight runs for tools; no performance inference
