backend	trial	operation	worker_ms	correctness
native	0	metadata	4.791012	passed
native	0	read	32.85799	passed
native	0	write	4.331494	passed
native	0	git	14.316578	passed
native	0	rg	6.586421	passed
native	0	cargo	54.649929	passed
native	0	npm	172.596686	passed
pvisor-host	0	metadata	4.812301	passed
pvisor-host	0	read	32.279171	passed
pvisor-host	0	write	4.300556	passed
pvisor-host	0	git	14.476386	passed
pvisor-host	0	rg	10.328926	passed
pvisor-host	0	cargo	57.322957	passed
pvisor-host	0	npm	177.998045	passed
pvisor-staged	0	metadata	78.160937	passed
pvisor-staged	0	read	68.565218	passed
pvisor-staged	0	write	205.083543	passed
pvisor-staged	0	git	175.758887	passed
pvisor-staged	0	rg	89.707525	passed
pvisor-staged	0	cargo	111.896294	passed
pvisor-staged	0	npm	267.544891	passed
pvisor-fuse	0	metadata	20.167949	passed
pvisor-fuse	0	read	39.015322	passed
pvisor-fuse	0	write	11.786467	passed
pvisor-fuse	0	git	39.644706	passed
pvisor-fuse	0	rg	27.24204	passed
pvisor-fuse	0	cargo	72.560364	passed
pvisor-fuse	0	npm	181.118589	passed
native	1	metadata	5.235751	passed
native	1	read	32.580492	passed
native	1	write	3.953498	passed
native	1	git	15.302058	passed
native	1	rg	9.659226	passed
native	1	cargo	56.460348	passed
native	1	npm	175.038983	passed
pvisor-host	1	metadata	4.778638	passed
pvisor-host	1	read	32.34904	passed
pvisor-host	1	write	3.76157	passed
pvisor-host	1	git	15.599393	passed
pvisor-host	1	rg	7.41639	passed
pvisor-host	1	cargo	57.403548	passed
pvisor-host	1	npm	178.223527	passed
pvisor-fuse	1	metadata	22.628871	passed
pvisor-fuse	1	read	38.702759	passed
pvisor-fuse	1	write	12.225506	passed
pvisor-fuse	1	git	40.088916	passed
pvisor-fuse	1	rg	27.183831	passed
pvisor-fuse	1	cargo	73.513944	passed
pvisor-fuse	1	npm	183.05334	passed
pvisor-staged	1	metadata	78.225197	passed
pvisor-staged	1	read	67.239344	passed
pvisor-staged	1	write	209.611103	passed
pvisor-staged	1	git	174.750755	passed
pvisor-staged	1	rg	92.547244	passed
pvisor-staged	1	cargo	114.430624	passed
pvisor-staged	1	npm	269.764353	passed
pvisor-host	2	metadata	4.73165	passed
pvisor-host	2	read	31.456896	passed
pvisor-host	2	write	4.244591	passed
pvisor-host	2	git	14.780043	passed
pvisor-host	2	rg	7.415008	passed
pvisor-host	2	cargo	54.252898	passed
pvisor-host	2	npm	178.646316	passed
pvisor-fuse	2	metadata	22.328741	passed
pvisor-fuse	2	read	40.920568	passed
pvisor-fuse	2	write	14.699312	passed
pvisor-fuse	2	git	40.833314	passed
pvisor-fuse	2	rg	28.530574	passed
pvisor-fuse	2	cargo	73.86503	passed
pvisor-fuse	2	npm	179.888584	passed
native	2	metadata	4.595856	passed
native	2	read	32.726976	passed
native	2	write	4.593923	passed
native	2	git	14.090846	passed
native	2	rg	7.219514	passed
native	2	cargo	54.599846	passed
native	2	npm	176.896751	passed
pvisor-staged	2	metadata	77.992833	passed
pvisor-staged	2	read	67.208146	passed
pvisor-staged	2	write	210.049671	passed
pvisor-staged	2	git	184.673223	passed
pvisor-staged	2	rg	90.863121	passed
pvisor-staged	2	cargo	127.847212	passed
pvisor-staged	2	npm	277.519306	passed
native	3	metadata	5.2887	passed
native	3	read	32.626609	passed
native	3	write	4.543068	passed
native	3	git	14.170365	passed
native	3	rg	8.38572	passed
native	3	cargo	63.280926	passed
native	3	npm	196.428551	passed
pvisor-fuse	3	metadata	20.355137	passed
pvisor-fuse	3	read	38.990375	passed
pvisor-fuse	3	write	12.766616	passed
pvisor-fuse	3	git	47.587629	passed
pvisor-fuse	3	rg	28.186372	passed
pvisor-fuse	3	cargo	75.54811	passed
pvisor-fuse	3	npm	184.329061	passed
pvisor-staged	3	metadata	84.4106	passed
pvisor-staged	3	read	69.776038	passed
pvisor-staged	3	write	212.415126	passed
pvisor-staged	3	git	175.57809	passed
pvisor-staged	3	rg	92.178918	passed
pvisor-staged	3	cargo	112.608142	passed
pvisor-staged	3	npm	269.602051	passed
pvisor-host	3	metadata	5.195996	passed
pvisor-host	3	read	32.383254	passed
pvisor-host	3	write	3.818737	passed
pvisor-host	3	git	16.632139	passed
pvisor-host	3	rg	7.583883	passed
pvisor-host	3	cargo	61.09106	passed
pvisor-host	3	npm	173.752272	passed
native	4	metadata	4.973392	passed
native	4	read	32.964158	passed
native	4	write	5.452695	passed
native	4	git	14.825398	passed
native	4	rg	7.776062	passed
native	4	cargo	57.772097	passed
native	4	npm	173.984385	passed
pvisor-staged	4	metadata	79.092414	passed
pvisor-staged	4	read	68.911645	passed
pvisor-staged	4	write	210.033381	passed
pvisor-staged	4	git	177.513371	passed
pvisor-staged	4	rg	90.446013	passed
pvisor-staged	4	cargo	118.862265	passed
pvisor-staged	4	npm	263.219849	passed
pvisor-host	4	metadata	5.030699	passed
pvisor-host	4	read	32.285973	passed
pvisor-host	4	write	3.919134	passed
pvisor-host	4	git	16.059741	passed
pvisor-host	4	rg	8.098674	passed
pvisor-host	4	cargo	65.170322	passed
pvisor-host	4	npm	179.282964	passed
pvisor-fuse	4	metadata	24.016932	passed
pvisor-fuse	4	read	40.56309	passed
pvisor-fuse	4	write	11.776738	passed
pvisor-fuse	4	git	38.412196	passed
pvisor-fuse	4	rg	28.065948	passed
pvisor-fuse	4	cargo	70.16814	passed
pvisor-fuse	4	npm	189.307802	passed
pvisor-staged	5	metadata	76.354155	passed
pvisor-staged	5	read	68.157678	passed
pvisor-staged	5	write	201.666937	passed
pvisor-staged	5	git	174.412064	passed
pvisor-staged	5	rg	94.513344	passed
pvisor-staged	5	cargo	125.025446	passed
pvisor-staged	5	npm	272.400483	passed
native	5	metadata	4.662852	passed
native	5	read	34.776291	passed
native	5	write	3.821281	passed
native	5	git	15.640889	passed
native	5	rg	7.482675	passed
native	5	cargo	54.911427	passed
native	5	npm	183.043742	passed
pvisor-host	5	metadata	4.868706	passed
pvisor-host	5	read	31.524572	passed
pvisor-host	5	write	3.816953	passed
pvisor-host	5	git	15.138602	passed
pvisor-host	5	rg	8.63269	passed
pvisor-host	5	cargo	54.795331	passed
pvisor-host	5	npm	179.381558	passed
pvisor-fuse	5	metadata	22.059167	passed
pvisor-fuse	5	read	38.436451	passed
pvisor-fuse	5	write	12.590727	passed
pvisor-fuse	5	git	40.202477	passed
pvisor-fuse	5	rg	27.850606	passed
pvisor-fuse	5	cargo	81.652292	passed
pvisor-fuse	5	npm	184.063986	passed
pvisor-host	6	metadata	4.706684	passed
pvisor-host	6	read	32.176639	passed
pvisor-host	6	write	3.946415	passed
pvisor-host	6	git	15.242476	passed
pvisor-host	6	rg	8.007754	passed
pvisor-host	6	cargo	58.843225	passed
pvisor-host	6	npm	176.116423	passed
pvisor-fuse	6	metadata	22.233644	passed
pvisor-fuse	6	read	39.125207	passed
pvisor-fuse	6	write	11.499391	passed
pvisor-fuse	6	git	41.520467	passed
pvisor-fuse	6	rg	26.279454	passed
pvisor-fuse	6	cargo	74.560647	passed
pvisor-fuse	6	npm	181.653909	passed
pvisor-staged	6	metadata	76.453861	passed
pvisor-staged	6	read	67.600969	passed
pvisor-staged	6	write	202.817795	passed
pvisor-staged	6	git	174.071538	passed
pvisor-staged	6	rg	94.268737	passed
pvisor-staged	6	cargo	116.713194	passed
pvisor-staged	6	npm	262.773506	passed
native	6	metadata	5.649885	passed
native	6	read	33.80629	passed
native	6	write	4.029089	passed
native	6	git	14.73527	passed
native	6	rg	10.156554	passed
native	6	cargo	55.244139	passed
native	6	npm	176.956242	passed
native	7	metadata	4.575629	passed
native	7	read	32.336027	passed
native	7	write	4.001758	passed
native	7	git	15.536646	passed
native	7	rg	7.633556	passed
native	7	cargo	56.859814	passed
native	7	npm	173.396509	passed
pvisor-staged	7	metadata	78.998028	passed
pvisor-staged	7	read	68.636772	passed
pvisor-staged	7	write	194.495705	passed
pvisor-staged	7	git	173.13526	passed
pvisor-staged	7	rg	91.125291	passed
pvisor-staged	7	cargo	114.932821	passed
pvisor-staged	7	npm	271.167972	passed
pvisor-host	7	metadata	4.89723	passed
pvisor-host	7	read	31.849709	passed
pvisor-host	7	write	4.355509	passed
pvisor-host	7	git	15.099469	passed
pvisor-host	7	rg	7.779468	passed
pvisor-host	7	cargo	61.748637	passed
pvisor-host	7	npm	181.969948	passed
pvisor-fuse	7	metadata	23.725286	passed
pvisor-fuse	7	read	39.29278	passed
pvisor-fuse	7	write	13.199824	passed
pvisor-fuse	7	git	41.274277	passed
pvisor-fuse	7	rg	27.481076	passed
pvisor-fuse	7	cargo	73.606998	passed
pvisor-fuse	7	npm	180.49217	passed
pvisor-staged	8	metadata	76.669022	passed
pvisor-staged	8	read	68.018529	passed
pvisor-staged	8	write	203.000736	passed
pvisor-staged	8	git	170.901151	passed
pvisor-staged	8	rg	88.876725	passed
pvisor-staged	8	cargo	112.776807	passed
pvisor-staged	8	npm	268.406749	passed
pvisor-fuse	8	metadata	22.024122	passed
pvisor-fuse	8	read	38.577374	passed
pvisor-fuse	8	write	12.539852	passed
pvisor-fuse	8	git	39.992005	passed
pvisor-fuse	8	rg	28.719026	passed
pvisor-fuse	8	cargo	73.049508	passed
pvisor-fuse	8	npm	181.123208	passed
native	8	metadata	4.896198	passed
native	8	read	32.311691	passed
native	8	write	4.77953	passed
native	8	git	14.495272	passed
native	8	rg	6.892663	passed
native	8	cargo	57.768941	passed
native	8	npm	173.225529	passed
pvisor-host	8	metadata	4.686817	passed
pvisor-host	8	read	32.094535	passed
pvisor-host	8	write	3.945323	passed
pvisor-host	8	git	14.155387	passed
pvisor-host	8	rg	7.613719	passed
pvisor-host	8	cargo	51.924573	passed
pvisor-host	8	npm	179.77381	passed
pvisor-host	9	metadata	4.648836	passed
pvisor-host	9	read	32.623193	passed
pvisor-host	9	write	4.053705	passed
pvisor-host	9	git	14.63362	passed
pvisor-host	9	rg	9.534764	passed
pvisor-host	9	cargo	54.048898	passed
pvisor-host	9	npm	172.747226	passed
native	9	metadata	4.616766	passed
native	9	read	32.850837	passed
native	9	write	3.582005	passed
native	9	git	15.48046	passed
native	9	rg	10.135144	passed
native	9	cargo	56.360061	passed
native	9	npm	180.523419	passed
pvisor-fuse	9	metadata	22.122325	passed
pvisor-fuse	9	read	39.245241	passed
pvisor-fuse	9	write	12.883994	passed
pvisor-fuse	9	git	41.077691	passed
pvisor-fuse	9	rg	28.709819	passed
pvisor-fuse	9	cargo	74.017404	passed
pvisor-fuse	9	npm	182.846184	passed
pvisor-staged	9	metadata	76.505016	passed
pvisor-staged	9	read	67.427676	passed
pvisor-staged	9	write	205.883777	passed
pvisor-staged	9	git	170.967846	passed
pvisor-staged	9	rg	89.052262	passed
pvisor-staged	9	cargo	115.339811	passed
pvisor-staged	9	npm	268.511365	passed
native	10	metadata	4.71494	passed
native	10	read	33.365117	passed
native	10	write	3.812736	passed
native	10	git	14.449496	passed
native	10	rg	7.818722	passed
native	10	cargo	53.164538	passed
native	10	npm	174.687187	passed
pvisor-host	10	metadata	4.907819	passed
pvisor-host	10	read	32.987362	passed
pvisor-host	10	write	3.695136	passed
pvisor-host	10	git	14.309435	passed
pvisor-host	10	rg	8.279732	passed
pvisor-host	10	cargo	57.17943	passed
pvisor-host	10	npm	176.659778	passed
pvisor-fuse	10	metadata	22.556976	passed
pvisor-fuse	10	read	38.382941	passed
pvisor-fuse	10	write	12.982258	passed
pvisor-fuse	10	git	38.909073	passed
pvisor-fuse	10	rg	27.342337	passed
pvisor-fuse	10	cargo	70.115452	passed
pvisor-fuse	10	npm	185.890415	passed
pvisor-staged	10	metadata	81.199096	passed
pvisor-staged	10	read	70.206101	passed
pvisor-staged	10	write	207.090708	passed
pvisor-staged	10	git	179.121572	passed
pvisor-staged	10	rg	92.657691	passed
pvisor-staged	10	cargo	119.532194	passed
pvisor-staged	10	npm	273.424063	passed
pvisor-staged	11	metadata	76.168879	passed
pvisor-staged	11	read	66.679209	passed
pvisor-staged	11	write	206.914721	passed
pvisor-staged	11	git	173.833634	passed
pvisor-staged	11	rg	90.345946	passed
pvisor-staged	11	cargo	114.365142	passed
pvisor-staged	11	npm	264.423736	passed
pvisor-host	11	metadata	4.587751	passed
pvisor-host	11	read	31.60375	passed
pvisor-host	11	write	4.596468	passed
pvisor-host	11	git	14.667423	passed
pvisor-host	11	rg	6.224317	passed
pvisor-host	11	cargo	58.459369	passed
pvisor-host	11	npm	181.188119	passed
native	11	metadata	4.680835	passed
native	11	read	33.295187	passed
native	11	write	4.67747	passed
native	11	git	14.490753	passed
native	11	rg	8.966864	passed
native	11	cargo	55.813832	passed
native	11	npm	181.939551	passed
pvisor-fuse	11	metadata	23.011645	passed
pvisor-fuse	11	read	39.625099	passed
pvisor-fuse	11	write	12.49059	passed
pvisor-fuse	11	git	40.091269	passed
pvisor-fuse	11	rg	27.72412	passed
pvisor-fuse	11	cargo	74.222747	passed
pvisor-fuse	11	npm	185.629728	passed
pvisor-host	12	metadata	5.270947	passed
pvisor-host	12	read	31.848035	passed
pvisor-host	12	write	4.158571	passed
pvisor-host	12	git	14.648718	passed
pvisor-host	12	rg	9.678292	passed
pvisor-host	12	cargo	57.951872	passed
pvisor-host	12	npm	173.651655	passed
pvisor-staged	12	metadata	77.635606	passed
pvisor-staged	12	read	68.408306	passed
pvisor-staged	12	write	218.037158	passed
pvisor-staged	12	git	187.710952	passed
pvisor-staged	12	rg	93.86292	passed
pvisor-staged	12	cargo	122.248023	passed
pvisor-staged	12	npm	271.140681	passed
pvisor-fuse	12	metadata	21.258924	passed
pvisor-fuse	12	read	39.220774	passed
pvisor-fuse	12	write	11.90614	passed
pvisor-fuse	12	git	41.203796	passed
pvisor-fuse	12	rg	28.146929	passed
pvisor-fuse	12	cargo	73.788736	passed
pvisor-fuse	12	npm	182.671808	passed
native	12	metadata	6.690526	passed
native	12	read	32.076351	passed
native	12	write	3.910047	passed
native	12	git	14.10821	passed
native	12	rg	8.556609	passed
native	12	cargo	58.033875	passed
native	12	npm	176.539032	passed
pvisor-fuse	13	metadata	23.809834	passed
pvisor-fuse	13	read	37.366695	passed
pvisor-fuse	13	write	12.713426	passed
pvisor-fuse	13	git	40.619696	passed
pvisor-fuse	13	rg	27.7137	passed
pvisor-fuse	13	cargo	81.080395	passed
pvisor-fuse	13	npm	182.418105	passed
pvisor-staged	13	metadata	76.373581	passed
pvisor-staged	13	read	69.972095	passed
pvisor-staged	13	write	212.087455	passed
pvisor-staged	13	git	175.130424	passed
pvisor-staged	13	rg	93.52016	passed
pvisor-staged	13	cargo	122.527605	passed
pvisor-staged	13	npm	274.917249	passed
pvisor-host	13	metadata	5.030939	passed
pvisor-host	13	read	32.277367	passed
pvisor-host	13	write	4.709679	passed
pvisor-host	13	git	14.594557	passed
pvisor-host	13	rg	7.933686	passed
pvisor-host	13	cargo	58.25075	passed
pvisor-host	13	npm	177.50202	passed
native	13	metadata	4.694651	passed
native	13	read	32.548573	passed
native	13	write	4.241034	passed
native	13	git	15.784959	passed
native	13	rg	8.364299	passed
native	13	cargo	58.995689	passed
native	13	npm	176.889176	passed
pvisor-staged	14	metadata	79.920751	passed
pvisor-staged	14	read	73.848839	passed
pvisor-staged	14	write	217.808561	passed
pvisor-staged	14	git	167.102603	passed
pvisor-staged	14	rg	93.29981	passed
pvisor-staged	14	cargo	114.299028	passed
pvisor-staged	14	npm	276.279932	passed
pvisor-host	14	metadata	4.618519	passed
pvisor-host	14	read	32.387342	passed
pvisor-host	14	write	4.095182	passed
pvisor-host	14	git	15.95712	passed
pvisor-host	14	rg	8.519148	passed
pvisor-host	14	cargo	57.72606	passed
pvisor-host	14	npm	181.522152	passed
pvisor-fuse	14	metadata	23.088639	passed
pvisor-fuse	14	read	42.380983	passed
pvisor-fuse	14	write	12.760284	passed
pvisor-fuse	14	git	39.017957	passed
pvisor-fuse	14	rg	28.261613	passed
pvisor-fuse	14	cargo	72.206434	passed
pvisor-fuse	14	npm	181.261606	passed
native	14	metadata	4.668652	passed
native	14	read	37.192691	passed
native	14	write	4.290427	passed
native	14	git	14.69796	passed
native	14	rg	7.702635	passed
native	14	cargo	55.370525	passed
native	14	npm	187.292832	passed
pvisor-host	15	metadata	4.62936	passed
pvisor-host	15	read	31.676365	passed
pvisor-host	15	write	4.087317	passed
pvisor-host	15	git	15.80207	passed
pvisor-host	15	rg	6.669957	passed
pvisor-host	15	cargo	57.790731	passed
pvisor-host	15	npm	176.330242	passed
pvisor-staged	15	metadata	76.598811	passed
pvisor-staged	15	read	78.534103	passed
pvisor-staged	15	write	204.363941	passed
pvisor-staged	15	git	172.026261	passed
pvisor-staged	15	rg	88.706528	passed
pvisor-staged	15	cargo	128.448455	passed
pvisor-staged	15	npm	270.693658	passed
pvisor-fuse	15	metadata	20.237218	passed
pvisor-fuse	15	read	38.953637	passed
pvisor-fuse	15	write	11.850316	passed
pvisor-fuse	15	git	40.837923	passed
pvisor-fuse	15	rg	25.79565	passed
pvisor-fuse	15	cargo	73.28143	passed
pvisor-fuse	15	npm	181.380778	passed
native	15	metadata	5.415186	passed
native	15	read	32.422437	passed
native	15	write	3.833083	passed
native	15	git	15.082117	passed
native	15	rg	6.809769	passed
native	15	cargo	57.542428	passed
native	15	npm	175.444912	passed
pvisor-host	16	metadata	4.801662	passed
pvisor-host	16	read	31.912676	passed
pvisor-host	16	write	3.759535	passed
pvisor-host	16	git	14.47833	passed
pvisor-host	16	rg	6.456189	passed
pvisor-host	16	cargo	54.345812	passed
pvisor-host	16	npm	177.777114	passed
native	16	metadata	5.684208	passed
native	16	read	34.15979	passed
native	16	write	3.790504	passed
native	16	git	15.029028	passed
native	16	rg	11.792607	passed
native	16	cargo	57.867294	passed
native	16	npm	184.361211	passed
pvisor-fuse	16	metadata	20.946601	passed
pvisor-fuse	16	read	39.033315	passed
pvisor-fuse	16	write	13.032782	passed
pvisor-fuse	16	git	40.368557	passed
pvisor-fuse	16	rg	28.324009	passed
pvisor-fuse	16	cargo	74.033323	passed
pvisor-fuse	16	npm	185.681334	passed
pvisor-staged	16	metadata	76.358393	passed
pvisor-staged	16	read	67.401347	passed
pvisor-staged	16	write	200.962924	passed
pvisor-staged	16	git	171.567044	passed
pvisor-staged	16	rg	93.606411	passed
pvisor-staged	16	cargo	118.358193	passed
pvisor-staged	16	npm	271.708291	passed
pvisor-staged	17	metadata	77.431916	passed
pvisor-staged	17	read	67.512363	passed
pvisor-staged	17	write	198.582902	passed
pvisor-staged	17	git	172.536133	passed
pvisor-staged	17	rg	93.76085	passed
pvisor-staged	17	cargo	118.877634	passed
pvisor-staged	17	npm	266.150839	passed
native	17	metadata	4.910353	passed
native	17	read	32.114033	passed
native	17	write	4.788597	passed
native	17	git	14.38195	passed
native	17	rg	7.852475	passed
native	17	cargo	58.102263	passed
native	17	npm	183.136675	passed
pvisor-fuse	17	metadata	20.934619	passed
pvisor-fuse	17	read	38.738255	passed
pvisor-fuse	17	write	13.221404	passed
pvisor-fuse	17	git	39.654565	passed
pvisor-fuse	17	rg	28.821087	passed
pvisor-fuse	17	cargo	74.745262	passed
pvisor-fuse	17	npm	183.77179	passed
pvisor-host	17	metadata	4.975496	passed
pvisor-host	17	read	32.08605	passed
pvisor-host	17	write	4.087799	passed
pvisor-host	17	git	15.142389	passed
pvisor-host	17	rg	9.631425	passed
pvisor-host	17	cargo	57.238941	passed
pvisor-host	17	npm	174.821027	passed
native	18	metadata	4.547807	passed
native	18	read	32.715876	passed
native	18	write	4.368793	passed
native	18	git	16.465018	passed
native	18	rg	8.422749	passed
native	18	cargo	60.236264	passed
native	18	npm	178.37547	passed
pvisor-staged	18	metadata	78.189469	passed
pvisor-staged	18	read	67.638049	passed
pvisor-staged	18	write	199.983445	passed
pvisor-staged	18	git	172.557712	passed
pvisor-staged	18	rg	91.63964	passed
pvisor-staged	18	cargo	116.506779	passed
pvisor-staged	18	npm	264.842347	passed
pvisor-host	18	metadata	4.654726	passed
pvisor-host	18	read	32.179855	passed
pvisor-host	18	write	4.265821	passed
pvisor-host	18	git	13.807027	passed
pvisor-host	18	rg	7.444313	passed
pvisor-host	18	cargo	58.81367	passed
pvisor-host	18	npm	173.968916	passed
pvisor-fuse	18	metadata	20.126961	passed
pvisor-fuse	18	read	39.034016	passed
pvisor-fuse	18	write	11.748135	passed
pvisor-fuse	18	git	39.797712	passed
pvisor-fuse	18	rg	28.005404	passed
pvisor-fuse	18	cargo	73.659747	passed
pvisor-fuse	18	npm	180.501016	passed
native	19	metadata	5.372416	passed
native	19	read	31.183094	passed
native	19	write	3.817755	passed
native	19	git	15.576089	passed
native	19	rg	6.304676	passed
native	19	cargo	57.808665	passed
native	19	npm	178.712589	passed
pvisor-host	19	metadata	5.050114	passed
pvisor-host	19	read	33.024371	passed
pvisor-host	19	write	3.838103	passed
pvisor-host	19	git	16.218457	passed
pvisor-host	19	rg	9.357213	passed
pvisor-host	19	cargo	52.805988	passed
pvisor-host	19	npm	181.974647	passed
pvisor-staged	19	metadata	81.60255	passed
pvisor-staged	19	read	68.641661	passed
pvisor-staged	19	write	203.305926	passed
pvisor-staged	19	git	174.680244	passed
pvisor-staged	19	rg	90.555187	passed
pvisor-staged	19	cargo	117.845718	passed
pvisor-staged	19	npm	266.318793	passed
pvisor-fuse	19	metadata	20.375495	passed
pvisor-fuse	19	read	40.379678	passed
pvisor-fuse	19	write	13.492149	passed
pvisor-fuse	19	git	41.606488	passed
pvisor-fuse	19	rg	28.073642	passed
pvisor-fuse	19	cargo	71.213972	passed
pvisor-fuse	19	npm	183.902234	passed
pvisor-staged	20	metadata	77.441995	passed
pvisor-staged	20	read	68.950708	passed
pvisor-staged	20	write	209.116319	passed
pvisor-staged	20	git	172.027713	passed
pvisor-staged	20	rg	91.664657	passed
pvisor-staged	20	cargo	249.535802	passed
pvisor-staged	20	npm	265.687935	passed
pvisor-fuse	20	metadata	20.242236	passed
pvisor-fuse	20	read	38.222872	passed
pvisor-fuse	20	write	11.891012	passed
pvisor-fuse	20	git	41.594525	passed
pvisor-fuse	20	rg	28.741038	passed
pvisor-fuse	20	cargo	72.07623	passed
pvisor-fuse	20	npm	180.163246	passed
native	20	metadata	4.697336	passed
native	20	read	33.476996	passed
native	20	write	3.667434	passed
native	20	git	15.867603	passed
native	20	rg	8.12846	passed
native	20	cargo	57.96711	passed
native	20	npm	174.86526	passed
pvisor-host	20	metadata	5.106239	passed
pvisor-host	20	read	32.382964	passed
pvisor-host	20	write	3.791476	passed
pvisor-host	20	git	15.284394	passed
pvisor-host	20	rg	10.123503	passed
pvisor-host	20	cargo	55.896615	passed
pvisor-host	20	npm	173.341846	passed
native	21	metadata	4.552566	passed
native	21	read	33.10393	passed
native	21	write	3.914285	passed
native	21	git	16.738187	passed
native	21	rg	9.535245	passed
native	21	cargo	60.575307	passed
native	21	npm	177.031873	passed
pvisor-host	21	metadata	4.729686	passed
pvisor-host	21	read	32.157213	passed
pvisor-host	21	write	3.881594	passed
pvisor-host	21	git	15.072649	passed
pvisor-host	21	rg	7.421571	passed
pvisor-host	21	cargo	53.681431	passed
pvisor-host	21	npm	177.37875	passed
pvisor-staged	21	metadata	78.93975	passed
pvisor-staged	21	read	67.132545	passed
pvisor-staged	21	write	218.167862	passed
pvisor-staged	21	git	175.070472	passed
pvisor-staged	21	rg	93.156141	passed
pvisor-staged	21	cargo	118.355669	passed
pvisor-staged	21	npm	266.080718	passed
pvisor-fuse	21	metadata	20.00837	passed
pvisor-fuse	21	read	38.920405	passed
pvisor-fuse	21	write	12.99401	passed
pvisor-fuse	21	git	39.062229	passed
pvisor-fuse	21	rg	28.034609	passed
pvisor-fuse	21	cargo	74.565186	passed
pvisor-fuse	21	npm	181.404282	passed
pvisor-fuse	22	metadata	21.433229	passed
pvisor-fuse	22	read	41.169552	passed
pvisor-fuse	22	write	12.27069	passed
pvisor-fuse	22	git	41.897811	passed
pvisor-fuse	22	rg	29.02661	passed
pvisor-fuse	22	cargo	72.942608	passed
pvisor-fuse	22	npm	182.149223	passed
pvisor-staged	22	metadata	77.817856	passed
pvisor-staged	22	read	69.148568	passed
pvisor-staged	22	write	206.912597	passed
pvisor-staged	22	git	177.968961	passed
pvisor-staged	22	rg	88.589708	passed
pvisor-staged	22	cargo	116.471904	passed
pvisor-staged	22	npm	263.847129	passed
pvisor-host	22	metadata	5.084359	passed
pvisor-host	22	read	32.15552	passed
pvisor-host	22	write	4.035071	passed
pvisor-host	22	git	14.890228	passed
pvisor-host	22	rg	7.016304	passed
pvisor-host	22	cargo	54.450507	passed
pvisor-host	22	npm	175.430103	passed
native	22	metadata	4.51711	passed
native	22	read	33.719748	passed
native	22	write	4.443873	passed
native	22	git	14.757261	passed
native	22	rg	8.812386	passed
native	22	cargo	53.636127	passed
native	22	npm	175.183894	passed
pvisor-host	23	metadata	5.029827	passed
pvisor-host	23	read	33.189239	passed
pvisor-host	23	write	5.394337	passed
pvisor-host	23	git	13.183723	passed
pvisor-host	23	rg	7.870599	passed
pvisor-host	23	cargo	58.15436	passed
pvisor-host	23	npm	178.338481	passed
pvisor-staged	23	metadata	78.124298	passed
pvisor-staged	23	read	67.497176	passed
pvisor-staged	23	write	212.938913	passed
pvisor-staged	23	git	178.525279	passed
pvisor-staged	23	rg	92.413925	passed
pvisor-staged	23	cargo	112.83209	passed
pvisor-staged	23	npm	267.758229	passed
native	23	metadata	5.534389	passed
native	23	read	32.539626	passed
native	23	write	3.909987	passed
native	23	git	15.367409	passed
native	23	rg	9.271453	passed
native	23	cargo	56.519679	passed
native	23	npm	177.968921	passed
pvisor-fuse	23	metadata	21.226473	passed
pvisor-fuse	23	read	42.451545	passed
pvisor-fuse	23	write	14.149546	passed
pvisor-fuse	23	git	41.070988	passed
pvisor-fuse	23	rg	29.410747	passed
pvisor-fuse	23	cargo	78.979164	passed
pvisor-fuse	23	npm	201.721089	passed
pvisor-host	24	metadata	5.043683	passed
pvisor-host	24	read	31.893029	passed
pvisor-host	24	write	3.898265	passed
pvisor-host	24	git	15.497461	passed
pvisor-host	24	rg	6.803056	passed
pvisor-host	24	cargo	53.920979	passed
pvisor-host	24	npm	175.114965	passed
pvisor-fuse	24	metadata	24.681702	passed
pvisor-fuse	24	read	41.135588	passed
pvisor-fuse	24	write	11.93835	passed
pvisor-fuse	24	git	44.375736	passed
pvisor-fuse	24	rg	28.730477	passed
pvisor-fuse	24	cargo	71.988197	passed
pvisor-fuse	24	npm	177.781181	passed
native	24	metadata	4.985815	passed
native	24	read	33.696675	passed
native	24	write	4.071097	passed
native	24	git	14.044791	passed
native	24	rg	9.51148	passed
native	24	cargo	54.815689	passed
native	24	npm	175.978226	passed
pvisor-staged	24	metadata	78.281301	passed
pvisor-staged	24	read	69.440663	passed
pvisor-staged	24	write	202.338541	passed
pvisor-staged	24	git	169.804294	passed
pvisor-staged	24	rg	95.669722	passed
pvisor-staged	24	cargo	113.983289	passed
pvisor-staged	24	npm	266.328791	passed
native	25	metadata	5.10111	passed
native	25	read	32.111136	passed
native	25	write	4.160114	passed
native	25	git	14.956312	passed
native	25	rg	10.381675	passed
native	25	cargo	58.318515	passed
native	25	npm	177.221716	passed
pvisor-staged	25	metadata	77.814711	passed
pvisor-staged	25	read	68.347473	passed
pvisor-staged	25	write	204.198892	passed
pvisor-staged	25	git	172.18135	passed
pvisor-staged	25	rg	91.06051	passed
pvisor-staged	25	cargo	114.799192	passed
pvisor-staged	25	npm	270.80796	passed
pvisor-host	25	metadata	4.738694	passed
pvisor-host	25	read	32.521893	passed
pvisor-host	25	write	4.474741	passed
pvisor-host	25	git	15.92519	passed
pvisor-host	25	rg	10.228088	passed
pvisor-host	25	cargo	57.710501	passed
pvisor-host	25	npm	182.929729	passed
pvisor-fuse	25	metadata	23.440366	passed
pvisor-fuse	25	read	39.227027	passed
pvisor-fuse	25	write	12.495039	passed
pvisor-fuse	25	git	37.193652	passed
pvisor-fuse	25	rg	28.165483	passed
pvisor-fuse	25	cargo	76.043715	passed
pvisor-fuse	25	npm	179.46912	passed
pvisor-host	26	metadata	5.059352	passed
pvisor-host	26	read	31.799535	passed
pvisor-host	26	write	4.547797	passed
pvisor-host	26	git	15.570478	passed
pvisor-host	26	rg	7.597228	passed
pvisor-host	26	cargo	58.243806	passed
pvisor-host	26	npm	176.972532	passed
native	26	metadata	4.989682	passed
native	26	read	32.686611	passed
native	26	write	4.776033	passed
native	26	git	15.160994	passed
native	26	rg	8.389897	passed
native	26	cargo	59.634652	passed
native	26	npm	179.670086	passed
pvisor-staged	26	metadata	77.495524	passed
pvisor-staged	26	read	68.947071	passed
pvisor-staged	26	write	210.035956	passed
pvisor-staged	26	git	169.767726	passed
pvisor-staged	26	rg	89.682067	passed
pvisor-staged	26	cargo	113.283844	passed
pvisor-staged	26	npm	264.877794	passed
pvisor-fuse	26	metadata	21.87825	passed
pvisor-fuse	26	read	39.733401	passed
pvisor-fuse	26	write	12.175904	passed
pvisor-fuse	26	git	40.352627	passed
pvisor-fuse	26	rg	27.372875	passed
pvisor-fuse	26	cargo	71.11638	passed
pvisor-fuse	26	npm	183.488061	passed
pvisor-staged	27	metadata	79.241293	passed
pvisor-staged	27	read	68.559127	passed
pvisor-staged	27	write	204.95323	passed
pvisor-staged	27	git	172.898378	passed
pvisor-staged	27	rg	90.368399	passed
pvisor-staged	27	cargo	132.384009	passed
pvisor-staged	27	npm	290.909204	passed
pvisor-host	27	metadata	4.931494	passed
pvisor-host	27	read	32.201095	passed
pvisor-host	27	write	5.142457	passed
pvisor-host	27	git	14.11391	passed
pvisor-host	27	rg	6.884658	passed
pvisor-host	27	cargo	55.546944	passed
pvisor-host	27	npm	171.905145	passed
pvisor-fuse	27	metadata	22.829154	passed
pvisor-fuse	27	read	38.179933	passed
pvisor-fuse	27	write	12.209626	passed
pvisor-fuse	27	git	40.678396	passed
pvisor-fuse	27	rg	27.144338	passed
pvisor-fuse	27	cargo	72.143947	passed
pvisor-fuse	27	npm	178.131485	passed
native	27	metadata	4.992207	passed
native	27	read	45.429963	passed
native	27	write	4.50631	passed
native	27	git	15.068571	passed
native	27	rg	9.498596	passed
native	27	cargo	57.129607	passed
native	27	npm	179.129406	passed
native	28	metadata	4.86565	passed
native	28	read	50.464779	passed
native	28	write	4.372149	passed
native	28	git	14.758563	passed
native	28	rg	9.550724	passed
native	28	cargo	55.409788	passed
native	28	npm	182.057141	passed
pvisor-fuse	28	metadata	19.981721	passed
pvisor-fuse	28	read	39.907988	passed
pvisor-fuse	28	write	13.782972	passed
pvisor-fuse	28	git	39.726148	passed
pvisor-fuse	28	rg	29.138109	passed
pvisor-fuse	28	cargo	72.104774	passed
pvisor-fuse	28	npm	182.124927	passed
pvisor-staged	28	metadata	78.337296	passed
pvisor-staged	28	read	82.287778	passed
pvisor-staged	28	write	207.728078	passed
pvisor-staged	28	git	171.625343	passed
pvisor-staged	28	rg	89.981657	passed
pvisor-staged	28	cargo	135.998675	passed
pvisor-staged	28	npm	286.513291	passed
pvisor-host	28	metadata	4.88714	passed
pvisor-host	28	read	32.034854	passed
pvisor-host	28	write	4.874778	passed
pvisor-host	28	git	15.266049	passed
pvisor-host	28	rg	7.454652	passed
pvisor-host	28	cargo	62.739727	passed
pvisor-host	28	npm	174.440827	passed
pvisor-host	29	metadata	4.722223	passed
pvisor-host	29	read	32.753206	passed
pvisor-host	29	write	3.95999	passed
pvisor-host	29	git	15.402485	passed
pvisor-host	29	rg	6.98715	passed
pvisor-host	29	cargo	56.937719	passed
pvisor-host	29	npm	176.460536	passed
native	29	metadata	4.692367	passed
native	29	read	32.801405	passed
native	29	write	3.640444	passed
native	29	git	15.180991	passed
native	29	rg	7.320953	passed
native	29	cargo	55.921783	passed
native	29	npm	175.822366	passed
pvisor-staged	29	metadata	78.676758	passed
pvisor-staged	29	read	68.645329	passed
pvisor-staged	29	write	205.193318	passed
pvisor-staged	29	git	171.432042	passed
pvisor-staged	29	rg	89.785751	passed
pvisor-staged	29	cargo	119.815634	passed
pvisor-staged	29	npm	265.753067	passed
pvisor-fuse	29	metadata	22.977562	passed
pvisor-fuse	29	read	40.70777	passed
pvisor-fuse	29	write	12.145897	passed
pvisor-fuse	29	git	42.064783	passed
pvisor-fuse	29	rg	27.589518	passed
pvisor-fuse	29	cargo	72.240578	passed
pvisor-fuse	29	npm	182.707955	passed
