backend	operation	n	p50_ms	p95_ms	p99_ms
native	metadata	30	4.880924	5.66876265	6.398693780000001
native	read	30	32.826121	41.72319060000001	49.004682360000004
native	write	30	4.1156055	4.784516850000001	5.26010658
native	git	30	14.99267	16.196181250000002	16.65896799
native	rg	30	8.387808499999998	10.28037055	11.383436720000002
native	cargo	30	56.9947105	60.42273765	62.49629649
native	npm	30	176.9940575	185.97360255	193.77919249
native	completion_ms	30	471.252472	493.51045750000003	511.41084917
pvisor-host	metadata	30	4.877923	5.15560535	5.2492112099999995
pvisor-host	read	30	32.178247	33.00771695	33.14142728
pvisor-host	write	30	4.070511	5.02200145	5.321291800000001
pvisor-host	git	30	15.119035499999999	16.1470348	16.51217122
pvisor-host	rg	30	7.6965935	10.181024749999999	10.29968298
pvisor-host	cargo	30	57.3632525	62.2937365	64.46544945000001
pvisor-host	npm	30	177.17564099999998	181.97253245000002	182.65275522000002
pvisor-host	completion_ms	30	490.800908	506.75897045000005	526.6701936
pvisor-fuse	metadata	30	22.041644499999997	23.9237379	24.488918700000003
pvisor-fuse	read	30	39.1729905	41.835839050000004	42.431082020000005
pvisor-fuse	write	30	12.517445500000001	13.9845877	14.53987986
pvisor-fuse	git	30	40.4941265	43.33580715000001	46.65618003
pvisor-fuse	rg	30	28.069795	29.087934450000002	29.33168198
pvisor-fuse	cargo	30	73.560471	80.13484105	81.48644187000001
pvisor-fuse	npm	30	182.283664	187.76997785	198.12123577
pvisor-fuse	completion_ms	30	603.8067485	629.0795273	638.9206057
pvisor-staged	metadata	30	78.0585655	81.42099569999999	83.5962655
pvisor-staged	read	30	68.5621725	76.4257342	81.19921225
pvisor-staged	write	30	206.398187	217.93428935	218.12995784
pvisor-staged	git	30	173.484447	182.17498005	186.83001059000003
pvisor-staged	rg	30	91.3824655	94.40327085000001	95.33437237999999
pvisor-staged	cargo	30	117.27945600000001	134.3720753	216.6100351700001
pvisor-staged	npm	30	268.45905700000003	282.46599775	289.63438923
pvisor-staged	completion_ms	30	1328.4965725000002	1376.5500269	1432.4604941000002
