source	source_sha256	target	target_sha256	semantic_sha256	source_bytes	target_bytes	rows
cluster-scalability-20261005/controller-history-1000.json	0cbe7a6ffa5e8f24f2d9a579c766d9f1bc38ee00ba936ece0987355f0a16d33b	cluster-scalability-20261005/controller-history-1000.tsv	aaeba96dbf304493ecbe74d0caed87b8c784a2bc0d730a0ce0ea234cbaf9299a	938372daa071cef070e3cb90a741847df0b859a3e24ff47bd266ed05b8717cdb	4239	6977	114
cluster-scalability-20261005/controller-history-10000.json	3b02659bb49ef704ac982ab3c2a9e2834d41f1de70301527154669d4af4ec51a	cluster-scalability-20261005/controller-history-10000.tsv	5964f150b84c35207bf802152d8c9f16c4d5c485f404838d0897be79ca2c461c	f678b2776c9d539aee374d447ffacb1e4fa1bc6cf706fa93aed56582b890f50f	4295	7033	114
cluster-scalability-20261005/controller-history-100000.json	a0f3b9018b595bc84c42302e222debe71f7bf62384a165d2a976143ca10136fe	cluster-scalability-20261005/controller-history-100000.tsv	ed6ae15d71a77dc7ca8c7e4f88c69e15b84b3f5ae328d3dacf9b69a987db91da	dff47eeb1743e77244c1d1966ed2c40ab1458edc1cc5c5d2c5b6b37188bc0c9e	4341	7079	114
cluster-scalability-20261005/controller-history-1000000.json	00ad80b7f2d79f8ef4c3b6ad4e3e4447cb08d9ef05accfacabfae3047f72b289	cluster-scalability-20261005/controller-history-1000000.tsv	e52507a9f85cef55330c024fb4a712a1fd7b41b6f0de40ab22e324b468e78073	36fefebb4d694b84ed9e5e95d5d71fde5034db37064de7573f6057d54f62400f	4364	7102	114
cluster-scalability-20261005/controller-provenance.json	b898e416a64b037fbf7cf2ac02d596a30b9e9b081a529a4e3f7f878fec77a989	cluster-scalability-20261005/controller-provenance.tsv	2fb3eb6b2afa25a9f8c386917477fbda6fd2d1fdfa23bc1c6a9e4ac970efead5	9bbc259786168e62ad47f2e0155712d7fb1b9e76df27b7dde08e1a16f052f89b	21449	26998	294
cluster-scalability-20261005/manifest.json	d97a483ed4cd9b2c331fc78e3d0fe2b7ab5b7d791e7fe0b2973d1932f769a203	cluster-scalability-20261005/manifest.tsv	a5592b2dd7fabed6d1b21e7e61bba864cafb6e39ea7723e0b8cb693318183602	8a57fc3c055dbcb9719c6deeba3d081c413ce1eedad948cfb509ddf168884936	3358	3721	44
cluster-scalability-20261005/setup-failure.json	3f772584b6e1f57081e37b22c7a2f17d6173ba81bd9d0492ba8be38611c76e16	cluster-scalability-20261005/setup-failure.tsv	5a7472965c55cf0ae042b96284e670c5c82906a3bcb142ba354aff24577462d8	54bab32468e92629c4ca49ae47c5e745b5d590f616b398f377d4fb26f8442963	8618	10695	133
cluster-scalability-20261005/vm.json	9e761521642a3a9aabea8f931761c3056c57f84ad01b722e53e1a685864e5208	cluster-scalability-20261005/vm.tsv	3c5ce142cf8af0527ef1998f6f17b761fc1616147b6a6fa8c6b4f88c99015fd1	a97413587285c8c727cd3407a692b1ce7e882bb543fbbebae4f194a16f4a0a7c	591488	1000350	17867
filesystem-ab-20261005/failed-output-report.json	f0334047d2c2ea2d9329ab9c14c5a3f2897a6a4d6657f17ec4b30f1ca0562cc1	filesystem-ab-20261005/failed-output-report.tsv	f27b528f9a780e8b91ce6b2acf3c4916630be0b2c62106213a489c899a44ad52	0bf9b487932ce8946eb2a384fac91b9b81b87178994a076e98839a15d3e43a35	12687	14287	146
filesystem-ab-20261005/manifest.json	6d688ef170f8366c7bbe817855d53f08912214b5d63c115be4c80559394f8247	filesystem-ab-20261005/manifest.tsv	b48cea94c42e68ae47a7ff7874bdf6d69406a47a160a0c579241d7996ef09940	f8297d7194eee8ca6640c7f4f68e9d2241718f2c55b80d0ca882b379b69fa2d6	1859	2431	42
filesystem-ab-20261005/profile-report.json	29f5c514efd97334dd0d2f86707e586db53dea068150fd19248a0dd867733f4b	filesystem-ab-20261005/profile-report.tsv	f678269976a1b8bb9f7354b6c3f5bc9ddbf878a9ae637f062388701770a19400	70640d9964301cad92eb278af6dc0e995faf64f861ca243de9b95dfe467adbe2	26639	38924	639
filesystem-ab-20261005/profiles.json	71f7e5173b91042abd31b50ed18d059d322ac555b3bc7e868040d60c012f0184	filesystem-ab-20261005/profiles.tsv	4d0d0d2e7febc211a4a7409ab85ca40d1e1987bcd60f7d3923b7cabeef150ff3	216bcfb67386d888191a0d7b4a80334f033651fd6e7ad8c0c5eb54d16104a184	93477	217438	3296
filesystem-ab-20261005/report.json	21c9057a712a92bf0bd0d3859ddeadabd0b4af1162c57daf10fa779588d74e32	filesystem-ab-20261005/report.tsv	917d86b088cb60c3b540208a6264ae1e581773401d30608ff461a658f7ea276a	ab1d32413ddf36af0584bb691fb3b5d7bd519922701c89b8ffb3d29fd449e736	359939	518942	9919
filesystem-ab-20261005/stdio-provenance.json	d51f77ae5ba7621d763f83c42d315c3928aff69d17cf2e172cda3343d2abe4cd	filesystem-ab-20261005/stdio-provenance.tsv	f56be5ed463f624c28e255134fd3b6b2a444468ad93e516776da443737041caf	f6f60e90e15ec3e4d8649d35bf49f186dd0743bd5e8a4afee89bb584a4cca283	1439	1503	16
filesystem-ab-20261005/summary.json	f54954c17dd4b5d5bf625adce78506c060e58d0ccdf22363cfa514247fda592b	filesystem-ab-20261005/summary.tsv	879f87a2050df923f4c67a37a2591dba63c169eb9a8ce224d48141101fff1d37	8fdea6aa443d22e164f616dbdba5af6224905df25bcc0c7f7d7ca8d50337afdb	10411	17858	264
filesystem-ab-20261005/validation.json	c2d38d025965d5a49eb022308c8e041c5e05dd7a1587c14c21dece9a13d73e1c	filesystem-ab-20261005/validation.tsv	478ec69c60019ffedfcce15a721280e5c86e339ed9d4dca62838ad28f34bd4b8	7bc3f4742694862872ad812af30e04f8f894e7d039ed430a652cd2d1061480f9	782	967	21
filesystem-kernel-20261005/failed-isolation-preflight.json	4e2a9579a6e36eadcaf36399f4f67dd5edd3cc1457027f9e659e23ea6d696679	filesystem-kernel-20261005/failed-isolation-preflight.tsv	10f97088ede50cf40762241de842a54a103d59b41549902f377c9ca90f805c9d	01268493f030dc882f159593a16d22c33eef0bc2e7bfda4e9bef944f9360e9c5	9942	11351	134
filesystem-kernel-20261005/full-historical.json	3aade64b65693f18b5912a4460dee79c2a4a855f78dd87bae9371eb472e5ab92	filesystem-kernel-20261005/full-historical.tsv	23f66c2bb5aed088e5c8bc88e60c89930f4900ab9a1eff98caad0344c12e7f29	151926f693c2281fd2326bb7baabda68eeee5cfb70995bf5161beb771820d6b1	362477	522159	9941
filesystem-kernel-20261005/full-same-source.json	bbcda256db2399fff6cd0aa62c52a72081b745d8d274dd0dad4484f37f44270c	filesystem-kernel-20261005/full-same-source.tsv	29d9ef10ba2f22bc7ba8d1cd9cda676c9fa7c028e49b7f1df582b413e015791b	c7c3cb8951d82c827f9a57604d5fce59e175eca7032baa79fddf8285cda9c434	359649	518776	9924
filesystem-kernel-20261005/historical-summary.json	47328f370127b1bdc8e5a2f3da621dda7cb3ae2f0b10e69b9db94484635dfd38	filesystem-kernel-20261005/historical-summary.tsv	b8ed9cbb04183cf4836cdb0aea81a652420a3d8255df62314dfa91d35f30b82d	e0559c3fd9bd5d58f6e4b260a2726caaf8b94c9737050153b46d8e0de1c85ccc	19605	27929	340
filesystem-kernel-20261005/kernel-probe-initial-failure.json	1895b788ac6add2f708c4c7863ac7b18869e890d4f670116adc388a563ba19a0	filesystem-kernel-20261005/kernel-probe-initial-failure.tsv	2518556928c37d55da1368e5f2082ad10b441de87c76662fcbc6fac01407046b	f00759612f5e7e0d2d838896ef27537341a1d7afed6f7c5a1c9f0bf24a5f8993	5238	6874	155
filesystem-kernel-20261005/kernel-probe-intermediate.json	4907a91315e10dd0b9cdea068767dced9bac483e47efa8e6b8b5e77fef59771b	filesystem-kernel-20261005/kernel-probe-intermediate.tsv	97b9a2a312800c2817855ef41079489294b626f54b0186af2938d91dcdd0700c	d5348f21ee1fb6f3dee7892cc4e2e5e6293d78a7cf1160a584d2831478335e98	22563	30267	682
filesystem-kernel-20261005/kernel-probe.json	a479af2056923edacf31320b477ec085cf8bbdd62a113c99ac54d1bacbb532ee	filesystem-kernel-20261005/kernel-probe.tsv	0e3b02b10c2f1463d919726686dda21f300c395b8c719a05d13d299b7b008e32	120de7d42ab4d11082957dbd5fd9b07c060a63f760b3addb75a1f1e152da9336	22557	30261	682
filesystem-kernel-20261005/manifest.json	86acaea7729d8c3f0caa71a2af071194da7ad1cd78b26ba3111efd4195e14b10	filesystem-kernel-20261005/manifest.tsv	eaf96b9a0b34118782b5a56251e619f9787825617d5176af0e95232021779a82	959e6a90f2ccdc1e1bf8342415e0f39ac274bf9bba494f93abca99f3a5f61155	4713	5405	49
filesystem-kernel-20261005/micro-final.json	e6cc8ce898357ccf40c091546c51e2a940c39a2d2a0495b055617ceab1011898	filesystem-kernel-20261005/micro-final.tsv	ef6701906b2ab60e912b7e5341f1964ad108fad388b118396ae92b5a4a979a26	0aacaa265e9cbd674116b80286e5baaa9c0ec205ef7908934d802643aca0f1ad	80124	172710	2784
filesystem-kernel-20261005/micro-initial.json	6c70a41e4e89de1745f5df9bcba28767818a4c181b79495da3df64e74effc257	filesystem-kernel-20261005/micro-initial.tsv	143c7141933606ba6711a13378a7873b6ac1c7cfff32ea0e449971031f69bb83	6508df7d6490faff9ec31c02397a6e726fd3a84673c8f7eea539babcf2d888dd	81397	176977	2828
filesystem-kernel-20261005/process.json	fe1b33412c6d60511c48313307f9223ab55d42a9543ebd58d478e1bab35b4b67	filesystem-kernel-20261005/process.tsv	ea51ed03253dfcec18128b731fd09d67cefa0bfe4d000ef8b1c3418c8d27aec5	b3c7277cd804cdfcc35e6455d97f95159eda35a38c1d355d9e5fededb263845b	10454	15317	201
filesystem-kernel-20261005/profile-report.json	cb0e8a7c4a8f26381fbcc89e2f4b9f39e0b0d4c54472e7f468fdcf63badabf43	filesystem-kernel-20261005/profile-report.tsv	d1dbba309a3d522902177811b5dbc3320e3ea2bb5e85c95d9c116d289fb79d47	90529a45071e76d3c5494e8849c8430cacb36b07994a4c528029e8750fa1d20b	29273	41706	646
filesystem-kernel-20261005/profiles.json	2219015b5d9c97f1e01924e2da82845833be222fe5c54b1504f315cabfe006f7	filesystem-kernel-20261005/profiles.tsv	02e29686181683ba2145849ad5c4b0d4fc633c47e0895578111dcd8bf2475ef9	a5845f15b4ff0744b0d257b7bddc894e4310e52ca7a3d2ea57f5088283f65bed	91349	219107	3479
filesystem-kernel-20261005/provenance.json	254861a8fa84f4af37af8f3e718323dd635bd70815edcfd6ee9b2329dbddbd93	filesystem-kernel-20261005/provenance.tsv	f68be339874f176f7083d23707498bca0b572d5b9ef5beb602b30f47062a3465	9bf44d424e0cd33910c9ea23823b06fbfa25fcd3732eb676453fd4710d714087	1429	1555	15
filesystem-kernel-20261005/screen-final.json	c9249a725cb67565f366a0150ed27a10b4c1892bd45c85a7992671e9d94a17c9	filesystem-kernel-20261005/screen-final.tsv	35f07030c7b69303911278ee7c1b6fae9040a8cdb17b4acb3a304a89aa5b5f6b	4b077ea0c278386368fba266e7f99e7dbe50cf770669d7b184dea8ec363957b4	51459	73466	1284
filesystem-kernel-20261005/screen-pool-open.json	ffe7c2b117920c50ff6c9701ba4670d1181b30e6ee7c8570e199da27d86e2fe9	filesystem-kernel-20261005/screen-pool-open.tsv	b9cac7c2bd85aff9898bb5f0d3c2e907423b5c936c95a4ed14548b12c8850f4c	60642392c774060baca85039f76ad331f45fae4de8e14fc01cab74cb181c1d61	50220	72061	1278
filesystem-kernel-20261005/screen-readdirplus.json	6ab931a442ff983c338422e728f11eaf0788e9ed73f884920b367f3461686d7f	filesystem-kernel-20261005/screen-readdirplus.tsv	fbc37b8be6e88bfa7424b7b06abadba69650b790a52930b24fbab907056147c2	3d1b01035126090aee2abb9c537dde8a054b21fc117f505218b52fb5ce31ca32	50548	72374	1277
filesystem-kernel-20261005/screen-selected-initial.json	b4a17ddbb0185849b7c926c358c1ea3ca959c8b9628c8b08e6bf0a85fef642e0	filesystem-kernel-20261005/screen-selected-initial.tsv	3b135006bba1ecd0874c6e797641b8d84be4687088fd90114e87c79f6c2c9b4d	e286942d589285b8f7d29d3a3e1b4a3fb257e8cf5199f43858b2b61d0fe4ede8	51537	73544	1284
filesystem-kernel-20261005/screen-statx.json	9b4a2cff8f549be5ab0dd7c213e744a65ade751a92c13b8aed29ecf8519838cc	filesystem-kernel-20261005/screen-statx.tsv	c32c6b2fca2fda34a2f847a689c260e8882e5b72511d1a428daac38eeab317d9	f06ae1092c2347a085355cf273836f64c00ab93d72af428ab9ef3aee1262069a	50182	72008	1277
filesystem-kernel-20261005/summary.json	145e33a62301efbaff46ffe367899846d0b320012a996ff96bafa81804a7cdec	filesystem-kernel-20261005/summary.tsv	a86453eca050759d9d3fcfed720523ad3dc4bc07c992dc63007bf3183a5d29cb	abb03e6431d79497930fc78a0ea4d9a6db332028042eb9148704c5be30d4c53f	17527	25296	323
filesystem-kernel-20261005/validation.json	bc38c762003b2354e37d41bcf70cbb09b338cf665c83b44d803419185493e3e8	filesystem-kernel-20261005/validation.tsv	75c8a4f9fb421638df3cddbdc4fc9d45fddbdaef094e4488ed2f65acd7b424a0	f8673afb994dd75e9dbaf2fab77de1b11abb3c91e30a72bd3b8effa4f55d98ef	2291	2591	44
filesystem-optimizations-20261005/baseline-provenance.json	84311319791a2dc8da35012cdacc54ffbc4d4acd45b0eb234a877d121d4c9fa9	filesystem-optimizations-20261005/baseline-provenance.tsv	f8f4369ce5d1917b90ba80c02d42df25dedc7dd75f41199d1f5f955b60f8eb41	fa1f8c85a9aa21ac9e3dafd0de470bd941b44ff89bb904e152f2a7c3e1d804f1	2444	2471	4
filesystem-optimizations-20261005/build-provenance-v1.json	2409ec8d37dad1e7cdec36876a2a1ac421a07137df7b4f7e796b357217948beb	filesystem-optimizations-20261005/build-provenance-v1.tsv	9fc2527d34721e13ec11096d092c483fc4bcfab5a152a48bc6855f085ee010e3	49fbccbfe70ab1fc646d333303a0dd3c48e4748667c1020b12f4a5d025d47606	1465	1574	16
filesystem-optimizations-20261005/build-provenance-v2.json	9873c24412fd7515f76c8188ea5c50a96ccd586b37df12e363429b5ae6812df9	filesystem-optimizations-20261005/build-provenance-v2.tsv	9c48f4df015e0281251a0e6508b99b788d1cc2e73f51d2a1e96db202ea716b52	a247bf28d41bf5bdf74c1164eeabad62e3370f8d76cc9f1d37c54b475f0549cd	1531	1640	17
filesystem-optimizations-20261005/build-provenance-v3.json	1b10ea7558196897259e0a582295de7ad0a6026e53afa66cf4109dbb2f8f8483	filesystem-optimizations-20261005/build-provenance-v3.tsv	57eb28312a91c350ca8b646879dc2b1397fd4d4931ad4f26d50bfaf436d6ba84	0cc5997addf2843b99c5e871d2fb10de957498b5f6485bb60f5f7bd077da9f5f	1705	1814	18
filesystem-optimizations-20261005/code-v3-4g.json	08bdca44ff1ea11e0e9aadd1c235116b84e4a381f392792319542c6894ca73eb	filesystem-optimizations-20261005/code-v3-4g.tsv	7275d9e8b8f1ef2b3be33a9831c7a97cb6e8e28d5dacaec4851ad75e09d49e50	925822fd9a6cdc546e644a13b0287fe692bd4ac753dc7d0bfe15fb430f5d5c85	362632	521801	9929
filesystem-optimizations-20261005/historical-code-v1-16g.json	7c0032957fd946a48dd53e2a173cedb8d51052fc88018e2acd68b1ce48f77719	filesystem-optimizations-20261005/historical-code-v1-16g.tsv	30add4e4c658d66387aa423f504b499383c9514a605fdae9f9044073d94732ec	f94d06569ea77316f26a913baed4ec12727bcb3d8efe42f3fa10b976255aabd8	358834	517679	9911
filesystem-optimizations-20261005/historical-code-v2-4g.json	deeda857d1ae39b9bd9c92472c00c0b0b9fac65ef911581eece43460b1f010ec	filesystem-optimizations-20261005/historical-code-v2-4g.tsv	b0cbd3e46e59795f4538b8fa73653b889c1a09eb3d3756497c45bbeb3722f90d	43a3243cd28605a35e0aa4d40732b4bad8622f7a48ae879b0a25658ba69c8272	360440	519285	9911
filesystem-optimizations-20261005/historical-profile-v1-16g-failed.json	5f605344c6cbd05489c8602185d02fd2733db5883aa2e2bcc1f65750005af48a	filesystem-optimizations-20261005/historical-profile-v1-16g-failed.tsv	7f67c836f46256d28ff09d8623e6c245aa53474af474aae99ef430ae706cd919	a4f98d1293711914736bc4ab134224f97ba39c4520bc42e914f9d847e987833b	27586	35537	586
filesystem-optimizations-20261005/historical-profile-v2-4g.json	85d9df05ad705a8623fdd31d447367d3d0d470f9bb8b4d62f0a60c745a36bcd7	filesystem-optimizations-20261005/historical-profile-v2-4g.tsv	e52d17a70a6bd20803ed50a8fb05b2e4a678bbcfeed5b34e9611b55a735c929f	b3aeab024d9a7b6d5a105f442353b5c8adba9b8f06d524f0c1dcc5bc4263344e	361153	519998	9911
filesystem-optimizations-20261005/manifest.json	91a0329a2fd81db8a93c85e5d21317b43ddb03baed9441917aae0e2175268277	filesystem-optimizations-20261005/manifest.tsv	8c8db03d2c4877839d3ddd0ddffdf73a59e28dd5ea1c15a32bc43d534ed62fe5	b4f9ce0e8e43eb52dd63affae7bfca23beb9a8ebf02a687357aa2073b5684a02	2793	3130	43
filesystem-optimizations-20261005/profile-v3-4g.json	3ed7258779226ebb5da5c07803c9265d8df44dbfdc69cf97e6f47537afc9cc69	filesystem-optimizations-20261005/profile-v3-4g.tsv	7874e1f6853d396df6084023efc4172162f02cdeb5cbe6f959c3deb60b86e117	5f3ec5cdab9f529d572eb7aa64b003a4260387662bc3f45b5769a21ef8746d2b	363331	522500	9929
filesystem-optimizations-20261005/source-tree-hashes.json	d6bdf03d6eac397bb6281f100a96162d7e935eb158aea027fc4873b91f124a45	filesystem-optimizations-20261005/source-tree-hashes.tsv	34b1beba9e58485e512a6559d6fafeff33bf1d8ba850e397e7c48bc88989be6c	b2daf71afb56eb09b6ffa53f97e1e86f877905bc3fb20b27f1c29979ec91e528	340570	400539	2633
filesystem-optimizations-20261005/validation.json	67ca100dd29f8c89b704830548839e94062d39b29681d776bcbb6d838c2d30db	filesystem-optimizations-20261005/validation.tsv	6482281de313f7a9aa4932ab02a119b72c11511c56f37208edcd1a8a6d4bad60	e624862f4d68db480f0991850c86fc8dd879910f2023f8a823d6e3f5bbba3144	916	1054	21
filesystem-optimizations-20261005/vm-cases-v3.json	271a23f6125d456e8d1d796be08a19a7a347b170099758ee6cc339984c9b1d0d	filesystem-optimizations-20261005/vm-cases-v3.tsv	2dc07336aeda839419b42edf645740eebd2fd62e78ae5dd735ddd2d475c69695	731c21b22d68278f98d25455a82ffd93d669b99e62874de93dedd110da902b6f	1639	2193	71
filesystem-service-20261005/build-provenance-performance.json	abb5f6ac05c78f8d2be7e270f81edcbcc7c8ae7fea2e6e6783fc481513c80516	filesystem-service-20261005/build-provenance-performance.tsv	cb3749447fb8d9ea9545972db96ba8d0ee57daaebac25e291fe74e865240eede	404525d2847cc61ac6e3ddfa27c7b5f3a03b3eb2b98971506621be2f7c08f647	155082	181902	1146
filesystem-service-20261005/build-provenance-release.json	a798483ec24bdfacb4bb5b57fe23a7aeff1beea11da64bfe8acebf337e673c48	filesystem-service-20261005/build-provenance-release.tsv	56682beb83d4a8f82f2446d553af9400df936e690c8e347cc883d2274ba2a701	29187bc15bad4b4d1ab631a851dbacb531413adb1f7135d798cbba17101dbfa8	155074	181894	1146
filesystem-service-20261005/lazy-performance.json	db90b79537c6801d3fb1c331f59b2d29077ca9cf70c5fa62ef598da6132f59ee	filesystem-service-20261005/lazy-performance.tsv	de7653d0601387257081313c31bb00ef30cb96e8438da60fab657c6a3a925d7a	57e7f47aba01607bccd91fcbc683ba0f196a157d53d602e2e7307553754f0a7e	91807	119877	2624
filesystem-service-20261005/local-performance.json	0b0ee457cfeec2e8df1f6660573161d6cc0817983532f52bdb4ce7399323f324	filesystem-service-20261005/local-performance.tsv	09fd6c2c9f06664f01e5882ac5f803cd8776f0398527a1d6db1cb5ecd5ff8f40	a0516c253050ac19a5a2199d81938f6b1f5bfd33e294d4574e5ddd4b108fde43	521176	724019	11060
filesystem-service-20261005/local-release.json	788d7f06c82a4eb4fadc1f0f902552a176e9b28d7439b8b61867b2328b98bef0	filesystem-service-20261005/local-release.tsv	5dfa379ec707a6d8346e0a75d85c34d01cca7131602787b235b7ebf418e4561d	545386234cfa4fa287f28e8f95e9e6f32a927b44beb7adc5d52bdc7988327e1f	520150	722980	11059
filesystem-service-20261005/manifest.json	3af584afbde5bb005e3c346bcec71a6b86a0ef12c1edb4bb26f9ac5707b35e23	filesystem-service-20261005/manifest.tsv	b176288124d4418e299ca8c95c7d01dff07817b3fa36de953d60b76664bb4796	21076bad698beb9505685750808d4f0fff23810cc774c4341fdd6385b3fedede	4381	5417	67
filesystem-service-20261005/patch-binary-files.json	37517e5f3dc66819f61f5a7bb8ace1921282415f10551d2defa5c3eb0985b570	filesystem-service-20261005/patch-binary-files.tsv	d0433361c1068a17164955d8de7fc56e5a7f259ab9d192cfd147157295e9e384	4f53cda18c2baa0c0354bb5f9a3ecbe5ed12ab4d8e11ba873c2f11161202b945	3	25	1
filesystem-service-20261005/source-provenance.json	543550002ada960439c0eafbcbe558e94534b41eb097073e87ff01c927ebb693	filesystem-service-20261005/source-provenance.tsv	2f554dda71a26391fcaac960374a86b43e92e3244a04bd8825f11da063cd47a6	c6b6f098180404341df95bc17d342df1bd637a285ce3d5133389d4c2dd5d8a6a	150545	160241	1120
filesystem-service-20261005/summary.json	9a7f2e9a80d0f9d6e2e6fd07a49a3c7743cc75cacf41b12d46cc65acfe7a1b0a	filesystem-service-20261005/summary.tsv	1bcff278c950b5af1fac0cdc67f19efc4e85c49445849ce41d806d7cac91318a	0bea5dbd4fe6c070d6cf9f2af7e6a1bff66a8b5b7473d0d9d510f3dacf324bf2	16499	39328	481
full-ubuntu-20261004/assets.json	b554fa20244609b5cb829a579227d734c40a1d1a9bc770b6653ac1231e9ff4a5	full-ubuntu-20261004/assets.tsv	41acba123a4048e58597b0c4103182024c30feb4bfef8176b0bfe92db235dd61	3f6b6d3688907f8e3b9d069fa8f6b554250b07b253930c1b5a208689e7c6c725	2613	3098	33
full-ubuntu-20261004/binary-provenance.json	c46da05e38f6f8a0ccfa7f10a78fa7eaf4cc788fe6c1baeefe24af147668418b	full-ubuntu-20261004/binary-provenance.tsv	afbad3202c0f43aff0dbfa12b3cf009b611ed3346bbdab1bce73ffbc6e7d59de	59ca8552e62c9bd7744f523437084511476356716eb316301afdc86a86bcb931	432	455	5
full-ubuntu-20261004/diagnostics/ubuntu-clients-console-20261004/diagnostic-status.json	26f941dba856694af4078cd796428a59fa3b11118ae59166e5172004d5b14512	full-ubuntu-20261004/diagnostics/ubuntu-clients-console-20261004/diagnostic-status.tsv	aa3761c974459cda7f45e3437cd194f61f2ff175b5f171c6b3b7bb0d37260b7e	97e5f97f88e90920123d71763191c253e76ac5d599aa4cbb3b9ecab59d1dbcd9	217	240	3
full-ubuntu-20261004/diagnostics/ubuntu-clients-console-20261004/report.json	3a50fe34e9a98f075730c464057efc4ce37f20c4a66c0abdee95bb0aef3e3b6b	full-ubuntu-20261004/diagnostics/ubuntu-clients-console-20261004/report.tsv	9a672f4b844acff859a26b10f3a85818d13dd1a1588a60de1006066126fa1ddb	5d55966ff0917d3585ef851bc611141585aa739d955d354b6855f511b61543dd	17334	19503	251
full-ubuntu-20261004/diagnostics/ubuntu-workflows-mmio-20261004/diagnostic-status.json	b09ac18ee64e6b1abdaa89c33f69641d2ffcd099added179c395fbcb95882a31	full-ubuntu-20261004/diagnostics/ubuntu-workflows-mmio-20261004/diagnostic-status.tsv	c5e33e6d4bcc73829a7a7ddaf90616b30669adb52cb09fca36a9798f24584191	1e2fa334668a392b0ae654415b90459564c36d39b5b38260e8ba55e138867648	284	307	4
full-ubuntu-20261004/diagnostics/ubuntu-workflows-mmio-20261004/report.json	61383975c30c7eb9e49939be581d1c3df2f488b7972f3a4cf69f2187378936a0	full-ubuntu-20261004/diagnostics/ubuntu-workflows-mmio-20261004/report.tsv	819ca3b354fad5a888bcd4abe5ad811b27b644647e3a4a644c8a4c5c6e806a3d	b903dd02344113d7915c7cdd1cbea2e4cb58f2d09c7f7f0aea6b6391eba5f782	182712	242108	4702
full-ubuntu-20261004/fixture-inputs.json	9e51a41f852fc565d22e4f1cab2b8c51eeea1184207f457d5c2f2d7db70645a8	full-ubuntu-20261004/fixture-inputs.tsv	4817171663758a607a60ed4b49f5c9cae9aa5654be86b1726388a4aa77329de4	02eed55d34e33ba9c139636aa488061368bca9ec322c7f639a42ad760800b0e0	273188	292859	2735
full-ubuntu-20261004/manifest.json	85ed95c772c19c45f36c34ed2e7f7a3f48153b20aeb68b893b3fc7b98c6685d4	full-ubuntu-20261004/manifest.tsv	6141606630e0b9389e7b03ccb181205383129c09880fac33273405059e0849a3	905293ad3e86921a369d0e6af436803a1c21a2415e6508f68ae46e279f7f4347	11518	16801	131
full-ubuntu-20261004/partition-layout.json	2e0a22c1710c7f13d31b3a667c004934a32689f9f5e347539e23c51e5b8eacbc	full-ubuntu-20261004/partition-layout.tsv	f76a5846cda96679832619289201164fbf0e92f8a6b228565da505babea6a9a9	593652dc117b0989826ca768f9401e0cf6ab6bd10bcd08d51c5b0890def94420	1459	2164	35
full-ubuntu-20261004/provision-command-v2.json	c1c2371b0270d1fc55d5f5b972510f3993021df29c6defe5d95c7ba03688fac6	full-ubuntu-20261004/provision-command-v2.tsv	245cedc97ca86acf3ad8fe82790297d3b8f147a16d8032f689e017b59326d6ef	f20670f1dc6f5fffd9f59f1763bc77bdd6751f9bbe0cf2d5f78971050298ffdb	1200	1440	39
full-ubuntu-20261004/summary.json	d2e4a849623ff076d5805bde5cc680996828ada45046e43957771d403bc163f6	full-ubuntu-20261004/summary.tsv	3cfe166771b622141f69b7d88a513313fe8b37dc79c6b57dee5fdfe2961ac6bf	06dfede9d187820807bf4b91d5c1331fc250568d101f69eee9d64d65c773ed82	36937	82271	1447
full-ubuntu-20261004/ubuntu-clients-console-v2-20261004/report.json	7c521b2c5fad68cafe529821d8d28d98f42622105e773e9d621bef9ff9c0f838	full-ubuntu-20261004/ubuntu-clients-console-v2-20261004/report.tsv	450f666c863846bacd587f43370bbfbfa483a67e42d86d67d78a9212e20aa442	366f043be3a5f68a4ce6846f3b8a7719af999cd7823d399665f6585ab59d587f	35382	40263	641
full-ubuntu-20261004/ubuntu-clients-console-v2-20261004/summary.json	3b5ae64855048bf38fa2067403af9c158ae235f15bc5a801ab734a0f29bb0876	full-ubuntu-20261004/ubuntu-clients-console-v2-20261004/summary.tsv	f8cd1e031a8e70991c7e94cad9dc996faa88c95e1894aa29cc7265c42dfeaa6e	ff1d6e0305589cee4a295f17ebc40316a8bc62fd21ac4e6df9edd88af2edc9e3	2582	5924	101
full-ubuntu-20261004/ubuntu-ready-mmio-20261004/report.json	c7f2f1ce8426d833233255753687a9cbbcdf2030442bebe92147c30c7c0eb90a	full-ubuntu-20261004/ubuntu-ready-mmio-20261004/report.tsv	9b3b534c37b6f9f8ec98efd243a11c4c4085c955842ff8a00878d0340a660499	a078bc23c4fd7ed654faf03b9f7be93a44992e2cd80802ca7d03ad2fd1be27ba	128765	147913	2964
full-ubuntu-20261004/ubuntu-ready-mmio-20261004/summary.json	89d9a0d3ed1ad57f070e2321ecd069b4544f112704006d34f36990d8e7c14814	full-ubuntu-20261004/ubuntu-ready-mmio-20261004/summary.tsv	640d0de2c49ae1f82eefc04ad547b4b251d2c8b2369741f76370894123e90374	e50b5ce06084130358a46d89a2b35cad34deb5e71e83c84c640cf6052d2645a4	4800	11019	195
full-ubuntu-20261004/ubuntu-workflows-private-tmp-20261004/report.json	5b064c4cae285e984717dbe4815c17c1226fd4a604259cac13ccabf1363c64bd	full-ubuntu-20261004/ubuntu-workflows-private-tmp-20261004/report.tsv	1e9dacbb752f7b91380bb642122972c434a50ab824f1d814df60c68a65cefcbd	dc85e49c03f468978ba1d08f08f381dac628a716f40d4e9f4b76941193a6d87c	254217	328106	6476
full-ubuntu-20261004/ubuntu-workflows-private-tmp-20261004/summary.json	899fc03040bd20101d2ea742643a2ae4a5ff54b6d122b1c152017551c9d88e73	full-ubuntu-20261004/ubuntu-workflows-private-tmp-20261004/summary.tsv	902dd2f8bebb5af620cf6cb5c8184043b9476dea6a8683dd4f7fe658498005b3	47f8620c34d0a58de67a2f34360f60e7617f7f518531086c633364d4a0793ba3	32075	71217	1253
full-ubuntu-qemu-20261004/assets.json	4a1c2b1b1e76aeeb61d050f13340167ddf9e21f452abdcd3a4f1c9cfa8726267	full-ubuntu-qemu-20261004/assets.tsv	afb7be5807732d02000f572cdea7ce01d791346b05b53e63beb30acd08a41280	b8b80437421a28d5126c01d591d397d56e3dd3b9805f30e26ad4c9f0bfec649d	2876	3361	35
full-ubuntu-qemu-20261004/binary-provenance.json	c46da05e38f6f8a0ccfa7f10a78fa7eaf4cc788fe6c1baeefe24af147668418b	full-ubuntu-qemu-20261004/binary-provenance.tsv	afbad3202c0f43aff0dbfa12b3cf009b611ed3346bbdab1bce73ffbc6e7d59de	59ca8552e62c9bd7744f523437084511476356716eb316301afdc86a86bcb931	432	455	5
full-ubuntu-qemu-20261004/fixture-inputs.json	9e51a41f852fc565d22e4f1cab2b8c51eeea1184207f457d5c2f2d7db70645a8	full-ubuntu-qemu-20261004/fixture-inputs.tsv	4817171663758a607a60ed4b49f5c9cae9aa5654be86b1726388a4aa77329de4	02eed55d34e33ba9c139636aa488061368bca9ec322c7f639a42ad760800b0e0	273188	292859	2735
full-ubuntu-qemu-20261004/manifest.json	e69d4b6955006555d7f5755c263b71021b3261d277c516fc9914496d6d7e8613	full-ubuntu-qemu-20261004/manifest.tsv	13511e2747c557421462f5eb885aa5f2e334be8deee7af1ddaf74b427cc1760a	44887756a0ff79d716fa69df5932a81a29503123f8aff6b7f79735b6170504ed	12540	18909	160
full-ubuntu-qemu-20261004/partition-layout.json	2e0a22c1710c7f13d31b3a667c004934a32689f9f5e347539e23c51e5b8eacbc	full-ubuntu-qemu-20261004/partition-layout.tsv	f76a5846cda96679832619289201164fbf0e92f8a6b228565da505babea6a9a9	593652dc117b0989826ca768f9401e0cf6ab6bd10bcd08d51c5b0890def94420	1459	2164	35
full-ubuntu-qemu-20261004/provision-command-v2.json	c1c2371b0270d1fc55d5f5b972510f3993021df29c6defe5d95c7ba03688fac6	full-ubuntu-qemu-20261004/provision-command-v2.tsv	245cedc97ca86acf3ad8fe82790297d3b8f147a16d8032f689e017b59326d6ef	f20670f1dc6f5fffd9f59f1763bc77bdd6751f9bbe0cf2d5f78971050298ffdb	1200	1440	39
full-ubuntu-qemu-20261004/qemu-cpu-capabilities.json	050b56e3e4d92a49e249b1018faafbd9dc246d62ed8ab99ada8c98c37ac14a65	full-ubuntu-qemu-20261004/qemu-cpu-capabilities.tsv	00bcc4d4294e7eb1fc22b5419c2acab09d4eb3c0a9a6fbae1e96efb668fd3081	4cae82d2dd9aab67c8d34409e0d4c4ea06c12df3d31f37af235ccd469e85f73f	17986	30791	561
full-ubuntu-qemu-20261004/summary.json	84786a7ed454912481c4e321d5f3033921614cd5cc0986da42133133e424f37a	full-ubuntu-qemu-20261004/summary.tsv	24d66c678af6d4437a40b8c1857974bc986ba8518662ea4424be8e449ca605b4	bbfe6a9a978b80c02a737bf90f123cbdf44159bdd38acc1c8e042a5c4af0acac	49540	110044	1933
full-ubuntu-qemu-20261004/ubuntu-clients-console-v2-20261004/report.json	7c521b2c5fad68cafe529821d8d28d98f42622105e773e9d621bef9ff9c0f838	full-ubuntu-qemu-20261004/ubuntu-clients-console-v2-20261004/report.tsv	450f666c863846bacd587f43370bbfbfa483a67e42d86d67d78a9212e20aa442	366f043be3a5f68a4ce6846f3b8a7719af999cd7823d399665f6585ab59d587f	35382	40263	641
full-ubuntu-qemu-20261004/ubuntu-clients-console-v2-20261004/summary.json	3b5ae64855048bf38fa2067403af9c158ae235f15bc5a801ab734a0f29bb0876	full-ubuntu-qemu-20261004/ubuntu-clients-console-v2-20261004/summary.tsv	f8cd1e031a8e70991c7e94cad9dc996faa88c95e1894aa29cc7265c42dfeaa6e	ff1d6e0305589cee4a295f17ebc40316a8bc62fd21ac4e6df9edd88af2edc9e3	2582	5924	101
full-ubuntu-qemu-20261004/ubuntu-qemu-complete-20261004/report.json	ac0850824f887322a6c49e556def231bbe6dc264ae702d794121af7a841e6eb4	full-ubuntu-qemu-20261004/ubuntu-qemu-complete-20261004/report.tsv	67c1562566cd69b6a6355d498193e1f561a67b99dd47856689bf938d8d0dc3de	fe1754fca01846541c49fd295d7ff0b7e6dffbc39419bbafb3233854f5de7b50	119993	138795	2355
full-ubuntu-qemu-20261004/ubuntu-qemu-complete-20261004/summary.json	3a3c823d98b68e1f7a0e929a685938c100cd1d19e12a01c9c1e1c99f68c28aab	full-ubuntu-qemu-20261004/ubuntu-qemu-complete-20261004/summary.tsv	464a90b86622f435199fecdd229d704c0a8c79baf01f3e301e45bfd2f787bb77	675863df88a21c97143bcc8d5c3db94da380fba117b432154417b6e8315036c3	12606	27799	487
full-ubuntu-qemu-20261004/ubuntu-ready-mmio-20261004/report.json	c7f2f1ce8426d833233255753687a9cbbcdf2030442bebe92147c30c7c0eb90a	full-ubuntu-qemu-20261004/ubuntu-ready-mmio-20261004/report.tsv	9b3b534c37b6f9f8ec98efd243a11c4c4085c955842ff8a00878d0340a660499	a078bc23c4fd7ed654faf03b9f7be93a44992e2cd80802ca7d03ad2fd1be27ba	128765	147913	2964
full-ubuntu-qemu-20261004/ubuntu-ready-mmio-20261004/summary.json	89d9a0d3ed1ad57f070e2321ecd069b4544f112704006d34f36990d8e7c14814	full-ubuntu-qemu-20261004/ubuntu-ready-mmio-20261004/summary.tsv	640d0de2c49ae1f82eefc04ad547b4b251d2c8b2369741f76370894123e90374	e50b5ce06084130358a46d89a2b35cad34deb5e71e83c84c640cf6052d2645a4	4800	11019	195
full-ubuntu-qemu-20261004/ubuntu-workflows-private-tmp-20261004/report.json	5b064c4cae285e984717dbe4815c17c1226fd4a604259cac13ccabf1363c64bd	full-ubuntu-qemu-20261004/ubuntu-workflows-private-tmp-20261004/report.tsv	1e9dacbb752f7b91380bb642122972c434a50ab824f1d814df60c68a65cefcbd	dc85e49c03f468978ba1d08f08f381dac628a716f40d4e9f4b76941193a6d87c	254217	328106	6476
full-ubuntu-qemu-20261004/ubuntu-workflows-private-tmp-20261004/summary.json	899fc03040bd20101d2ea742643a2ae4a5ff54b6d122b1c152017551c9d88e73	full-ubuntu-qemu-20261004/ubuntu-workflows-private-tmp-20261004/summary.tsv	902dd2f8bebb5af620cf6cb5c8184043b9476dea6a8683dd4f7fe658498005b3	47f8620c34d0a58de67a2f34360f60e7617f7f518531086c633364d4a0793ba3	32075	71217	1253
overlay-resolution-20261005/samples.json	c88a022408bab37fd24554d57da1444975817022f2782b8b8cda1c512a2f92ff	overlay-resolution-20261005/samples.tsv	5a5dacdd04bc6ec0430fe700b6e174f2bea66d4d553c9e4b1c825ce19bbbe622	1cef4e453ace9b38e9b500201ca6639019d048531710e6acfe2ed81a60d87253	200176	425174	7795
overlay-resolution-20261005/summary.json	322e1f5c3b02bf4059e4bb458f737261b87759f4a4f722517be0201e23bde906	overlay-resolution-20261005/summary.tsv	22e471f4cdc8dc5396861473e56a2592d33ea9f8ea428299d82739b5e047a1d7	f5395371ac7e16f3c30dd678f52181ecd8bd807a3744d6217169924856e14ee0	4099	6597	107
product-v1-20261004/cargo-ready.json	d70149c5237c3a5d442aeda90872e328643bd629bd0a706bce9c1b6124277a01	product-v1-20261004/cargo-ready.tsv	47d9998f81fe3b9fe523677430faa60bec907ea38c742b3d9bdebe30450cb0e0	bbc99a4389936cfbafe7944b96939395876b0b65ec55b85df33fb31e0cc94c18	63174	73118	1596
product-v1-20261004/committed-verified.json	a1f2adb8b7104a1e97857d3aa7d267e6ba1d2135ea9ba5dfca22d009da0246a8	product-v1-20261004/committed-verified.tsv	f736b05d0604be90443e72ea28350e8b876c7005f8e0f52dbd86fb95f709f3fc	22f7b958c4e9c914bd672e1ffc6e565ec81e0820fc7647df09212d8358211814	10138	10954	109
product-v1-20261004/compatibility.json	5e9a5b0beb5ff9d1e59626416e9ad3e879e64b495df3e26d9caee000f290b53f	product-v1-20261004/compatibility.tsv	0efe1d036e747ed4cb4ae5694e9eb8d3e8b7b957c8179c3c4fbb8f6a0e1d04cf	6ed9268d83d9ca58ce0b0e0582934a72a0ae3f92d36326791b6ea59611e686f9	314863	376253	7721
product-v1-20261004/completion.json	8c421ba988b820359738c7026145666fbd5f709f3a9221abbddafe334a7b6169	product-v1-20261004/completion.tsv	7fdd383f045d6f353595ede5af69cd171344df6f2640b7984d919f71efe13946	a6da15bcbb36387f0b6144ec6cab6e3d8c23d5c4fea27bd479eef4dfca5deaeb	1040928	1181102	6336
product-v1-20261004/crash-verified.json	4de153b0b141f0579699bad26d4756184b37e71101a017566778abb337225aa2	product-v1-20261004/crash-verified.tsv	c18f0aa34f713131a4dac14cf1541f0a6d5302d8397ab95843d0cbd69062eecf	01278899860b209187de5d07ca29e1db69149c567ac7659dece09ba46acda47c	11472	12515	147
product-v1-20261004/density-shell.json	e8a96cc592cd200f950bcf38af4baefe3c54db537c3a0b5443151ffbb5d0e6aa	product-v1-20261004/density-shell.tsv	2bed7ac77d3e325723176396b2a6c8bbcd14da8788ed770ddb1eaa2aecfad66b	119bb598308931629850c85a145b1be2c97305f2b967ccb68c2e5cd74a1b68a0	70281	114492	2741
product-v1-20261004/final.json	a8f296fbb10783681798337383eaebf67bfc26a73404da741f6aa45fdb80d0fd	product-v1-20261004/final.tsv	9bb9f313ea60b0507bd1fa7a974c745ee8a59d8cc4c4ea674b7f99516be3f1a3	4244fa56f931a0214f4b245098692fe8068bf8167c992589553bac0c442cbe23	7266465	10198425	175611
product-v1-20261004/manifest.json	4b5f5a3ab535248bf1f853f5aaf91cd9f58f446853f517be64d957f80da1afbf	product-v1-20261004/manifest.tsv	f8034fa62d0b9f4bfde47b5b5fa4467ecd6ebbe480cdc08a2e710750f201b867	e6a39715c812a59e604d8bb4387b5dab8365a139790aa14ffe93b7b141bc5108	7623	8552	141
product-v1-20261004/network-oci.json	7480ca32d9c23fdb03cca5509f7545b6fb76df6c94b4d0cf08c6dc19cdf629d4	product-v1-20261004/network-oci.tsv	e3237599e6c2f17728df538efafdd03b63eb28e697a731cc9c58b44139ed71a5	695b252dfc4d6d23178ade3301013ca28c5b89eb00f6b440135c57fda9b21c51	5986982	8342284	143014
product-v1-20261004/supplement.json	d62f6b5569d4cfdbb2e921b0bf5ad5d1e2faa3821fabfd1fe9ea520844c5f860	product-v1-20261004/supplement.tsv	a542fd41faf80733959991f2705d1bc3c9a49d64f391d6106095e551cbef3a4a	6f9061ea098dcb0e9dc47d796d9d7d367792de018a78eddac49c48e47b91fcb4	82408	140377	3445
product-v1-20261004/supplement2.json	e0e0f65d706b13bd8593e4bb0fd8efe5d3bf6ca951b1c4d7065a0a5f72a11a2b	product-v1-20261004/supplement2.tsv	aaaa0e8408cae75bd3bc509c85b724b8f53931af69c2cf8b838d0dd7ac32a7e8	14cbc71f47670a5649af25b6c0c576af1322a07164842b25d09c50064ee4e577	16059	21778	485
product-v1-20261004/verified.json	1631ab221fcace243de76aaa110402df0c1b48beb5d06af482684ed56c0cdf91	product-v1-20261004/verified.tsv	9354ff0d5b15e5b541153f4e486563dc18ba18e5526d8cab3794e9bdebfdfc84	96180d46e612db0c1a53e51edb62fecc0901ca59b4533614dede55b7efa6d458	210636	249036	5646
reference-env-20261004/assets.json	ba852bc477ec885700d71413cfd9981313c4b94bf03a3b33ef9b2d4ba5f0c1a6	reference-env-20261004/assets.tsv	ee153a9ea350a2448226628de0e2b0b411b8b1557650540123461601fa53699c	fb3138562f812785c8394b61f32ed2f62a85593a25b76d9d3abd86eb4db23d10	1164	1195	16
reference-env-20261004/compatibility.json	66a23908eba7169d68d6625e639b9d6af4e68b9741db56900a31af25f29c1420	reference-env-20261004/compatibility.tsv	db52ca5ce5c02d945a6d9bb09474ee877ea1aee6077cffa998864615f3e0b660	9acf92083acc1c68fc2d960f873ec9945a99d14c75166ba6606624e6b22dc33d	3782	4573	98
reference-env-20261004/followups/reference-resources-20261004/docker-process-audit.json	e7b91be0f6d3eda546082538be0bd987903a48cbc7745907ab8bf070e209231f	reference-env-20261004/followups/reference-resources-20261004/docker-process-audit.tsv	899beff99271f468bb3931a3c75fa06cce081700d8f4c1438521bff5fffa5b4f	5dcbf68c780c2cf6d10a8f179f639bc90553c3a4f6aaf2434ef5b532fa2fb081	417	754	33
reference-env-20261004/followups/reference-resources-20261004/report.json	917ff552deaf2d14ee4804b922dc5c370428765dde496b5b5bd0b6c97e6c316e	reference-env-20261004/followups/reference-resources-20261004/report.tsv	dfb745c176065ec36f730a25ad6943ce146d4f14dc2beccbc97049c4cbd564a4	7a0464672b20adb31587d18c308bea67ce6e1b73ab6de6c35ee6241c8531b2df	80438	102773	2177
reference-env-20261004/followups/reference-resources-20261004/summary.json	10c5855b3c5a7ebb03ef12f4541b6cce4a144f9411d961277e9faaa8b586075f	reference-env-20261004/followups/reference-resources-20261004/summary.tsv	22e40358858567a11edb67df3b09a679cb7b9acb97676c66f936cf9b272e3102	e392cf73900d3f34aaa373ba1ed46068b183c14110ff18b6c275b8319b1e84a5	19551	35077	698
reference-env-20261004/followups/reference-startup-exit-20261004/report.json	ad9e7c1c4569abca254b035d773b1b598b1ae2cb6f3247ce659b87f687184cac	reference-env-20261004/followups/reference-startup-exit-20261004/report.tsv	98b81c7be14e449f1e92cd4a925b37e69f8327f758427dbd9d85c669bc3d9cbc	59e931a9f45d274763054560f2383fb00a11d75c934047f805da8d77cc663764	143883	169688	3857
reference-env-20261004/followups/reference-startup-exit-20261004/summary.json	7db7dd19f5b87fb0f9638b8a8f94bb5d315efd5975319d66158f1b9eb1b557f4	reference-env-20261004/followups/reference-startup-exit-20261004/summary.tsv	d22b3082e3de8740b52d51d0576f85f42482ff28a78f7da9978453624d69658b	2186312c244266b340363f72bcdf9a52d6aef3b008455b23bffbd43a1e365e21	7798	13956	298
reference-env-20261004/report.original.json	5c95c4f8731791c8ef67ef8b56f8690069297bf749074399db506a41823c2796	reference-env-20261004/report.original.tsv	40e26696f3b9947385e3b4f5c058dc81de4fd7f5c90ad12b7a19ff19805e129f	64216325217432e8bc6857ee40ad093b0284a8d99021ffb36e96dbc341fcdefa	1461633	1950734	40226
reference-env-20261004/report.json	bb050df058470805c00c49a7f81d57c0d127ff34c61e12ea6cd898ccbf08d268	reference-env-20261004/report.tsv	090abcab9593a0c52f8e0b27186db51f6d684f4501221045098e239b80e92804	7f3d09f78c152eaa376840fd29993fc8a57a820f321adf998388b7cac06c355d	1469617	1958718	40227
reference-env-20261004/summary.json	c45d6c3cf742cc6277a021ffa5030bcfba88025baa8538f25200dee38191dd4a	reference-env-20261004/summary.tsv	554513ff3eae12af3f452beb307382d5f11521a1e19703437efb86533b58c8dc	591327f09532cfe0b05241dd265a42185d5f5a2ed0de75685515ca86efdd6a4f	71079	129178	2551
reference-env-20261004/tool-identities.json	731d6c9afd04419823e11f06eb3bd51290564e4bab81b9847a55b3b0d3ef5fff	reference-env-20261004/tool-identities.tsv	b12961e23d288843f22202de53eb253d8359b4e93f5dce81b829793006f0b9c0	0c3c2168d1f42427f97ec26a51051a65bd44e759590c112b7e46eace0869d2cd	1386	1500	28
startup-20261003.json	d2c6310e93669103f951f399f071454835a590dca6747ebeff70e3cb61b422f9	startup-20261003.tsv	2ff14065523f42735bc537929b0cd48ba7584617c54031fbfdd55c58de98f3c0	802e33e31d9d935b98fe1a127046c52205fb1e5d7ac3080547c50f8699a4188c	1034422	1416013	32004
startup-linux-20261003.json	95b9a3e49de2231b4dfbd692f5d0aca492153bde840c43b6dcb778eea6a931c8	startup-linux-20261003.tsv	ff694b4b68b91ae4e2cb94df72e06cedc819ef5a4aeb4d45b075b53501dd4024	4e687ea915990f50cdbdf041714e98a55ed2244f43baef7f703b32f8b14629c8	209920	266442	6107
startup-p0-20261003-first.json	17590636286ecbe723fd0508a557d96ca8cda2adbbba02b26d9dbe7f6c9ec703	startup-p0-20261003-first.tsv	fb264c163bb0e64cc0ccb5fb558bce6ff7a8ae4693e4f3ea365bdd21ed992fcf	8d01ec2927c4793f97c5a2fc2ed6e1730afd91488215a438741ee4c613e48cf4	3822335	5099618	106449
startup-p0-20261003.json	b8fa7665159f2f4b893d4b5fa89f331def838460e066f6a68a89380153742450	startup-p0-20261003.tsv	07cf9b832499cc25b56c788116c40b6515107862bd16581fede89ab1d1bf1b1c	b7c4f3fca03410e87c414dd5771b3a1f5ee6a13c2277be192bc1062abf2cbd06	7625086	10204969	212349
vm-lifecycle-20261003/lifecycle.json	1703c9375153e9289ac187c53868540af687ae163fcd353bfb811ca052b9072d	vm-lifecycle-20261003/lifecycle.tsv	22cafd588d438577b0df2456bc7870e7bca54132684f713b93cf8e5519612066	23055f9f567c9a64f05b3f8265694201ae8063f259ac558418aaa9e0809ca5d1	119347	177905	3316
vm-lifecycle-20261003/snapshot.json	dbf087d14128aee6f9fff83e5c424eb8fb15319644af9d654b37070c450743eb	vm-lifecycle-20261003/snapshot.tsv	3dca195802807bc43c77f174d4342f4cbb48abaede7375a50ff1444a384ead4c	9072473a36fb39219bbf83e23a8f1b468f99609f21dc0bb19dc384b4d80cbc10	17665	21269	492
vm-lifecycle-20261003/validation.json	e8ead0f26bd3baa073c0a0acbf2bd659bab784ac0db84568def89bcb80ad3e44	vm-lifecycle-20261003/validation.tsv	f28f8dbb0611d4b559f899a509448c613f5ecc733db0f74ec4c9446a7fb33697	f3ce488bc3c8a2f85a9a43292f97a3e1fd7ca22e137f844974b7a870e0454db2	5824	7902	170
