source_document,section,source_conditions,table_context,row,metric,value
cluster-scalability.md,Main conclusions {#conclusions},"On a shared Linux host, 1/2/4 Workers each run one 1 vCPU / 128 MiB minimal-shell VM, marking ready then waiting six seconds. Each size has one warmup and five measured batches. Each Worker cgroup is capped at 512 MiB / 0.5 core; Controller at 256 MiB / 0.25 core. Total CPU grows with Worker count. Fixed debug binaries do not measure a release performance ceiling.

Readiness runs from submit CLI to guest marker, including API, durable records, scheduling and boot. Memory sums nonoverlapping service cgroups after all guests are ready; file memory can include guest RAM. Batch rate is N / total readiness waiting, not completed-Agent throughput. Separate release Controller microbenchmarks have one ready task and canceled history; counting N=20, RSS/replay one observation per size, excluding full Worker reconciliation.

Tables identify pinned artifacts and measurement dates. Failed or invalid samples are excluded from successful timings and counted separately. Existing measurements have no predefined host-interference filter; all slow valid samples are retained. P95 from 30 or fewer samples is descriptive only; no P99 or stable tail-latency claim is made.","**Valid-task throughput at a fixed total budget remains unmeasured, with no matching Kubernetes or Ray ranking.** Lightweight VM readiness and retained-history costs provide initial resource context.",Estimate basic environment occupancy,Selection implication,Use lightweight VM readiness data
cluster-scalability.md,Main conclusions {#conclusions},"On a shared Linux host, 1/2/4 Workers each run one 1 vCPU / 128 MiB minimal-shell VM, marking ready then waiting six seconds. Each size has one warmup and five measured batches. Each Worker cgroup is capped at 512 MiB / 0.5 core; Controller at 256 MiB / 0.25 core. Total CPU grows with Worker count. Fixed debug binaries do not measure a release performance ceiling.

Readiness runs from submit CLI to guest marker, including API, durable records, scheduling and boot. Memory sums nonoverlapping service cgroups after all guests are ready; file memory can include guest RAM. Batch rate is N / total readiness waiting, not completed-Agent throughput. Separate release Controller microbenchmarks have one ready task and canceled history; counting N=20, RSS/replay one observation per size, excluding full Worker reconciliation.

Tables identify pinned artifacts and measurement dates. Failed or invalid samples are excluded from successful timings and counted separately. Existing measurements have no predefined host-interference filter; all slow valid samples are retained. P95 from 30 or fewer samples is descriptive only; no P99 or stable tail-latency claim is made.","**Valid-task throughput at a fixed total budget remains unmeasured, with no matching Kubernetes or Ray ranking.** Lightweight VM readiness and retained-history costs provide initial resource context.",Plan valid-task throughput,Selection implication,Still needs real task-completion comparisons
cluster-scalability.md,Main conclusions {#conclusions},"On a shared Linux host, 1/2/4 Workers each run one 1 vCPU / 128 MiB minimal-shell VM, marking ready then waiting six seconds. Each size has one warmup and five measured batches. Each Worker cgroup is capped at 512 MiB / 0.5 core; Controller at 256 MiB / 0.25 core. Total CPU grows with Worker count. Fixed debug binaries do not measure a release performance ceiling.

Readiness runs from submit CLI to guest marker, including API, durable records, scheduling and boot. Memory sums nonoverlapping service cgroups after all guests are ready; file memory can include guest RAM. Batch rate is N / total readiness waiting, not completed-Agent throughput. Separate release Controller microbenchmarks have one ready task and canceled history; counting N=20, RSS/replay one observation per size, excluding full Worker reconciliation.

Tables identify pinned artifacts and measurement dates. Failed or invalid samples are excluded from successful timings and counted separately. Existing measurements have no predefined host-interference filter; all slow valid samples are retained. P95 from 30 or fewer samples is descriptive only; no P99 or stable tail-latency claim is made.","**Valid-task throughput at a fixed total budget remains unmeasured, with no matching Kubernetes or Ray ranking.** Lightweight VM readiness and retained-history costs provide initial resource context.",Retain substantial history,Selection implication,Budget memory and restart replay
cluster-scalability.md,Lightweight VM readiness and memory {#execution},"On a shared Linux host, 1/2/4 Workers each run one 1 vCPU / 128 MiB minimal-shell VM, marking ready then waiting six seconds. Each size has one warmup and five measured batches. Each Worker cgroup is capped at 512 MiB / 0.5 core; Controller at 256 MiB / 0.25 core. Total CPU grows with Worker count. Fixed debug binaries do not measure a release performance ceiling.

Readiness runs from submit CLI to guest marker, including API, durable records, scheduling and boot. Memory sums nonoverlapping service cgroups after all guests are ready; file memory can include guest RAM. Batch rate is N / total readiness waiting, not completed-Agent throughput. Separate release Controller microbenchmarks have one ready task and canceled history; counting N=20, RSS/replay one observation per size, excluding full Worker reconciliation.

Tables identify pinned artifacts and measurement dates. Failed or invalid samples are excluded from successful timings and counted separately. Existing measurements have no predefined host-interference filter; all slow valid samples are retained. P95 from 30 or fewer samples is descriptive only; no P99 or stable tail-latency claim is made.","2026-10-05, five batches per size; medians. Units are in the headers. Readiness is not a completed tool task.",1,Total memory P50,92.93 MiB
cluster-scalability.md,Lightweight VM readiness and memory {#execution},"On a shared Linux host, 1/2/4 Workers each run one 1 vCPU / 128 MiB minimal-shell VM, marking ready then waiting six seconds. Each size has one warmup and five measured batches. Each Worker cgroup is capped at 512 MiB / 0.5 core; Controller at 256 MiB / 0.25 core. Total CPU grows with Worker count. Fixed debug binaries do not measure a release performance ceiling.

Readiness runs from submit CLI to guest marker, including API, durable records, scheduling and boot. Memory sums nonoverlapping service cgroups after all guests are ready; file memory can include guest RAM. Batch rate is N / total readiness waiting, not completed-Agent throughput. Separate release Controller microbenchmarks have one ready task and canceled history; counting N=20, RSS/replay one observation per size, excluding full Worker reconciliation.

Tables identify pinned artifacts and measurement dates. Failed or invalid samples are excluded from successful timings and counted separately. Existing measurements have no predefined host-interference filter; all slow valid samples are retained. P95 from 30 or fewer samples is descriptive only; no P99 or stable tail-latency claim is made.","2026-10-05, five batches per size; medians. Units are in the headers. Readiness is not a completed tool task.",1,Per-VM readiness P50,3.807 s
cluster-scalability.md,Lightweight VM readiness and memory {#execution},"On a shared Linux host, 1/2/4 Workers each run one 1 vCPU / 128 MiB minimal-shell VM, marking ready then waiting six seconds. Each size has one warmup and five measured batches. Each Worker cgroup is capped at 512 MiB / 0.5 core; Controller at 256 MiB / 0.25 core. Total CPU grows with Worker count. Fixed debug binaries do not measure a release performance ceiling.

Readiness runs from submit CLI to guest marker, including API, durable records, scheduling and boot. Memory sums nonoverlapping service cgroups after all guests are ready; file memory can include guest RAM. Batch rate is N / total readiness waiting, not completed-Agent throughput. Separate release Controller microbenchmarks have one ready task and canceled history; counting N=20, RSS/replay one observation per size, excluding full Worker reconciliation.

Tables identify pinned artifacts and measurement dates. Failed or invalid samples are excluded from successful timings and counted separately. Existing measurements have no predefined host-interference filter; all slow valid samples are retained. P95 from 30 or fewer samples is descriptive only; no P99 or stable tail-latency claim is made.","2026-10-05, five batches per size; medians. Units are in the headers. Readiness is not a completed tool task.",1,Burst launch rate,0.261 guests/s
cluster-scalability.md,Lightweight VM readiness and memory {#execution},"On a shared Linux host, 1/2/4 Workers each run one 1 vCPU / 128 MiB minimal-shell VM, marking ready then waiting six seconds. Each size has one warmup and five measured batches. Each Worker cgroup is capped at 512 MiB / 0.5 core; Controller at 256 MiB / 0.25 core. Total CPU grows with Worker count. Fixed debug binaries do not measure a release performance ceiling.

Readiness runs from submit CLI to guest marker, including API, durable records, scheduling and boot. Memory sums nonoverlapping service cgroups after all guests are ready; file memory can include guest RAM. Batch rate is N / total readiness waiting, not completed-Agent throughput. Separate release Controller microbenchmarks have one ready task and canceled history; counting N=20, RSS/replay one observation per size, excluding full Worker reconciliation.

Tables identify pinned artifacts and measurement dates. Failed or invalid samples are excluded from successful timings and counted separately. Existing measurements have no predefined host-interference filter; all slow valid samples are retained. P95 from 30 or fewer samples is descriptive only; no P99 or stable tail-latency claim is made.","2026-10-05, five batches per size; medians. Units are in the headers. Readiness is not a completed tool task.",2,Total memory P50,178.00 MiB
cluster-scalability.md,Lightweight VM readiness and memory {#execution},"On a shared Linux host, 1/2/4 Workers each run one 1 vCPU / 128 MiB minimal-shell VM, marking ready then waiting six seconds. Each size has one warmup and five measured batches. Each Worker cgroup is capped at 512 MiB / 0.5 core; Controller at 256 MiB / 0.25 core. Total CPU grows with Worker count. Fixed debug binaries do not measure a release performance ceiling.

Readiness runs from submit CLI to guest marker, including API, durable records, scheduling and boot. Memory sums nonoverlapping service cgroups after all guests are ready; file memory can include guest RAM. Batch rate is N / total readiness waiting, not completed-Agent throughput. Separate release Controller microbenchmarks have one ready task and canceled history; counting N=20, RSS/replay one observation per size, excluding full Worker reconciliation.

Tables identify pinned artifacts and measurement dates. Failed or invalid samples are excluded from successful timings and counted separately. Existing measurements have no predefined host-interference filter; all slow valid samples are retained. P95 from 30 or fewer samples is descriptive only; no P99 or stable tail-latency claim is made.","2026-10-05, five batches per size; medians. Units are in the headers. Readiness is not a completed tool task.",2,Per-VM readiness P50,3.789 s
cluster-scalability.md,Lightweight VM readiness and memory {#execution},"On a shared Linux host, 1/2/4 Workers each run one 1 vCPU / 128 MiB minimal-shell VM, marking ready then waiting six seconds. Each size has one warmup and five measured batches. Each Worker cgroup is capped at 512 MiB / 0.5 core; Controller at 256 MiB / 0.25 core. Total CPU grows with Worker count. Fixed debug binaries do not measure a release performance ceiling.

Readiness runs from submit CLI to guest marker, including API, durable records, scheduling and boot. Memory sums nonoverlapping service cgroups after all guests are ready; file memory can include guest RAM. Batch rate is N / total readiness waiting, not completed-Agent throughput. Separate release Controller microbenchmarks have one ready task and canceled history; counting N=20, RSS/replay one observation per size, excluding full Worker reconciliation.

Tables identify pinned artifacts and measurement dates. Failed or invalid samples are excluded from successful timings and counted separately. Existing measurements have no predefined host-interference filter; all slow valid samples are retained. P95 from 30 or fewer samples is descriptive only; no P99 or stable tail-latency claim is made.","2026-10-05, five batches per size; medians. Units are in the headers. Readiness is not a completed tool task.",2,Burst launch rate,0.525 guests/s
cluster-scalability.md,Lightweight VM readiness and memory {#execution},"On a shared Linux host, 1/2/4 Workers each run one 1 vCPU / 128 MiB minimal-shell VM, marking ready then waiting six seconds. Each size has one warmup and five measured batches. Each Worker cgroup is capped at 512 MiB / 0.5 core; Controller at 256 MiB / 0.25 core. Total CPU grows with Worker count. Fixed debug binaries do not measure a release performance ceiling.

Readiness runs from submit CLI to guest marker, including API, durable records, scheduling and boot. Memory sums nonoverlapping service cgroups after all guests are ready; file memory can include guest RAM. Batch rate is N / total readiness waiting, not completed-Agent throughput. Separate release Controller microbenchmarks have one ready task and canceled history; counting N=20, RSS/replay one observation per size, excluding full Worker reconciliation.

Tables identify pinned artifacts and measurement dates. Failed or invalid samples are excluded from successful timings and counted separately. Existing measurements have no predefined host-interference filter; all slow valid samples are retained. P95 from 30 or fewer samples is descriptive only; no P99 or stable tail-latency claim is made.","2026-10-05, five batches per size; medians. Units are in the headers. Readiness is not a completed tool task.",4,Total memory P50,342.96 MiB
cluster-scalability.md,Lightweight VM readiness and memory {#execution},"On a shared Linux host, 1/2/4 Workers each run one 1 vCPU / 128 MiB minimal-shell VM, marking ready then waiting six seconds. Each size has one warmup and five measured batches. Each Worker cgroup is capped at 512 MiB / 0.5 core; Controller at 256 MiB / 0.25 core. Total CPU grows with Worker count. Fixed debug binaries do not measure a release performance ceiling.

Readiness runs from submit CLI to guest marker, including API, durable records, scheduling and boot. Memory sums nonoverlapping service cgroups after all guests are ready; file memory can include guest RAM. Batch rate is N / total readiness waiting, not completed-Agent throughput. Separate release Controller microbenchmarks have one ready task and canceled history; counting N=20, RSS/replay one observation per size, excluding full Worker reconciliation.

Tables identify pinned artifacts and measurement dates. Failed or invalid samples are excluded from successful timings and counted separately. Existing measurements have no predefined host-interference filter; all slow valid samples are retained. P95 from 30 or fewer samples is descriptive only; no P99 or stable tail-latency claim is made.","2026-10-05, five batches per size; medians. Units are in the headers. Readiness is not a completed tool task.",4,Per-VM readiness P50,4.383 s
cluster-scalability.md,Lightweight VM readiness and memory {#execution},"On a shared Linux host, 1/2/4 Workers each run one 1 vCPU / 128 MiB minimal-shell VM, marking ready then waiting six seconds. Each size has one warmup and five measured batches. Each Worker cgroup is capped at 512 MiB / 0.5 core; Controller at 256 MiB / 0.25 core. Total CPU grows with Worker count. Fixed debug binaries do not measure a release performance ceiling.

Readiness runs from submit CLI to guest marker, including API, durable records, scheduling and boot. Memory sums nonoverlapping service cgroups after all guests are ready; file memory can include guest RAM. Batch rate is N / total readiness waiting, not completed-Agent throughput. Separate release Controller microbenchmarks have one ready task and canceled history; counting N=20, RSS/replay one observation per size, excluding full Worker reconciliation.

Tables identify pinned artifacts and measurement dates. Failed or invalid samples are excluded from successful timings and counted separately. Existing measurements have no predefined host-interference filter; all slow valid samples are retained. P95 from 30 or fewer samples is descriptive only; no P99 or stable tail-latency claim is made.","2026-10-05, five batches per size; medians. Units are in the headers. Readiness is not a completed tool task.",4,Burst launch rate,0.901 guests/s
cluster-scalability.md,"Retained history: queries, memory and recovery {#controller}","On a shared Linux host, 1/2/4 Workers each run one 1 vCPU / 128 MiB minimal-shell VM, marking ready then waiting six seconds. Each size has one warmup and five measured batches. Each Worker cgroup is capped at 512 MiB / 0.5 core; Controller at 256 MiB / 0.25 core. Total CPU grows with Worker count. Fixed debug binaries do not measure a release performance ceiling.

Readiness runs from submit CLI to guest marker, including API, durable records, scheduling and boot. Memory sums nonoverlapping service cgroups after all guests are ready; file memory can include guest RAM. Batch rate is N / total readiness waiting, not completed-Agent throughput. Separate release Controller microbenchmarks have one ready task and canceled history; counting N=20, RSS/replay one observation per size, excluding full Worker reconciliation.

Tables identify pinned artifacts and measurement dates. Failed or invalid samples are excluded from successful timings and counted separately. Existing measurements have no predefined host-interference filter; all slow valid samples are retained. P95 from 30 or fewer samples is descriptive only; no P99 or stable tail-latency claim is made.",Total resources grow with Worker count. These readiness results do not establish throughput scaling at a fixed budget; matching task-completion comparisons with Kubernetes and Ray remain unmeasured.,"1,000",Indexed counts P50,202.83 ns
cluster-scalability.md,"Retained history: queries, memory and recovery {#controller}","On a shared Linux host, 1/2/4 Workers each run one 1 vCPU / 128 MiB minimal-shell VM, marking ready then waiting six seconds. Each size has one warmup and five measured batches. Each Worker cgroup is capped at 512 MiB / 0.5 core; Controller at 256 MiB / 0.25 core. Total CPU grows with Worker count. Fixed debug binaries do not measure a release performance ceiling.

Readiness runs from submit CLI to guest marker, including API, durable records, scheduling and boot. Memory sums nonoverlapping service cgroups after all guests are ready; file memory can include guest RAM. Batch rate is N / total readiness waiting, not completed-Agent throughput. Separate release Controller microbenchmarks have one ready task and canceled history; counting N=20, RSS/replay one observation per size, excluding full Worker reconciliation.

Tables identify pinned artifacts and measurement dates. Failed or invalid samples are excluded from successful timings and counted separately. Existing measurements have no predefined host-interference filter; all slow valid samples are retained. P95 from 30 or fewer samples is descriptive only; no P99 or stable tail-latency claim is made.",Total resources grow with Worker count. These readiness results do not establish throughput scaling at a fixed budget; matching task-completion comparisons with Kubernetes and Ray remain unmeasured.,"1,000",Process + ID fixture RSS,12.13 MiB
cluster-scalability.md,"Retained history: queries, memory and recovery {#controller}","On a shared Linux host, 1/2/4 Workers each run one 1 vCPU / 128 MiB minimal-shell VM, marking ready then waiting six seconds. Each size has one warmup and five measured batches. Each Worker cgroup is capped at 512 MiB / 0.5 core; Controller at 256 MiB / 0.25 core. Total CPU grows with Worker count. Fixed debug binaries do not measure a release performance ceiling.

Readiness runs from submit CLI to guest marker, including API, durable records, scheduling and boot. Memory sums nonoverlapping service cgroups after all guests are ready; file memory can include guest RAM. Batch rate is N / total readiness waiting, not completed-Agent throughput. Separate release Controller microbenchmarks have one ready task and canceled history; counting N=20, RSS/replay one observation per size, excluding full Worker reconciliation.

Tables identify pinned artifacts and measurement dates. Failed or invalid samples are excluded from successful timings and counted separately. Existing measurements have no predefined host-interference filter; all slow valid samples are retained. P95 from 30 or fewer samples is descriptive only; no P99 or stable tail-latency claim is made.",Total resources grow with Worker count. These readiness results do not establish throughput scaling at a fixed budget; matching task-completion comparisons with Kubernetes and Ray remain unmeasured.,"1,000",Intent/receipt journal,1.93 MiB
cluster-scalability.md,"Retained history: queries, memory and recovery {#controller}","On a shared Linux host, 1/2/4 Workers each run one 1 vCPU / 128 MiB minimal-shell VM, marking ready then waiting six seconds. Each size has one warmup and five measured batches. Each Worker cgroup is capped at 512 MiB / 0.5 core; Controller at 256 MiB / 0.25 core. Total CPU grows with Worker count. Fixed debug binaries do not measure a release performance ceiling.

Readiness runs from submit CLI to guest marker, including API, durable records, scheduling and boot. Memory sums nonoverlapping service cgroups after all guests are ready; file memory can include guest RAM. Batch rate is N / total readiness waiting, not completed-Agent throughput. Separate release Controller microbenchmarks have one ready task and canceled history; counting N=20, RSS/replay one observation per size, excluding full Worker reconciliation.

Tables identify pinned artifacts and measurement dates. Failed or invalid samples are excluded from successful timings and counted separately. Existing measurements have no predefined host-interference filter; all slow valid samples are retained. P95 from 30 or fewer samples is descriptive only; no P99 or stable tail-latency claim is made.",Total resources grow with Worker count. These readiness results do not establish throughput scaling at a fixed budget; matching task-completion comparisons with Kubernetes and Ray remain unmeasured.,"1,000",Warm replay,0.079 s
cluster-scalability.md,"Retained history: queries, memory and recovery {#controller}","On a shared Linux host, 1/2/4 Workers each run one 1 vCPU / 128 MiB minimal-shell VM, marking ready then waiting six seconds. Each size has one warmup and five measured batches. Each Worker cgroup is capped at 512 MiB / 0.5 core; Controller at 256 MiB / 0.25 core. Total CPU grows with Worker count. Fixed debug binaries do not measure a release performance ceiling.

Readiness runs from submit CLI to guest marker, including API, durable records, scheduling and boot. Memory sums nonoverlapping service cgroups after all guests are ready; file memory can include guest RAM. Batch rate is N / total readiness waiting, not completed-Agent throughput. Separate release Controller microbenchmarks have one ready task and canceled history; counting N=20, RSS/replay one observation per size, excluding full Worker reconciliation.

Tables identify pinned artifacts and measurement dates. Failed or invalid samples are excluded from successful timings and counted separately. Existing measurements have no predefined host-interference filter; all slow valid samples are retained. P95 from 30 or fewer samples is descriptive only; no P99 or stable tail-latency claim is made.",Total resources grow with Worker count. These readiness results do not establish throughput scaling at a fixed budget; matching task-completion comparisons with Kubernetes and Ray remain unmeasured.,"10,000",Indexed counts P50,286.78 ns
cluster-scalability.md,"Retained history: queries, memory and recovery {#controller}","On a shared Linux host, 1/2/4 Workers each run one 1 vCPU / 128 MiB minimal-shell VM, marking ready then waiting six seconds. Each size has one warmup and five measured batches. Each Worker cgroup is capped at 512 MiB / 0.5 core; Controller at 256 MiB / 0.25 core. Total CPU grows with Worker count. Fixed debug binaries do not measure a release performance ceiling.

Readiness runs from submit CLI to guest marker, including API, durable records, scheduling and boot. Memory sums nonoverlapping service cgroups after all guests are ready; file memory can include guest RAM. Batch rate is N / total readiness waiting, not completed-Agent throughput. Separate release Controller microbenchmarks have one ready task and canceled history; counting N=20, RSS/replay one observation per size, excluding full Worker reconciliation.

Tables identify pinned artifacts and measurement dates. Failed or invalid samples are excluded from successful timings and counted separately. Existing measurements have no predefined host-interference filter; all slow valid samples are retained. P95 from 30 or fewer samples is descriptive only; no P99 or stable tail-latency claim is made.",Total resources grow with Worker count. These readiness results do not establish throughput scaling at a fixed budget; matching task-completion comparisons with Kubernetes and Ray remain unmeasured.,"10,000",Process + ID fixture RSS,70.59 MiB
cluster-scalability.md,"Retained history: queries, memory and recovery {#controller}","On a shared Linux host, 1/2/4 Workers each run one 1 vCPU / 128 MiB minimal-shell VM, marking ready then waiting six seconds. Each size has one warmup and five measured batches. Each Worker cgroup is capped at 512 MiB / 0.5 core; Controller at 256 MiB / 0.25 core. Total CPU grows with Worker count. Fixed debug binaries do not measure a release performance ceiling.

Readiness runs from submit CLI to guest marker, including API, durable records, scheduling and boot. Memory sums nonoverlapping service cgroups after all guests are ready; file memory can include guest RAM. Batch rate is N / total readiness waiting, not completed-Agent throughput. Separate release Controller microbenchmarks have one ready task and canceled history; counting N=20, RSS/replay one observation per size, excluding full Worker reconciliation.

Tables identify pinned artifacts and measurement dates. Failed or invalid samples are excluded from successful timings and counted separately. Existing measurements have no predefined host-interference filter; all slow valid samples are retained. P95 from 30 or fewer samples is descriptive only; no P99 or stable tail-latency claim is made.",Total resources grow with Worker count. These readiness results do not establish throughput scaling at a fixed budget; matching task-completion comparisons with Kubernetes and Ray remain unmeasured.,"10,000",Intent/receipt journal,19.33 MiB
cluster-scalability.md,"Retained history: queries, memory and recovery {#controller}","On a shared Linux host, 1/2/4 Workers each run one 1 vCPU / 128 MiB minimal-shell VM, marking ready then waiting six seconds. Each size has one warmup and five measured batches. Each Worker cgroup is capped at 512 MiB / 0.5 core; Controller at 256 MiB / 0.25 core. Total CPU grows with Worker count. Fixed debug binaries do not measure a release performance ceiling.

Readiness runs from submit CLI to guest marker, including API, durable records, scheduling and boot. Memory sums nonoverlapping service cgroups after all guests are ready; file memory can include guest RAM. Batch rate is N / total readiness waiting, not completed-Agent throughput. Separate release Controller microbenchmarks have one ready task and canceled history; counting N=20, RSS/replay one observation per size, excluding full Worker reconciliation.

Tables identify pinned artifacts and measurement dates. Failed or invalid samples are excluded from successful timings and counted separately. Existing measurements have no predefined host-interference filter; all slow valid samples are retained. P95 from 30 or fewer samples is descriptive only; no P99 or stable tail-latency claim is made.",Total resources grow with Worker count. These readiness results do not establish throughput scaling at a fixed budget; matching task-completion comparisons with Kubernetes and Ray remain unmeasured.,"10,000",Warm replay,0.388 s
cluster-scalability.md,"Retained history: queries, memory and recovery {#controller}","On a shared Linux host, 1/2/4 Workers each run one 1 vCPU / 128 MiB minimal-shell VM, marking ready then waiting six seconds. Each size has one warmup and five measured batches. Each Worker cgroup is capped at 512 MiB / 0.5 core; Controller at 256 MiB / 0.25 core. Total CPU grows with Worker count. Fixed debug binaries do not measure a release performance ceiling.

Readiness runs from submit CLI to guest marker, including API, durable records, scheduling and boot. Memory sums nonoverlapping service cgroups after all guests are ready; file memory can include guest RAM. Batch rate is N / total readiness waiting, not completed-Agent throughput. Separate release Controller microbenchmarks have one ready task and canceled history; counting N=20, RSS/replay one observation per size, excluding full Worker reconciliation.

Tables identify pinned artifacts and measurement dates. Failed or invalid samples are excluded from successful timings and counted separately. Existing measurements have no predefined host-interference filter; all slow valid samples are retained. P95 from 30 or fewer samples is descriptive only; no P99 or stable tail-latency claim is made.",Total resources grow with Worker count. These readiness results do not establish throughput scaling at a fixed budget; matching task-completion comparisons with Kubernetes and Ray remain unmeasured.,"100,000",Indexed counts P50,129.40 ns
cluster-scalability.md,"Retained history: queries, memory and recovery {#controller}","On a shared Linux host, 1/2/4 Workers each run one 1 vCPU / 128 MiB minimal-shell VM, marking ready then waiting six seconds. Each size has one warmup and five measured batches. Each Worker cgroup is capped at 512 MiB / 0.5 core; Controller at 256 MiB / 0.25 core. Total CPU grows with Worker count. Fixed debug binaries do not measure a release performance ceiling.

Readiness runs from submit CLI to guest marker, including API, durable records, scheduling and boot. Memory sums nonoverlapping service cgroups after all guests are ready; file memory can include guest RAM. Batch rate is N / total readiness waiting, not completed-Agent throughput. Separate release Controller microbenchmarks have one ready task and canceled history; counting N=20, RSS/replay one observation per size, excluding full Worker reconciliation.

Tables identify pinned artifacts and measurement dates. Failed or invalid samples are excluded from successful timings and counted separately. Existing measurements have no predefined host-interference filter; all slow valid samples are retained. P95 from 30 or fewer samples is descriptive only; no P99 or stable tail-latency claim is made.",Total resources grow with Worker count. These readiness results do not establish throughput scaling at a fixed budget; matching task-completion comparisons with Kubernetes and Ray remain unmeasured.,"100,000",Process + ID fixture RSS,658.82 MiB
cluster-scalability.md,"Retained history: queries, memory and recovery {#controller}","On a shared Linux host, 1/2/4 Workers each run one 1 vCPU / 128 MiB minimal-shell VM, marking ready then waiting six seconds. Each size has one warmup and five measured batches. Each Worker cgroup is capped at 512 MiB / 0.5 core; Controller at 256 MiB / 0.25 core. Total CPU grows with Worker count. Fixed debug binaries do not measure a release performance ceiling.

Readiness runs from submit CLI to guest marker, including API, durable records, scheduling and boot. Memory sums nonoverlapping service cgroups after all guests are ready; file memory can include guest RAM. Batch rate is N / total readiness waiting, not completed-Agent throughput. Separate release Controller microbenchmarks have one ready task and canceled history; counting N=20, RSS/replay one observation per size, excluding full Worker reconciliation.

Tables identify pinned artifacts and measurement dates. Failed or invalid samples are excluded from successful timings and counted separately. Existing measurements have no predefined host-interference filter; all slow valid samples are retained. P95 from 30 or fewer samples is descriptive only; no P99 or stable tail-latency claim is made.",Total resources grow with Worker count. These readiness results do not establish throughput scaling at a fixed budget; matching task-completion comparisons with Kubernetes and Ray remain unmeasured.,"100,000",Intent/receipt journal,193.25 MiB
cluster-scalability.md,"Retained history: queries, memory and recovery {#controller}","On a shared Linux host, 1/2/4 Workers each run one 1 vCPU / 128 MiB minimal-shell VM, marking ready then waiting six seconds. Each size has one warmup and five measured batches. Each Worker cgroup is capped at 512 MiB / 0.5 core; Controller at 256 MiB / 0.25 core. Total CPU grows with Worker count. Fixed debug binaries do not measure a release performance ceiling.

Readiness runs from submit CLI to guest marker, including API, durable records, scheduling and boot. Memory sums nonoverlapping service cgroups after all guests are ready; file memory can include guest RAM. Batch rate is N / total readiness waiting, not completed-Agent throughput. Separate release Controller microbenchmarks have one ready task and canceled history; counting N=20, RSS/replay one observation per size, excluding full Worker reconciliation.

Tables identify pinned artifacts and measurement dates. Failed or invalid samples are excluded from successful timings and counted separately. Existing measurements have no predefined host-interference filter; all slow valid samples are retained. P95 from 30 or fewer samples is descriptive only; no P99 or stable tail-latency claim is made.",Total resources grow with Worker count. These readiness results do not establish throughput scaling at a fixed budget; matching task-completion comparisons with Kubernetes and Ray remain unmeasured.,"100,000",Warm replay,1.744 s
cluster-scalability.md,"Retained history: queries, memory and recovery {#controller}","On a shared Linux host, 1/2/4 Workers each run one 1 vCPU / 128 MiB minimal-shell VM, marking ready then waiting six seconds. Each size has one warmup and five measured batches. Each Worker cgroup is capped at 512 MiB / 0.5 core; Controller at 256 MiB / 0.25 core. Total CPU grows with Worker count. Fixed debug binaries do not measure a release performance ceiling.

Readiness runs from submit CLI to guest marker, including API, durable records, scheduling and boot. Memory sums nonoverlapping service cgroups after all guests are ready; file memory can include guest RAM. Batch rate is N / total readiness waiting, not completed-Agent throughput. Separate release Controller microbenchmarks have one ready task and canceled history; counting N=20, RSS/replay one observation per size, excluding full Worker reconciliation.

Tables identify pinned artifacts and measurement dates. Failed or invalid samples are excluded from successful timings and counted separately. Existing measurements have no predefined host-interference filter; all slow valid samples are retained. P95 from 30 or fewer samples is descriptive only; no P99 or stable tail-latency claim is made.",Total resources grow with Worker count. These readiness results do not establish throughput scaling at a fixed budget; matching task-completion comparisons with Kubernetes and Ray remain unmeasured.,"1,000,000",Indexed counts P50,169.47 ns
cluster-scalability.md,"Retained history: queries, memory and recovery {#controller}","On a shared Linux host, 1/2/4 Workers each run one 1 vCPU / 128 MiB minimal-shell VM, marking ready then waiting six seconds. Each size has one warmup and five measured batches. Each Worker cgroup is capped at 512 MiB / 0.5 core; Controller at 256 MiB / 0.25 core. Total CPU grows with Worker count. Fixed debug binaries do not measure a release performance ceiling.

Readiness runs from submit CLI to guest marker, including API, durable records, scheduling and boot. Memory sums nonoverlapping service cgroups after all guests are ready; file memory can include guest RAM. Batch rate is N / total readiness waiting, not completed-Agent throughput. Separate release Controller microbenchmarks have one ready task and canceled history; counting N=20, RSS/replay one observation per size, excluding full Worker reconciliation.

Tables identify pinned artifacts and measurement dates. Failed or invalid samples are excluded from successful timings and counted separately. Existing measurements have no predefined host-interference filter; all slow valid samples are retained. P95 from 30 or fewer samples is descriptive only; no P99 or stable tail-latency claim is made.",Total resources grow with Worker count. These readiness results do not establish throughput scaling at a fixed budget; matching task-completion comparisons with Kubernetes and Ray remain unmeasured.,"1,000,000",Process + ID fixture RSS,"6,540.58 MiB"
cluster-scalability.md,"Retained history: queries, memory and recovery {#controller}","On a shared Linux host, 1/2/4 Workers each run one 1 vCPU / 128 MiB minimal-shell VM, marking ready then waiting six seconds. Each size has one warmup and five measured batches. Each Worker cgroup is capped at 512 MiB / 0.5 core; Controller at 256 MiB / 0.25 core. Total CPU grows with Worker count. Fixed debug binaries do not measure a release performance ceiling.

Readiness runs from submit CLI to guest marker, including API, durable records, scheduling and boot. Memory sums nonoverlapping service cgroups after all guests are ready; file memory can include guest RAM. Batch rate is N / total readiness waiting, not completed-Agent throughput. Separate release Controller microbenchmarks have one ready task and canceled history; counting N=20, RSS/replay one observation per size, excluding full Worker reconciliation.

Tables identify pinned artifacts and measurement dates. Failed or invalid samples are excluded from successful timings and counted separately. Existing measurements have no predefined host-interference filter; all slow valid samples are retained. P95 from 30 or fewer samples is descriptive only; no P99 or stable tail-latency claim is made.",Total resources grow with Worker count. These readiness results do not establish throughput scaling at a fixed budget; matching task-completion comparisons with Kubernetes and Ray remain unmeasured.,"1,000,000",Intent/receipt journal,"1,932.55 MiB"
cluster-scalability.md,"Retained history: queries, memory and recovery {#controller}","On a shared Linux host, 1/2/4 Workers each run one 1 vCPU / 128 MiB minimal-shell VM, marking ready then waiting six seconds. Each size has one warmup and five measured batches. Each Worker cgroup is capped at 512 MiB / 0.5 core; Controller at 256 MiB / 0.25 core. Total CPU grows with Worker count. Fixed debug binaries do not measure a release performance ceiling.

Readiness runs from submit CLI to guest marker, including API, durable records, scheduling and boot. Memory sums nonoverlapping service cgroups after all guests are ready; file memory can include guest RAM. Batch rate is N / total readiness waiting, not completed-Agent throughput. Separate release Controller microbenchmarks have one ready task and canceled history; counting N=20, RSS/replay one observation per size, excluding full Worker reconciliation.

Tables identify pinned artifacts and measurement dates. Failed or invalid samples are excluded from successful timings and counted separately. Existing measurements have no predefined host-interference filter; all slow valid samples are retained. P95 from 30 or fewer samples is descriptive only; no P99 or stable tail-latency claim is made.",Total resources grow with Worker count. These readiness results do not establish throughput scaling at a fixed budget; matching task-completion comparisons with Kubernetes and Ray remain unmeasured.,"1,000,000",Warm replay,16.090 s
