workload,backend,control,metric,unit,n,difference_ms,ci95_low_ms,ci95_high_ms,conclusion,confidence_method,cohort,report_sha256,binary_sha256,source_manifest_sha256,cpu_affinity,memory_scope
small,host,native,job_wall_ms,ms,30,338.060633,337.1620565,348.2059245,candidate slower,"5000 paired-round bootstrap resamples, seed 20261006; percentile 95% CI",6net,a694f5930f7b49138d8e53b82e4e1a8c0ec0e494d489aee304220c8d50d6f9bc,f2cc7afd57efc7c029545744ad2d70c18c542bc29291e35f514cca75f364548a,9ef6773efe0c4ec03a18c2da8824194fb5c2f517e787ad08b437d0594a7a3cd3,"0,1",CPU controlled; memory not identically capped; local origin outside payload budget
small,host,native,worker_ms,ms,30,312.993865,308.1644217625,319.2759995,candidate slower,"5000 paired-round bootstrap resamples, seed 20261006; percentile 95% CI",6net,a694f5930f7b49138d8e53b82e4e1a8c0ec0e494d489aee304220c8d50d6f9bc,f2cc7afd57efc7c029545744ad2d70c18c542bc29291e35f514cca75f364548a,9ef6773efe0c4ec03a18c2da8824194fb5c2f517e787ad08b437d0594a7a3cd3,"0,1",CPU controlled; memory not identically capped; local origin outside payload budget
small,host,native,batch_median_request_ms,ms,30,9.396389,9.358636,9.447301825,candidate slower,"5000 paired-round bootstrap resamples, seed 20261006; percentile 95% CI",6net,a694f5930f7b49138d8e53b82e4e1a8c0ec0e494d489aee304220c8d50d6f9bc,f2cc7afd57efc7c029545744ad2d70c18c542bc29291e35f514cca75f364548a,9ef6773efe0c4ec03a18c2da8824194fb5c2f517e787ad08b437d0594a7a3cd3,"0,1",CPU controlled; memory not identically capped; local origin outside payload budget
small,vm,native,job_wall_ms,ms,30,499.55119550000006,498.4208050875,517.6868629999999,candidate slower,"5000 paired-round bootstrap resamples, seed 20261006; percentile 95% CI",6net,a694f5930f7b49138d8e53b82e4e1a8c0ec0e494d489aee304220c8d50d6f9bc,f2cc7afd57efc7c029545744ad2d70c18c542bc29291e35f514cca75f364548a,9ef6773efe0c4ec03a18c2da8824194fb5c2f517e787ad08b437d0594a7a3cd3,"0,1",CPU controlled; memory not identically capped; local origin outside payload budget
small,vm,native,worker_ms,ms,30,67.71120049999999,66.2279238375,69.835714,candidate slower,"5000 paired-round bootstrap resamples, seed 20261006; percentile 95% CI",6net,a694f5930f7b49138d8e53b82e4e1a8c0ec0e494d489aee304220c8d50d6f9bc,f2cc7afd57efc7c029545744ad2d70c18c542bc29291e35f514cca75f364548a,9ef6773efe0c4ec03a18c2da8824194fb5c2f517e787ad08b437d0594a7a3cd3,"0,1",CPU controlled; memory not identically capped; local origin outside payload budget
small,vm,native,batch_median_request_ms,ms,30,1.40344225,1.3734450812499999,1.4336768062500003,candidate slower,"5000 paired-round bootstrap resamples, seed 20261006; percentile 95% CI",6net,a694f5930f7b49138d8e53b82e4e1a8c0ec0e494d489aee304220c8d50d6f9bc,f2cc7afd57efc7c029545744ad2d70c18c542bc29291e35f514cca75f364548a,9ef6773efe0c4ec03a18c2da8824194fb5c2f517e787ad08b437d0594a7a3cd3,"0,1",CPU controlled; memory not identically capped; local origin outside payload budget
small,podman,native,job_wall_ms,ms,30,173.20388,171.077849,177.2794568875,candidate slower,"5000 paired-round bootstrap resamples, seed 20261006; percentile 95% CI",6net,a694f5930f7b49138d8e53b82e4e1a8c0ec0e494d489aee304220c8d50d6f9bc,f2cc7afd57efc7c029545744ad2d70c18c542bc29291e35f514cca75f364548a,9ef6773efe0c4ec03a18c2da8824194fb5c2f517e787ad08b437d0594a7a3cd3,"0,1",CPU controlled; memory not identically capped; local origin outside payload budget
small,podman,native,worker_ms,ms,30,7.296075999999999,6.675302587499998,8.059013999999998,candidate slower,"5000 paired-round bootstrap resamples, seed 20261006; percentile 95% CI",6net,a694f5930f7b49138d8e53b82e4e1a8c0ec0e494d489aee304220c8d50d6f9bc,f2cc7afd57efc7c029545744ad2d70c18c542bc29291e35f514cca75f364548a,9ef6773efe0c4ec03a18c2da8824194fb5c2f517e787ad08b437d0594a7a3cd3,"0,1",CPU controlled; memory not identically capped; local origin outside payload budget
small,podman,native,batch_median_request_ms,ms,30,0.012070000000000025,-0.000599006249999981,0.018709500000000157,no detected difference,"5000 paired-round bootstrap resamples, seed 20261006; percentile 95% CI",6net,a694f5930f7b49138d8e53b82e4e1a8c0ec0e494d489aee304220c8d50d6f9bc,f2cc7afd57efc7c029545744ad2d70c18c542bc29291e35f514cca75f364548a,9ef6773efe0c4ec03a18c2da8824194fb5c2f517e787ad08b437d0594a7a3cd3,"0,1",CPU controlled; memory not identically capped; local origin outside payload budget
small,container,native,job_wall_ms,ms,30,504.2389405,489.60583196249996,511.35340566249994,candidate slower,"5000 paired-round bootstrap resamples, seed 20261006; percentile 95% CI",6net,a694f5930f7b49138d8e53b82e4e1a8c0ec0e494d489aee304220c8d50d6f9bc,f2cc7afd57efc7c029545744ad2d70c18c542bc29291e35f514cca75f364548a,9ef6773efe0c4ec03a18c2da8824194fb5c2f517e787ad08b437d0594a7a3cd3,"0,1",CPU controlled; memory not identically capped; local origin outside payload budget
small,container,native,worker_ms,ms,30,322.149455,317.835333,329.16668128749996,candidate slower,"5000 paired-round bootstrap resamples, seed 20261006; percentile 95% CI",6net,a694f5930f7b49138d8e53b82e4e1a8c0ec0e494d489aee304220c8d50d6f9bc,f2cc7afd57efc7c029545744ad2d70c18c542bc29291e35f514cca75f364548a,9ef6773efe0c4ec03a18c2da8824194fb5c2f517e787ad08b437d0594a7a3cd3,"0,1",CPU controlled; memory not identically capped; local origin outside payload budget
small,container,native,batch_median_request_ms,ms,30,9.535624000000002,9.487151175,9.6106895,candidate slower,"5000 paired-round bootstrap resamples, seed 20261006; percentile 95% CI",6net,a694f5930f7b49138d8e53b82e4e1a8c0ec0e494d489aee304220c8d50d6f9bc,f2cc7afd57efc7c029545744ad2d70c18c542bc29291e35f514cca75f364548a,9ef6773efe0c4ec03a18c2da8824194fb5c2f517e787ad08b437d0594a7a3cd3,"0,1",CPU controlled; memory not identically capped; local origin outside payload budget
bulk,host,native,job_wall_ms,ms,30,25.143541,-10.347252499999996,47.1638705,no detected difference,"5000 paired-round bootstrap resamples, seed 20261006; percentile 95% CI",6net,a694f5930f7b49138d8e53b82e4e1a8c0ec0e494d489aee304220c8d50d6f9bc,f2cc7afd57efc7c029545744ad2d70c18c542bc29291e35f514cca75f364548a,9ef6773efe0c4ec03a18c2da8824194fb5c2f517e787ad08b437d0594a7a3cd3,"0,1",CPU controlled; memory not identically capped; local origin outside payload budget
bulk,host,native,worker_ms,ms,30,,,,separated distribution; inspect clusters,"5000 paired-round bootstrap resamples, seed 20261006; percentile 95% CI",6net,a694f5930f7b49138d8e53b82e4e1a8c0ec0e494d489aee304220c8d50d6f9bc,f2cc7afd57efc7c029545744ad2d70c18c542bc29291e35f514cca75f364548a,9ef6773efe0c4ec03a18c2da8824194fb5c2f517e787ad08b437d0594a7a3cd3,"0,1",CPU controlled; memory not identically capped; local origin outside payload budget
bulk,host,native,transfer_ms,ms,30,,,,separated distribution; inspect clusters,"5000 paired-round bootstrap resamples, seed 20261006; percentile 95% CI",6net,a694f5930f7b49138d8e53b82e4e1a8c0ec0e494d489aee304220c8d50d6f9bc,f2cc7afd57efc7c029545744ad2d70c18c542bc29291e35f514cca75f364548a,9ef6773efe0c4ec03a18c2da8824194fb5c2f517e787ad08b437d0594a7a3cd3,"0,1",CPU controlled; memory not identically capped; local origin outside payload budget
bulk,host,native,first_byte_ms,ms,30,3.1052985,3.0380769999999995,3.194014,candidate slower,"5000 paired-round bootstrap resamples, seed 20261006; percentile 95% CI",6net,a694f5930f7b49138d8e53b82e4e1a8c0ec0e494d489aee304220c8d50d6f9bc,f2cc7afd57efc7c029545744ad2d70c18c542bc29291e35f514cca75f364548a,9ef6773efe0c4ec03a18c2da8824194fb5c2f517e787ad08b437d0594a7a3cd3,"0,1",CPU controlled; memory not identically capped; local origin outside payload budget
bulk,vm,native,job_wall_ms,ms,30,580.9021574999999,544.438510725,600.9421844999999,candidate slower,"5000 paired-round bootstrap resamples, seed 20261006; percentile 95% CI",6net,a694f5930f7b49138d8e53b82e4e1a8c0ec0e494d489aee304220c8d50d6f9bc,f2cc7afd57efc7c029545744ad2d70c18c542bc29291e35f514cca75f364548a,9ef6773efe0c4ec03a18c2da8824194fb5c2f517e787ad08b437d0594a7a3cd3,"0,1",CPU controlled; memory not identically capped; local origin outside payload budget
bulk,vm,native,worker_ms,ms,30,,,,separated distribution; inspect clusters,"5000 paired-round bootstrap resamples, seed 20261006; percentile 95% CI",6net,a694f5930f7b49138d8e53b82e4e1a8c0ec0e494d489aee304220c8d50d6f9bc,f2cc7afd57efc7c029545744ad2d70c18c542bc29291e35f514cca75f364548a,9ef6773efe0c4ec03a18c2da8824194fb5c2f517e787ad08b437d0594a7a3cd3,"0,1",CPU controlled; memory not identically capped; local origin outside payload budget
bulk,vm,native,transfer_ms,ms,30,,,,separated distribution; inspect clusters,"5000 paired-round bootstrap resamples, seed 20261006; percentile 95% CI",6net,a694f5930f7b49138d8e53b82e4e1a8c0ec0e494d489aee304220c8d50d6f9bc,f2cc7afd57efc7c029545744ad2d70c18c542bc29291e35f514cca75f364548a,9ef6773efe0c4ec03a18c2da8824194fb5c2f517e787ad08b437d0594a7a3cd3,"0,1",CPU controlled; memory not identically capped; local origin outside payload budget
bulk,vm,native,first_byte_ms,ms,30,6.8113485,6.723111725,6.96521555,candidate slower,"5000 paired-round bootstrap resamples, seed 20261006; percentile 95% CI",6net,a694f5930f7b49138d8e53b82e4e1a8c0ec0e494d489aee304220c8d50d6f9bc,f2cc7afd57efc7c029545744ad2d70c18c542bc29291e35f514cca75f364548a,9ef6773efe0c4ec03a18c2da8824194fb5c2f517e787ad08b437d0594a7a3cd3,"0,1",CPU controlled; memory not identically capped; local origin outside payload budget
bulk,podman,native,job_wall_ms,ms,30,183.96744449999997,138.617896875,202.34992604999997,candidate slower,"5000 paired-round bootstrap resamples, seed 20261006; percentile 95% CI",6net,a694f5930f7b49138d8e53b82e4e1a8c0ec0e494d489aee304220c8d50d6f9bc,f2cc7afd57efc7c029545744ad2d70c18c542bc29291e35f514cca75f364548a,9ef6773efe0c4ec03a18c2da8824194fb5c2f517e787ad08b437d0594a7a3cd3,"0,1",CPU controlled; memory not identically capped; local origin outside payload budget
bulk,podman,native,worker_ms,ms,30,,,,separated distribution; inspect clusters,"5000 paired-round bootstrap resamples, seed 20261006; percentile 95% CI",6net,a694f5930f7b49138d8e53b82e4e1a8c0ec0e494d489aee304220c8d50d6f9bc,f2cc7afd57efc7c029545744ad2d70c18c542bc29291e35f514cca75f364548a,9ef6773efe0c4ec03a18c2da8824194fb5c2f517e787ad08b437d0594a7a3cd3,"0,1",CPU controlled; memory not identically capped; local origin outside payload budget
bulk,podman,native,transfer_ms,ms,30,,,,separated distribution; inspect clusters,"5000 paired-round bootstrap resamples, seed 20261006; percentile 95% CI",6net,a694f5930f7b49138d8e53b82e4e1a8c0ec0e494d489aee304220c8d50d6f9bc,f2cc7afd57efc7c029545744ad2d70c18c542bc29291e35f514cca75f364548a,9ef6773efe0c4ec03a18c2da8824194fb5c2f517e787ad08b437d0594a7a3cd3,"0,1",CPU controlled; memory not identically capped; local origin outside payload budget
bulk,podman,native,first_byte_ms,ms,30,2.8553869999999995,2.718571475,2.9298560124999997,candidate slower,"5000 paired-round bootstrap resamples, seed 20261006; percentile 95% CI",6net,a694f5930f7b49138d8e53b82e4e1a8c0ec0e494d489aee304220c8d50d6f9bc,f2cc7afd57efc7c029545744ad2d70c18c542bc29291e35f514cca75f364548a,9ef6773efe0c4ec03a18c2da8824194fb5c2f517e787ad08b437d0594a7a3cd3,"0,1",CPU controlled; memory not identically capped; local origin outside payload budget
bulk,container,native,job_wall_ms,ms,30,185.67020549999998,149.70664707500003,199.88271400000002,candidate slower,"5000 paired-round bootstrap resamples, seed 20261006; percentile 95% CI",6net,a694f5930f7b49138d8e53b82e4e1a8c0ec0e494d489aee304220c8d50d6f9bc,f2cc7afd57efc7c029545744ad2d70c18c542bc29291e35f514cca75f364548a,9ef6773efe0c4ec03a18c2da8824194fb5c2f517e787ad08b437d0594a7a3cd3,"0,1",CPU controlled; memory not identically capped; local origin outside payload budget
bulk,container,native,worker_ms,ms,30,,,,separated distribution; inspect clusters,"5000 paired-round bootstrap resamples, seed 20261006; percentile 95% CI",6net,a694f5930f7b49138d8e53b82e4e1a8c0ec0e494d489aee304220c8d50d6f9bc,f2cc7afd57efc7c029545744ad2d70c18c542bc29291e35f514cca75f364548a,9ef6773efe0c4ec03a18c2da8824194fb5c2f517e787ad08b437d0594a7a3cd3,"0,1",CPU controlled; memory not identically capped; local origin outside payload budget
bulk,container,native,transfer_ms,ms,30,,,,separated distribution; inspect clusters,"5000 paired-round bootstrap resamples, seed 20261006; percentile 95% CI",6net,a694f5930f7b49138d8e53b82e4e1a8c0ec0e494d489aee304220c8d50d6f9bc,f2cc7afd57efc7c029545744ad2d70c18c542bc29291e35f514cca75f364548a,9ef6773efe0c4ec03a18c2da8824194fb5c2f517e787ad08b437d0594a7a3cd3,"0,1",CPU controlled; memory not identically capped; local origin outside payload budget
bulk,container,native,first_byte_ms,ms,30,5.707241499999999,5.6072855,5.8711868874999995,candidate slower,"5000 paired-round bootstrap resamples, seed 20261006; percentile 95% CI",6net,a694f5930f7b49138d8e53b82e4e1a8c0ec0e494d489aee304220c8d50d6f9bc,f2cc7afd57efc7c029545744ad2d70c18c542bc29291e35f514cca75f364548a,9ef6773efe0c4ec03a18c2da8824194fb5c2f517e787ad08b437d0594a7a3cd3,"0,1",CPU controlled; memory not identically capped; local origin outside payload budget
stream,host,native,job_wall_ms,ms,30,22.945739500000002,22.531734000000007,32.7639259125,candidate slower,"5000 paired-round bootstrap resamples, seed 20261006; percentile 95% CI",6net,a694f5930f7b49138d8e53b82e4e1a8c0ec0e494d489aee304220c8d50d6f9bc,f2cc7afd57efc7c029545744ad2d70c18c542bc29291e35f514cca75f364548a,9ef6773efe0c4ec03a18c2da8824194fb5c2f517e787ad08b437d0594a7a3cd3,"0,1",CPU controlled; memory not identically capped; local origin outside payload budget
stream,host,native,worker_ms,ms,30,3.110868,2.963379837500002,3.2489995124999993,candidate slower,"5000 paired-round bootstrap resamples, seed 20261006; percentile 95% CI",6net,a694f5930f7b49138d8e53b82e4e1a8c0ec0e494d489aee304220c8d50d6f9bc,f2cc7afd57efc7c029545744ad2d70c18c542bc29291e35f514cca75f364548a,9ef6773efe0c4ec03a18c2da8824194fb5c2f517e787ad08b437d0594a7a3cd3,"0,1",CPU controlled; memory not identically capped; local origin outside payload budget
stream,host,native,transfer_ms,ms,30,3.116507999999996,2.9632734999999997,3.2548765000000017,candidate slower,"5000 paired-round bootstrap resamples, seed 20261006; percentile 95% CI",6net,a694f5930f7b49138d8e53b82e4e1a8c0ec0e494d489aee304220c8d50d6f9bc,f2cc7afd57efc7c029545744ad2d70c18c542bc29291e35f514cca75f364548a,9ef6773efe0c4ec03a18c2da8824194fb5c2f517e787ad08b437d0594a7a3cd3,"0,1",CPU controlled; memory not identically capped; local origin outside payload budget
stream,host,native,first_byte_ms,ms,30,3.104615999999999,3.0613841124999994,3.1674695,candidate slower,"5000 paired-round bootstrap resamples, seed 20261006; percentile 95% CI",6net,a694f5930f7b49138d8e53b82e4e1a8c0ec0e494d489aee304220c8d50d6f9bc,f2cc7afd57efc7c029545744ad2d70c18c542bc29291e35f514cca75f364548a,9ef6773efe0c4ec03a18c2da8824194fb5c2f517e787ad08b437d0594a7a3cd3,"0,1",CPU controlled; memory not identically capped; local origin outside payload budget
stream,vm,native,job_wall_ms,ms,30,426.1628885,425.47486748750003,445.91999549999997,candidate slower,"5000 paired-round bootstrap resamples, seed 20261006; percentile 95% CI",6net,a694f5930f7b49138d8e53b82e4e1a8c0ec0e494d489aee304220c8d50d6f9bc,f2cc7afd57efc7c029545744ad2d70c18c542bc29291e35f514cca75f364548a,9ef6773efe0c4ec03a18c2da8824194fb5c2f517e787ad08b437d0594a7a3cd3,"0,1",CPU controlled; memory not identically capped; local origin outside payload budget
stream,vm,native,worker_ms,ms,30,6.926319500000002,6.747816,7.117271500000001,candidate slower,"5000 paired-round bootstrap resamples, seed 20261006; percentile 95% CI",6net,a694f5930f7b49138d8e53b82e4e1a8c0ec0e494d489aee304220c8d50d6f9bc,f2cc7afd57efc7c029545744ad2d70c18c542bc29291e35f514cca75f364548a,9ef6773efe0c4ec03a18c2da8824194fb5c2f517e787ad08b437d0594a7a3cd3,"0,1",CPU controlled; memory not identically capped; local origin outside payload budget
stream,vm,native,transfer_ms,ms,30,6.644284499999998,6.530161,6.8786431125,candidate slower,"5000 paired-round bootstrap resamples, seed 20261006; percentile 95% CI",6net,a694f5930f7b49138d8e53b82e4e1a8c0ec0e494d489aee304220c8d50d6f9bc,f2cc7afd57efc7c029545744ad2d70c18c542bc29291e35f514cca75f364548a,9ef6773efe0c4ec03a18c2da8824194fb5c2f517e787ad08b437d0594a7a3cd3,"0,1",CPU controlled; memory not identically capped; local origin outside payload budget
stream,vm,native,first_byte_ms,ms,30,6.756905499999999,6.652043474999999,6.947172,candidate slower,"5000 paired-round bootstrap resamples, seed 20261006; percentile 95% CI",6net,a694f5930f7b49138d8e53b82e4e1a8c0ec0e494d489aee304220c8d50d6f9bc,f2cc7afd57efc7c029545744ad2d70c18c542bc29291e35f514cca75f364548a,9ef6773efe0c4ec03a18c2da8824194fb5c2f517e787ad08b437d0594a7a3cd3,"0,1",CPU controlled; memory not identically capped; local origin outside payload budget
stream,podman,native,job_wall_ms,ms,30,171.84940749999998,168.51113229999999,173.51799521249998,candidate slower,"5000 paired-round bootstrap resamples, seed 20261006; percentile 95% CI",6net,a694f5930f7b49138d8e53b82e4e1a8c0ec0e494d489aee304220c8d50d6f9bc,f2cc7afd57efc7c029545744ad2d70c18c542bc29291e35f514cca75f364548a,9ef6773efe0c4ec03a18c2da8824194fb5c2f517e787ad08b437d0594a7a3cd3,"0,1",CPU controlled; memory not identically capped; local origin outside payload budget
stream,podman,native,worker_ms,ms,30,2.8006290000000007,2.6777838250000006,2.9227179999999997,candidate slower,"5000 paired-round bootstrap resamples, seed 20261006; percentile 95% CI",6net,a694f5930f7b49138d8e53b82e4e1a8c0ec0e494d489aee304220c8d50d6f9bc,f2cc7afd57efc7c029545744ad2d70c18c542bc29291e35f514cca75f364548a,9ef6773efe0c4ec03a18c2da8824194fb5c2f517e787ad08b437d0594a7a3cd3,"0,1",CPU controlled; memory not identically capped; local origin outside payload budget
stream,podman,native,transfer_ms,ms,30,2.7627444999999966,2.6362330000000007,2.8901614000000015,candidate slower,"5000 paired-round bootstrap resamples, seed 20261006; percentile 95% CI",6net,a694f5930f7b49138d8e53b82e4e1a8c0ec0e494d489aee304220c8d50d6f9bc,f2cc7afd57efc7c029545744ad2d70c18c542bc29291e35f514cca75f364548a,9ef6773efe0c4ec03a18c2da8824194fb5c2f517e787ad08b437d0594a7a3cd3,"0,1",CPU controlled; memory not identically capped; local origin outside payload budget
stream,podman,native,first_byte_ms,ms,30,2.6712534999999997,2.616176875,2.8593868749999998,candidate slower,"5000 paired-round bootstrap resamples, seed 20261006; percentile 95% CI",6net,a694f5930f7b49138d8e53b82e4e1a8c0ec0e494d489aee304220c8d50d6f9bc,f2cc7afd57efc7c029545744ad2d70c18c542bc29291e35f514cca75f364548a,9ef6773efe0c4ec03a18c2da8824194fb5c2f517e787ad08b437d0594a7a3cd3,"0,1",CPU controlled; memory not identically capped; local origin outside payload budget
stream,container,native,job_wall_ms,ms,30,183.466564,182.9893445,184.1215269125,candidate slower,"5000 paired-round bootstrap resamples, seed 20261006; percentile 95% CI",6net,a694f5930f7b49138d8e53b82e4e1a8c0ec0e494d489aee304220c8d50d6f9bc,f2cc7afd57efc7c029545744ad2d70c18c542bc29291e35f514cca75f364548a,9ef6773efe0c4ec03a18c2da8824194fb5c2f517e787ad08b437d0594a7a3cd3,"0,1",CPU controlled; memory not identically capped; local origin outside payload budget
stream,container,native,worker_ms,ms,30,5.629861999999999,5.469267962499999,5.8427095000000016,candidate slower,"5000 paired-round bootstrap resamples, seed 20261006; percentile 95% CI",6net,a694f5930f7b49138d8e53b82e4e1a8c0ec0e494d489aee304220c8d50d6f9bc,f2cc7afd57efc7c029545744ad2d70c18c542bc29291e35f514cca75f364548a,9ef6773efe0c4ec03a18c2da8824194fb5c2f517e787ad08b437d0594a7a3cd3,"0,1",CPU controlled; memory not identically capped; local origin outside payload budget
stream,container,native,transfer_ms,ms,30,5.606142499999997,5.455292675,5.819198899999999,candidate slower,"5000 paired-round bootstrap resamples, seed 20261006; percentile 95% CI",6net,a694f5930f7b49138d8e53b82e4e1a8c0ec0e494d489aee304220c8d50d6f9bc,f2cc7afd57efc7c029545744ad2d70c18c542bc29291e35f514cca75f364548a,9ef6773efe0c4ec03a18c2da8824194fb5c2f517e787ad08b437d0594a7a3cd3,"0,1",CPU controlled; memory not identically capped; local origin outside payload budget
stream,container,native,first_byte_ms,ms,30,5.7469909999999995,5.605214087499999,5.845075775000001,candidate slower,"5000 paired-round bootstrap resamples, seed 20261006; percentile 95% CI",6net,a694f5930f7b49138d8e53b82e4e1a8c0ec0e494d489aee304220c8d50d6f9bc,f2cc7afd57efc7c029545744ad2d70c18c542bc29291e35f514cca75f364548a,9ef6773efe0c4ec03a18c2da8824194fb5c2f517e787ad08b437d0594a7a3cd3,"0,1",CPU controlled; memory not identically capped; local origin outside payload budget
