batch,benchmark_id,mode,candidate,control,metric,unit,n,difference_ms,ci95_low_ms,ci95_high_ms,conclusion,confidence_method
6r,B-STARTUP,ready,pvisor-host,native,ready_ms,ms,60,11.439023500000001,11.180398875,11.666727999999999,candidate slower,"5000 paired-round bootstrap resamples, seed 20261006; percentile 95% CI"
6r,B-STARTUP,ready,pvisor-host,native,result_ms,ms,60,11.4414375,11.1810378625,11.668381412499997,candidate slower,"5000 paired-round bootstrap resamples, seed 20261006; percentile 95% CI"
6r,B-STARTUP,ready,pvisor-host,native,completion_ms,ms,60,22.6774415,22.495036,22.767195262500003,candidate slower,"5000 paired-round bootstrap resamples, seed 20261006; percentile 95% CI"
6r,B-STARTUP,ready,pvisor-host,docker,ready_ms,ms,60,-61.759887000000006,-65.474251,-60.593869500000004,candidate faster,"5000 paired-round bootstrap resamples, seed 20261006; percentile 95% CI"
6r,B-STARTUP,ready,pvisor-host,docker,result_ms,ms,60,-61.75891000000001,-65.50023240000002,-60.59629050000001,candidate faster,"5000 paired-round bootstrap resamples, seed 20261006; percentile 95% CI"
6r,B-STARTUP,ready,pvisor-host,docker,completion_ms,ms,60,-74.26084549999999,-76.71384747500001,-72.7836035,candidate faster,"5000 paired-round bootstrap resamples, seed 20261006; percentile 95% CI"
6r,B-STARTUP,ready,pvisor-host,firecracker,ready_ms,ms,60,-59.886936500000004,-60.396677625,-59.45102847499999,candidate faster,"5000 paired-round bootstrap resamples, seed 20261006; percentile 95% CI"
6r,B-STARTUP,ready,pvisor-host,firecracker,result_ms,ms,60,-60.348242500000005,-60.795756337499995,-59.91577550000001,candidate faster,"5000 paired-round bootstrap resamples, seed 20261006; percentile 95% CI"
6r,B-STARTUP,ready,pvisor-host,firecracker,completion_ms,ms,60,-71.9509315,-73.42373832499999,-69.598006,candidate faster,"5000 paired-round bootstrap resamples, seed 20261006; percentile 95% CI"
6r,B-STARTUP,ready,pvisor-host,qemu,ready_ms,ms,60,-200.3451245,-201.27600034999998,-198.88263188750003,candidate faster,"5000 paired-round bootstrap resamples, seed 20261006; percentile 95% CI"
6r,B-STARTUP,ready,pvisor-host,qemu,result_ms,ms,60,-200.9063015,-201.83979300000001,-199.42924483750002,candidate faster,"5000 paired-round bootstrap resamples, seed 20261006; percentile 95% CI"
6r,B-STARTUP,ready,pvisor-host,qemu,completion_ms,ms,60,-213.49129750000003,-214.7215944125,-211.741758,candidate faster,"5000 paired-round bootstrap resamples, seed 20261006; percentile 95% CI"
6r,B-STARTUP,ready,pvisor-host,qemu-microvm,ready_ms,ms,60,-73.8471785,-74.1213858875,-73.2601537,candidate faster,"5000 paired-round bootstrap resamples, seed 20261006; percentile 95% CI"
6r,B-STARTUP,ready,pvisor-host,qemu-microvm,result_ms,ms,60,-74.3904575,-74.6830117875,-73.8073398625,candidate faster,"5000 paired-round bootstrap resamples, seed 20261006; percentile 95% CI"
6r,B-STARTUP,ready,pvisor-host,qemu-microvm,completion_ms,ms,60,-85.48986199999999,-87.9217746875,-83.62621899999999,candidate faster,"5000 paired-round bootstrap resamples, seed 20261006; percentile 95% CI"
6r,B-STARTUP,ready,pvisor-staged,native,ready_ms,ms,60,23.843147,23.634098050000002,24.09949215,candidate slower,"5000 paired-round bootstrap resamples, seed 20261006; percentile 95% CI"
6r,B-STARTUP,ready,pvisor-staged,native,result_ms,ms,60,23.844103500000003,23.6347023125,24.101089525000003,candidate slower,"5000 paired-round bootstrap resamples, seed 20261006; percentile 95% CI"
6r,B-STARTUP,ready,pvisor-staged,native,completion_ms,ms,60,32.490951,32.375605262499995,32.650649325,candidate slower,"5000 paired-round bootstrap resamples, seed 20261006; percentile 95% CI"
6r,B-STARTUP,ready,pvisor-staged,docker,ready_ms,ms,60,-49.35576350000001,-53.0715859875,-48.20498599999999,candidate faster,"5000 paired-round bootstrap resamples, seed 20261006; percentile 95% CI"
6r,B-STARTUP,ready,pvisor-staged,docker,result_ms,ms,60,-49.356244000000004,-53.101965725,-48.20856907499999,candidate faster,"5000 paired-round bootstrap resamples, seed 20261006; percentile 95% CI"
6r,B-STARTUP,ready,pvisor-staged,docker,completion_ms,ms,60,-64.44733599999999,-66.83302109999998,-62.922060587500006,candidate faster,"5000 paired-round bootstrap resamples, seed 20261006; percentile 95% CI"
6r,B-STARTUP,ready,pvisor-staged,firecracker,ready_ms,ms,60,-47.48281300000001,-47.96601059999999,-47.0605493375,candidate faster,"5000 paired-round bootstrap resamples, seed 20261006; percentile 95% CI"
6r,B-STARTUP,ready,pvisor-staged,firecracker,result_ms,ms,60,-47.9455765,-48.3542964125,-47.5359456625,candidate faster,"5000 paired-round bootstrap resamples, seed 20261006; percentile 95% CI"
6r,B-STARTUP,ready,pvisor-staged,firecracker,completion_ms,ms,60,-62.13742199999999,-63.5821605,-59.698074312500005,candidate faster,"5000 paired-round bootstrap resamples, seed 20261006; percentile 95% CI"
6r,B-STARTUP,ready,pvisor-staged,qemu,ready_ms,ms,60,-187.94100100000003,-188.8016362125,-186.468283875,candidate faster,"5000 paired-round bootstrap resamples, seed 20261006; percentile 95% CI"
6r,B-STARTUP,ready,pvisor-staged,qemu,result_ms,ms,60,-188.5036355,-189.374776,-187.02594015,candidate faster,"5000 paired-round bootstrap resamples, seed 20261006; percentile 95% CI"
6r,B-STARTUP,ready,pvisor-staged,qemu,completion_ms,ms,60,-203.67778800000002,-204.84779505,-201.93945146250002,candidate faster,"5000 paired-round bootstrap resamples, seed 20261006; percentile 95% CI"
6r,B-STARTUP,ready,pvisor-staged,qemu-microvm,ready_ms,ms,60,-61.443055,-61.67844168750001,-60.8498620625,candidate faster,"5000 paired-round bootstrap resamples, seed 20261006; percentile 95% CI"
6r,B-STARTUP,ready,pvisor-staged,qemu-microvm,result_ms,ms,60,-61.9877915,-62.2305095,-61.40011106250001,candidate faster,"5000 paired-round bootstrap resamples, seed 20261006; percentile 95% CI"
6r,B-STARTUP,ready,pvisor-staged,qemu-microvm,completion_ms,ms,60,-75.6763525,-78.056292825,-73.813546,candidate faster,"5000 paired-round bootstrap resamples, seed 20261006; percentile 95% CI"
6r,B-STARTUP,ready,pvisor-vm,native,ready_ms,ms,60,99.4417895,98.9550205,101.55538250000001,candidate slower,"5000 paired-round bootstrap resamples, seed 20261006; percentile 95% CI"
6r,B-STARTUP,ready,pvisor-vm,native,result_ms,ms,60,99.445436,99.008418925,101.557850175,candidate slower,"5000 paired-round bootstrap resamples, seed 20261006; percentile 95% CI"
6r,B-STARTUP,ready,pvisor-vm,native,completion_ms,ms,60,135.3004135,134.36891547499997,153.89254328750002,candidate slower,"5000 paired-round bootstrap resamples, seed 20261006; percentile 95% CI"
6r,B-STARTUP,ready,pvisor-vm,docker,ready_ms,ms,60,26.242878999999988,22.42348249999999,29.05371067499999,candidate slower,"5000 paired-round bootstrap resamples, seed 20261006; percentile 95% CI"
6r,B-STARTUP,ready,pvisor-vm,docker,result_ms,ms,60,26.245088499999994,22.39961799999999,29.049376749999993,candidate slower,"5000 paired-round bootstrap resamples, seed 20261006; percentile 95% CI"
6r,B-STARTUP,ready,pvisor-vm,docker,completion_ms,ms,60,38.3621265,35.63234299999999,57.79132200000001,candidate slower,"5000 paired-round bootstrap resamples, seed 20261006; percentile 95% CI"
6r,B-STARTUP,ready,pvisor-vm,firecracker,ready_ms,ms,60,28.11582949999999,27.356633062500002,30.309508587499995,candidate slower,"5000 paired-round bootstrap resamples, seed 20261006; percentile 95% CI"
6r,B-STARTUP,ready,pvisor-vm,firecracker,result_ms,ms,60,27.655755999999997,26.992042000000012,29.851798000000002,candidate slower,"5000 paired-round bootstrap resamples, seed 20261006; percentile 95% CI"
6r,B-STARTUP,ready,pvisor-vm,firecracker,completion_ms,ms,60,40.67204050000001,38.8886280375,60.35534049999998,candidate slower,"5000 paired-round bootstrap resamples, seed 20261006; percentile 95% CI"
6r,B-STARTUP,ready,pvisor-vm,qemu,ready_ms,ms,60,-112.34235850000002,-113.36144455000002,-109.6082571,candidate faster,"5000 paired-round bootstrap resamples, seed 20261006; percentile 95% CI"
6r,B-STARTUP,ready,pvisor-vm,qemu,result_ms,ms,60,-112.902303,-113.89876368750001,-110.1576359,candidate faster,"5000 paired-round bootstrap resamples, seed 20261006; percentile 95% CI"
6r,B-STARTUP,ready,pvisor-vm,qemu,completion_ms,ms,60,-100.86832550000003,-102.3503861,-81.17720550000001,candidate faster,"5000 paired-round bootstrap resamples, seed 20261006; percentile 95% CI"
6r,B-STARTUP,ready,pvisor-vm,qemu-microvm,ready_ms,ms,60,14.155587499999996,13.693683499999995,16.449488287500003,candidate slower,"5000 paired-round bootstrap resamples, seed 20261006; percentile 95% CI"
6r,B-STARTUP,ready,pvisor-vm,qemu-microvm,result_ms,ms,60,13.613540999999998,13.158173212499994,15.895881124999995,candidate slower,"5000 paired-round bootstrap resamples, seed 20261006; percentile 95% CI"
6r,B-STARTUP,ready,pvisor-vm,qemu-microvm,completion_ms,ms,60,27.133110000000002,24.778436999999997,46.86145400000001,candidate slower,"5000 paired-round bootstrap resamples, seed 20261006; percentile 95% CI"
6f,B-FS-TOOLS,filesystem,pvisor-host,native,ready_ms,ms,60,11.592719500000001,11.098756150000005,11.880585537499998,candidate slower,"5000 paired-round bootstrap resamples, seed 20261006; percentile 95% CI"
6f,B-FS-TOOLS,filesystem,pvisor-host,native,result_ms,ms,60,8.37555900000001,6.873061625000022,10.206796187499956,candidate slower,"5000 paired-round bootstrap resamples, seed 20261006; percentile 95% CI"
6f,B-FS-TOOLS,filesystem,pvisor-host,native,completion_ms,ms,60,20.25646499999999,18.188962337500016,23.12503700000002,candidate slower,"5000 paired-round bootstrap resamples, seed 20261006; percentile 95% CI"
6f,B-FS-TOOLS,filesystem,pvisor-host,native,metadata_worker_ms,ms,60,-0.011636500000000716,-0.08560338750000021,0.0344544750000002,no detected difference,"5000 paired-round bootstrap resamples, seed 20261006; percentile 95% CI"
6f,B-FS-TOOLS,filesystem,pvisor-host,native,read_worker_ms,ms,60,-0.8889985000000031,-1.0225221125000017,-0.7932137499999954,candidate faster,"5000 paired-round bootstrap resamples, seed 20261006; percentile 95% CI"
6f,B-FS-TOOLS,filesystem,pvisor-host,native,write_worker_ms,ms,60,0.04029050000000023,-0.022522737499999935,0.10819372500000034,no detected difference,"5000 paired-round bootstrap resamples, seed 20261006; percentile 95% CI"
6f,B-FS-TOOLS,filesystem,pvisor-host,native,git_worker_ms,ms,60,-0.20093549999999993,-0.5525003124999998,0.06447402499999927,no detected difference,"5000 paired-round bootstrap resamples, seed 20261006; percentile 95% CI"
6f,B-FS-TOOLS,filesystem,pvisor-host,native,rg_worker_ms,ms,60,-0.1305385000000001,-0.4863232250000003,0.16514355000000017,no detected difference,"5000 paired-round bootstrap resamples, seed 20261006; percentile 95% CI"
6f,B-FS-TOOLS,filesystem,pvisor-host,native,cargo_worker_ms,ms,60,-0.18713299999998867,-0.7723940999999936,0.43143187499999885,no detected difference,"5000 paired-round bootstrap resamples, seed 20261006; percentile 95% CI"
6f,B-FS-TOOLS,filesystem,pvisor-host,native,npm_worker_ms,ms,60,-0.3353065000000015,-1.615318000000002,1.3794691874999838,no detected difference,"5000 paired-round bootstrap resamples, seed 20261006; percentile 95% CI"
6f,B-FS-TOOLS,filesystem,pvisor-host,docker,ready_ms,ms,60,-253.95558350000005,-255.59319449999998,-251.77993745000003,candidate faster,"5000 paired-round bootstrap resamples, seed 20261006; percentile 95% CI"
6f,B-FS-TOOLS,filesystem,pvisor-host,docker,result_ms,ms,60,-296.5830260000001,-300.0677352999999,-295.09521832499996,candidate faster,"5000 paired-round bootstrap resamples, seed 20261006; percentile 95% CI"
6f,B-FS-TOOLS,filesystem,pvisor-host,docker,completion_ms,ms,60,-352.538509,-356.53896199999997,-349.87460887500004,candidate faster,"5000 paired-round bootstrap resamples, seed 20261006; percentile 95% CI"
6f,B-FS-TOOLS,filesystem,pvisor-host,docker,metadata_worker_ms,ms,60,0.01322549999999989,-0.06504199999999916,0.08307500000000001,no detected difference,"5000 paired-round bootstrap resamples, seed 20261006; percentile 95% CI"
6f,B-FS-TOOLS,filesystem,pvisor-host,docker,read_worker_ms,ms,60,-0.9132539999999985,-1.0478576750000022,-0.6424853875000034,candidate faster,"5000 paired-round bootstrap resamples, seed 20261006; percentile 95% CI"
6f,B-FS-TOOLS,filesystem,pvisor-host,docker,write_worker_ms,ms,60,-0.15590049999999955,-0.22943187500000004,-0.08803885000000017,candidate faster,"5000 paired-round bootstrap resamples, seed 20261006; percentile 95% CI"
6f,B-FS-TOOLS,filesystem,pvisor-host,docker,git_worker_ms,ms,60,-0.12004849999999934,-0.4006567749999998,0.20237200000000044,no detected difference,"5000 paired-round bootstrap resamples, seed 20261006; percentile 95% CI"
6f,B-FS-TOOLS,filesystem,pvisor-host,docker,rg_worker_ms,ms,60,0.35804850000000066,-0.07572126249999991,0.7138369999999998,no detected difference,"5000 paired-round bootstrap resamples, seed 20261006; percentile 95% CI"
6f,B-FS-TOOLS,filesystem,pvisor-host,docker,cargo_worker_ms,ms,60,2.6725570000000047,2.2364205000000013,3.2985102250000007,candidate slower,"5000 paired-round bootstrap resamples, seed 20261006; percentile 95% CI"
6f,B-FS-TOOLS,filesystem,pvisor-host,docker,npm_worker_ms,ms,60,-45.551278999999994,-46.976601999999986,-44.06609499999999,candidate faster,"5000 paired-round bootstrap resamples, seed 20261006; percentile 95% CI"
6f,B-FS-TOOLS,filesystem,pvisor-host,firecracker,ready_ms,ms,60,-841.9272230000001,-843.1982065000001,-840.448732325,candidate faster,"5000 paired-round bootstrap resamples, seed 20261006; percentile 95% CI"
6f,B-FS-TOOLS,filesystem,pvisor-host,firecracker,result_ms,ms,60,-1794.7422470000001,-1801.3200466250003,-1787.3169819999998,candidate faster,"5000 paired-round bootstrap resamples, seed 20261006; percentile 95% CI"
6f,B-FS-TOOLS,filesystem,pvisor-host,firecracker,completion_ms,ms,60,-1828.035204,-1832.0717996375001,-1819.9812,candidate faster,"5000 paired-round bootstrap resamples, seed 20261006; percentile 95% CI"
6f,B-FS-TOOLS,filesystem,pvisor-host,firecracker,metadata_worker_ms,ms,60,-18.8017035,-19.276055387499998,-18.58561385,candidate faster,"5000 paired-round bootstrap resamples, seed 20261006; percentile 95% CI"
6f,B-FS-TOOLS,filesystem,pvisor-host,firecracker,read_worker_ms,ms,60,-48.067584499999995,-48.164654237499995,-47.897838,candidate faster,"5000 paired-round bootstrap resamples, seed 20261006; percentile 95% CI"
6f,B-FS-TOOLS,filesystem,pvisor-host,firecracker,write_worker_ms,ms,60,-39.449915000000004,-39.5124182375,-39.377331237499995,candidate faster,"5000 paired-round bootstrap resamples, seed 20261006; percentile 95% CI"
6f,B-FS-TOOLS,filesystem,pvisor-host,firecracker,git_worker_ms,ms,60,-115.6719195,-116.12525352499999,-115.19823250000002,candidate faster,"5000 paired-round bootstrap resamples, seed 20261006; percentile 95% CI"
6f,B-FS-TOOLS,filesystem,pvisor-host,firecracker,rg_worker_ms,ms,60,-8.599427,-9.1171985,-8.348676124999999,candidate faster,"5000 paired-round bootstrap resamples, seed 20261006; percentile 95% CI"
6f,B-FS-TOOLS,filesystem,pvisor-host,firecracker,cargo_worker_ms,ms,60,-323.06334899999996,-330.1325434,-318.147993,candidate faster,"5000 paired-round bootstrap resamples, seed 20261006; percentile 95% CI"
6f,B-FS-TOOLS,filesystem,pvisor-host,firecracker,npm_worker_ms,ms,60,-376.28178850000006,-379.7650367499999,-366.50516300000004,candidate faster,"5000 paired-round bootstrap resamples, seed 20261006; percentile 95% CI"
6f,B-FS-TOOLS,filesystem,pvisor-host,qemu,ready_ms,ms,60,-459.65278099999995,-460.84322299999997,-458.33027599999997,candidate faster,"5000 paired-round bootstrap resamples, seed 20261006; percentile 95% CI"
6f,B-FS-TOOLS,filesystem,pvisor-host,qemu,result_ms,ms,60,-1001.7647314999999,-1004.5924901000001,-998.9114440374998,candidate faster,"5000 paired-round bootstrap resamples, seed 20261006; percentile 95% CI"
6f,B-FS-TOOLS,filesystem,pvisor-host,qemu,completion_ms,ms,60,-1027.215112,-1030.4257445499998,-1023.9871293000001,candidate faster,"5000 paired-round bootstrap resamples, seed 20261006; percentile 95% CI"
6f,B-FS-TOOLS,filesystem,pvisor-host,qemu,metadata_worker_ms,ms,60,-11.294462500000002,-11.590898287499998,-11.095152575,candidate faster,"5000 paired-round bootstrap resamples, seed 20261006; percentile 95% CI"
6f,B-FS-TOOLS,filesystem,pvisor-host,qemu,read_worker_ms,ms,60,-5.705078000000004,-6.752075562500001,-4.812946450000001,candidate faster,"5000 paired-round bootstrap resamples, seed 20261006; percentile 95% CI"
6f,B-FS-TOOLS,filesystem,pvisor-host,qemu,write_worker_ms,ms,60,-1.3621749999999997,-1.4485629999999996,-1.2851889749999996,candidate faster,"5000 paired-round bootstrap resamples, seed 20261006; percentile 95% CI"
6f,B-FS-TOOLS,filesystem,pvisor-host,qemu,git_worker_ms,ms,60,-65.97017250000002,-68.01278515,-64.8608215,candidate faster,"5000 paired-round bootstrap resamples, seed 20261006; percentile 95% CI"
6f,B-FS-TOOLS,filesystem,pvisor-host,qemu,rg_worker_ms,ms,60,-5.349282500000001,-5.9419021875,-5.0897024875,candidate faster,"5000 paired-round bootstrap resamples, seed 20261006; percentile 95% CI"
6f,B-FS-TOOLS,filesystem,pvisor-host,qemu,cargo_worker_ms,ms,60,-209.52414549999997,-210.5769016,-208.6058848875,candidate faster,"5000 paired-round bootstrap resamples, seed 20261006; percentile 95% CI"
6f,B-FS-TOOLS,filesystem,pvisor-host,qemu,npm_worker_ms,ms,60,-229.19685299999998,-230.65837950000002,-227.7011080625,candidate faster,"5000 paired-round bootstrap resamples, seed 20261006; percentile 95% CI"
6f,B-FS-TOOLS,filesystem,pvisor-host,qemu-microvm,ready_ms,ms,60,-345.5140845,-346.7280385,-343.8287805,candidate faster,"5000 paired-round bootstrap resamples, seed 20261006; percentile 95% CI"
6f,B-FS-TOOLS,filesystem,pvisor-host,qemu-microvm,result_ms,ms,60,-1003.5712684999999,-1015.4712283875,-993.5938615250001,candidate faster,"5000 paired-round bootstrap resamples, seed 20261006; percentile 95% CI"
6f,B-FS-TOOLS,filesystem,pvisor-host,qemu-microvm,completion_ms,ms,60,-1029.4425645,-1040.588199075,-1017.1035701249999,candidate faster,"5000 paired-round bootstrap resamples, seed 20261006; percentile 95% CI"
6f,B-FS-TOOLS,filesystem,pvisor-host,qemu-microvm,metadata_worker_ms,ms,60,-15.282833499999999,-15.4762594875,-14.592233,candidate faster,"5000 paired-round bootstrap resamples, seed 20261006; percentile 95% CI"
6f,B-FS-TOOLS,filesystem,pvisor-host,qemu-microvm,read_worker_ms,ms,60,-8.459203500000005,-9.371474000000003,-7.085933225,candidate faster,"5000 paired-round bootstrap resamples, seed 20261006; percentile 95% CI"
6f,B-FS-TOOLS,filesystem,pvisor-host,qemu-microvm,write_worker_ms,ms,60,-1.3263230000000004,-1.4342273874999996,-1.2396606375000006,candidate faster,"5000 paired-round bootstrap resamples, seed 20261006; percentile 95% CI"
6f,B-FS-TOOLS,filesystem,pvisor-host,qemu-microvm,git_worker_ms,ms,60,-140.7226525,-145.6316786125,-98.86616297500001,candidate faster,"5000 paired-round bootstrap resamples, seed 20261006; percentile 95% CI"
6f,B-FS-TOOLS,filesystem,pvisor-host,qemu-microvm,rg_worker_ms,ms,60,-5.806625499999999,-6.374062900000001,-5.271157737500002,candidate faster,"5000 paired-round bootstrap resamples, seed 20261006; percentile 95% CI"
6f,B-FS-TOOLS,filesystem,pvisor-host,qemu-microvm,cargo_worker_ms,ms,60,-246.12245149999995,-249.08401006249997,-240.45683252499998,candidate faster,"5000 paired-round bootstrap resamples, seed 20261006; percentile 95% CI"
6f,B-FS-TOOLS,filesystem,pvisor-host,qemu-microvm,npm_worker_ms,ms,60,-251.147943,-257.96596965,-247.07459590000002,candidate faster,"5000 paired-round bootstrap resamples, seed 20261006; percentile 95% CI"
6f,B-FS-TOOLS,filesystem,pvisor-staged,native,ready_ms,ms,60,24.0361895,23.6150163,24.458003074999993,candidate slower,"5000 paired-round bootstrap resamples, seed 20261006; percentile 95% CI"
6f,B-FS-TOOLS,filesystem,pvisor-staged,native,result_ms,ms,60,416.87553750000006,413.6528255,418.804073425,candidate slower,"5000 paired-round bootstrap resamples, seed 20261006; percentile 95% CI"
6f,B-FS-TOOLS,filesystem,pvisor-staged,native,completion_ms,ms,60,641.6062915,639.6298389499999,643.636547675,candidate slower,"5000 paired-round bootstrap resamples, seed 20261006; percentile 95% CI"
6f,B-FS-TOOLS,filesystem,pvisor-staged,native,metadata_worker_ms,ms,60,68.885177,68.6264825,69.1336715,candidate slower,"5000 paired-round bootstrap resamples, seed 20261006; percentile 95% CI"
6f,B-FS-TOOLS,filesystem,pvisor-staged,native,read_worker_ms,ms,60,34.3635865,34.09413216249999,34.72684849999999,candidate slower,"5000 paired-round bootstrap resamples, seed 20261006; percentile 95% CI"
6f,B-FS-TOOLS,filesystem,pvisor-staged,native,write_worker_ms,ms,60,22.608058500000002,22.466133499999998,22.7187500375,candidate slower,"5000 paired-round bootstrap resamples, seed 20261006; percentile 95% CI"
6f,B-FS-TOOLS,filesystem,pvisor-staged,native,git_worker_ms,ms,60,105.50962799999999,104.9646595,106.296623575,candidate slower,"5000 paired-round bootstrap resamples, seed 20261006; percentile 95% CI"
6f,B-FS-TOOLS,filesystem,pvisor-staged,native,rg_worker_ms,ms,60,77.45942600000001,76.652771,77.999517925,candidate slower,"5000 paired-round bootstrap resamples, seed 20261006; percentile 95% CI"
6f,B-FS-TOOLS,filesystem,pvisor-staged,native,cargo_worker_ms,ms,60,20.754956500000006,20.20325081250001,21.26488675000001,candidate slower,"5000 paired-round bootstrap resamples, seed 20261006; percentile 95% CI"
6f,B-FS-TOOLS,filesystem,pvisor-staged,native,npm_worker_ms,ms,60,56.111312999999996,54.97727394999999,57.696489575,candidate slower,"5000 paired-round bootstrap resamples, seed 20261006; percentile 95% CI"
6f,B-FS-TOOLS,filesystem,pvisor-staged,docker,ready_ms,ms,60,-241.51211350000005,-242.96740649999998,-239.30062738749996,candidate faster,"5000 paired-round bootstrap resamples, seed 20261006; percentile 95% CI"
6f,B-FS-TOOLS,filesystem,pvisor-staged,docker,result_ms,ms,60,111.91695249999998,106.8001462375,113.74731686250003,candidate slower,"5000 paired-round bootstrap resamples, seed 20261006; percentile 95% CI"
6f,B-FS-TOOLS,filesystem,pvisor-staged,docker,completion_ms,ms,60,268.8113175000001,264.6388662625,271.15404749999993,candidate slower,"5000 paired-round bootstrap resamples, seed 20261006; percentile 95% CI"
6f,B-FS-TOOLS,filesystem,pvisor-staged,docker,metadata_worker_ms,ms,60,68.910039,68.65198,69.1735717625,candidate slower,"5000 paired-round bootstrap resamples, seed 20261006; percentile 95% CI"
6f,B-FS-TOOLS,filesystem,pvisor-staged,docker,read_worker_ms,ms,60,34.339331,34.0968729875,34.757607,candidate slower,"5000 paired-round bootstrap resamples, seed 20261006; percentile 95% CI"
6f,B-FS-TOOLS,filesystem,pvisor-staged,docker,write_worker_ms,ms,60,22.4118675,22.264805687499997,22.534354999999998,candidate slower,"5000 paired-round bootstrap resamples, seed 20261006; percentile 95% CI"
6f,B-FS-TOOLS,filesystem,pvisor-staged,docker,git_worker_ms,ms,60,105.590515,105.00080758749999,106.43527999999999,candidate slower,"5000 paired-round bootstrap resamples, seed 20261006; percentile 95% CI"
6f,B-FS-TOOLS,filesystem,pvisor-staged,docker,rg_worker_ms,ms,60,77.948013,77.14406095,78.49617,candidate slower,"5000 paired-round bootstrap resamples, seed 20261006; percentile 95% CI"
6f,B-FS-TOOLS,filesystem,pvisor-staged,docker,cargo_worker_ms,ms,60,23.6146465,23.276298999999998,24.141060900000006,candidate slower,"5000 paired-round bootstrap resamples, seed 20261006; percentile 95% CI"
6f,B-FS-TOOLS,filesystem,pvisor-staged,docker,npm_worker_ms,ms,60,10.895340500000003,9.392141625000042,12.635387500000007,candidate slower,"5000 paired-round bootstrap resamples, seed 20261006; percentile 95% CI"
6f,B-FS-TOOLS,filesystem,pvisor-staged,firecracker,ready_ms,ms,60,-829.4837530000001,-830.658590675,-828.0033030000001,candidate faster,"5000 paired-round bootstrap resamples, seed 20261006; percentile 95% CI"
6f,B-FS-TOOLS,filesystem,pvisor-staged,firecracker,result_ms,ms,60,-1386.2422685000001,-1394.6220024125,-1378.7497356124998,candidate faster,"5000 paired-round bootstrap resamples, seed 20261006; percentile 95% CI"
6f,B-FS-TOOLS,filesystem,pvisor-staged,firecracker,completion_ms,ms,60,-1206.6853775,-1211.0455617875002,-1198.763402,candidate faster,"5000 paired-round bootstrap resamples, seed 20261006; percentile 95% CI"
6f,B-FS-TOOLS,filesystem,pvisor-staged,firecracker,metadata_worker_ms,ms,60,50.09511,49.582393987500005,50.45270103749999,candidate slower,"5000 paired-round bootstrap resamples, seed 20261006; percentile 95% CI"
6f,B-FS-TOOLS,filesystem,pvisor-staged,firecracker,read_worker_ms,ms,60,-12.814999499999999,-13.077715724999996,-12.398057437500013,candidate faster,"5000 paired-round bootstrap resamples, seed 20261006; percentile 95% CI"
6f,B-FS-TOOLS,filesystem,pvisor-staged,firecracker,write_worker_ms,ms,60,-16.882147,-17.017948162500005,-16.7655847375,candidate faster,"5000 paired-round bootstrap resamples, seed 20261006; percentile 95% CI"
6f,B-FS-TOOLS,filesystem,pvisor-staged,firecracker,git_worker_ms,ms,60,-9.961355999999995,-10.772342000000009,-8.9799826875,candidate faster,"5000 paired-round bootstrap resamples, seed 20261006; percentile 95% CI"
6f,B-FS-TOOLS,filesystem,pvisor-staged,firecracker,rg_worker_ms,ms,60,68.9905375,68.05308600000001,69.49678965000001,candidate slower,"5000 paired-round bootstrap resamples, seed 20261006; percentile 95% CI"
6f,B-FS-TOOLS,filesystem,pvisor-staged,firecracker,cargo_worker_ms,ms,60,-302.12125949999995,-308.9916546875,-297.4206845625,candidate faster,"5000 paired-round bootstrap resamples, seed 20261006; percentile 95% CI"
6f,B-FS-TOOLS,filesystem,pvisor-staged,firecracker,npm_worker_ms,ms,60,-319.83516900000006,-323.3182774999999,-310.01026446249995,candidate faster,"5000 paired-round bootstrap resamples, seed 20261006; percentile 95% CI"
6f,B-FS-TOOLS,filesystem,pvisor-staged,qemu,ready_ms,ms,60,-447.20931099999996,-448.2681402375,-445.87121963749996,candidate faster,"5000 paired-round bootstrap resamples, seed 20261006; percentile 95% CI"
6f,B-FS-TOOLS,filesystem,pvisor-staged,qemu,result_ms,ms,60,-593.2647529999999,-597.4795892375,-590.3679994,candidate faster,"5000 paired-round bootstrap resamples, seed 20261006; percentile 95% CI"
6f,B-FS-TOOLS,filesystem,pvisor-staged,qemu,completion_ms,ms,60,-405.8652855,-409.07755635,-403.29710817500006,candidate faster,"5000 paired-round bootstrap resamples, seed 20261006; percentile 95% CI"
6f,B-FS-TOOLS,filesystem,pvisor-staged,qemu,metadata_worker_ms,ms,60,57.602351,57.198046999999995,57.9269718375,candidate slower,"5000 paired-round bootstrap resamples, seed 20261006; percentile 95% CI"
6f,B-FS-TOOLS,filesystem,pvisor-staged,qemu,read_worker_ms,ms,60,29.547506999999996,28.552113449999997,30.55197048749999,candidate slower,"5000 paired-round bootstrap resamples, seed 20261006; percentile 95% CI"
6f,B-FS-TOOLS,filesystem,pvisor-staged,qemu,write_worker_ms,ms,60,21.205593,21.042569675,21.3295495375,candidate slower,"5000 paired-round bootstrap resamples, seed 20261006; percentile 95% CI"
6f,B-FS-TOOLS,filesystem,pvisor-staged,qemu,git_worker_ms,ms,60,39.74039099999999,37.76050994999999,41.0522042125,candidate slower,"5000 paired-round bootstrap resamples, seed 20261006; percentile 95% CI"
6f,B-FS-TOOLS,filesystem,pvisor-staged,qemu,rg_worker_ms,ms,60,72.240682,71.25257409999999,72.705816,candidate slower,"5000 paired-round bootstrap resamples, seed 20261006; percentile 95% CI"
6f,B-FS-TOOLS,filesystem,pvisor-staged,qemu,cargo_worker_ms,ms,60,-188.582056,-189.629116,-187.74581372499998,candidate faster,"5000 paired-round bootstrap resamples, seed 20261006; percentile 95% CI"
6f,B-FS-TOOLS,filesystem,pvisor-staged,qemu,npm_worker_ms,ms,60,-172.75023349999998,-174.3710887625,-170.90297126250002,candidate faster,"5000 paired-round bootstrap resamples, seed 20261006; percentile 95% CI"
6f,B-FS-TOOLS,filesystem,pvisor-staged,qemu-microvm,ready_ms,ms,60,-333.07061450000003,-334.1754167375,-331.26845393750006,candidate faster,"5000 paired-round bootstrap resamples, seed 20261006; percentile 95% CI"
6f,B-FS-TOOLS,filesystem,pvisor-staged,qemu-microvm,result_ms,ms,60,-595.0712899999999,-607.7826440000001,-586.3776115000001,candidate faster,"5000 paired-round bootstrap resamples, seed 20261006; percentile 95% CI"
6f,B-FS-TOOLS,filesystem,pvisor-staged,qemu-microvm,completion_ms,ms,60,-408.0927379999998,-419.41771541250006,-395.87880518750023,candidate faster,"5000 paired-round bootstrap resamples, seed 20261006; percentile 95% CI"
6f,B-FS-TOOLS,filesystem,pvisor-staged,qemu-microvm,metadata_worker_ms,ms,60,53.61398,53.3125589125,54.365776,candidate slower,"5000 paired-round bootstrap resamples, seed 20261006; percentile 95% CI"
6f,B-FS-TOOLS,filesystem,pvisor-staged,qemu-microvm,read_worker_ms,ms,60,26.793381499999995,25.84328899999999,28.315667000000005,candidate slower,"5000 paired-round bootstrap resamples, seed 20261006; percentile 95% CI"
6f,B-FS-TOOLS,filesystem,pvisor-staged,qemu-microvm,write_worker_ms,ms,60,21.241445,21.090027,21.360968,candidate slower,"5000 paired-round bootstrap resamples, seed 20261006; percentile 95% CI"
6f,B-FS-TOOLS,filesystem,pvisor-staged,qemu-microvm,git_worker_ms,ms,60,-35.012089,-39.8222610375,6.745619000000005,no detected difference,"5000 paired-round bootstrap resamples, seed 20261006; percentile 95% CI"
6f,B-FS-TOOLS,filesystem,pvisor-staged,qemu-microvm,rg_worker_ms,ms,60,71.78333900000001,70.95866616250001,72.50133266249999,candidate slower,"5000 paired-round bootstrap resamples, seed 20261006; percentile 95% CI"
6f,B-FS-TOOLS,filesystem,pvisor-staged,qemu-microvm,cargo_worker_ms,ms,60,-225.18036199999997,-228.22924299999997,-219.53894847499998,candidate faster,"5000 paired-round bootstrap resamples, seed 20261006; percentile 95% CI"
6f,B-FS-TOOLS,filesystem,pvisor-staged,qemu-microvm,npm_worker_ms,ms,60,-194.7013235,-202.25572311250002,-190.19922780000002,candidate faster,"5000 paired-round bootstrap resamples, seed 20261006; percentile 95% CI"
6f,B-FS-TOOLS,filesystem,pvisor-vm,native,ready_ms,ms,60,606.7811449999999,605.4844650375,609.1552297250001,candidate slower,"5000 paired-round bootstrap resamples, seed 20261006; percentile 95% CI"
6f,B-FS-TOOLS,filesystem,pvisor-vm,native,result_ms,ms,60,3642.1402585,3624.0344481,3667.3801149499996,candidate slower,"5000 paired-round bootstrap resamples, seed 20261006; percentile 95% CI"
6f,B-FS-TOOLS,filesystem,pvisor-vm,native,completion_ms,ms,60,3827.7412855,3807.3988284750003,3851.5932854375005,candidate slower,"5000 paired-round bootstrap resamples, seed 20261006; percentile 95% CI"
6f,B-FS-TOOLS,filesystem,pvisor-vm,native,metadata_worker_ms,ms,60,148.3251285,136.40844972499997,154.28913500000002,candidate slower,"5000 paired-round bootstrap resamples, seed 20261006; percentile 95% CI"
6f,B-FS-TOOLS,filesystem,pvisor-vm,native,read_worker_ms,ms,60,83.8347585,83.4176396125,84.346723,candidate slower,"5000 paired-round bootstrap resamples, seed 20261006; percentile 95% CI"
6f,B-FS-TOOLS,filesystem,pvisor-vm,native,write_worker_ms,ms,60,131.537514,129.7550033875,137.23929275,candidate slower,"5000 paired-round bootstrap resamples, seed 20261006; percentile 95% CI"
6f,B-FS-TOOLS,filesystem,pvisor-vm,native,git_worker_ms,ms,60,,,,separated distribution; inspect clusters,"5000 paired-round bootstrap resamples, seed 20261006; percentile 95% CI"
6f,B-FS-TOOLS,filesystem,pvisor-vm,native,rg_worker_ms,ms,60,426.717654,424.26377600000006,427.8746732,candidate slower,"5000 paired-round bootstrap resamples, seed 20261006; percentile 95% CI"
6f,B-FS-TOOLS,filesystem,pvisor-vm,native,cargo_worker_ms,ms,60,431.69144200000005,428.91788817500003,434.22476900000004,candidate slower,"5000 paired-round bootstrap resamples, seed 20261006; percentile 95% CI"
6f,B-FS-TOOLS,filesystem,pvisor-vm,native,npm_worker_ms,ms,60,1149.6058424999999,1131.6655730875,1157.2309979249999,candidate slower,"5000 paired-round bootstrap resamples, seed 20261006; percentile 95% CI"
6f,B-FS-TOOLS,filesystem,pvisor-vm,docker,ready_ms,ms,60,341.2328419999999,339.103019425,344.27254849999997,candidate slower,"5000 paired-round bootstrap resamples, seed 20261006; percentile 95% CI"
6f,B-FS-TOOLS,filesystem,pvisor-vm,docker,result_ms,ms,60,3337.1816735,3318.4143865125006,3361.7249817500006,candidate slower,"5000 paired-round bootstrap resamples, seed 20261006; percentile 95% CI"
6f,B-FS-TOOLS,filesystem,pvisor-vm,docker,completion_ms,ms,60,3454.9463115,3433.9098949,3478.609742775,candidate slower,"5000 paired-round bootstrap resamples, seed 20261006; percentile 95% CI"
6f,B-FS-TOOLS,filesystem,pvisor-vm,docker,metadata_worker_ms,ms,60,148.3499905,136.454527325,154.3178145,candidate slower,"5000 paired-round bootstrap resamples, seed 20261006; percentile 95% CI"
6f,B-FS-TOOLS,filesystem,pvisor-vm,docker,read_worker_ms,ms,60,83.81050300000001,83.445182,84.3745729875,candidate slower,"5000 paired-round bootstrap resamples, seed 20261006; percentile 95% CI"
6f,B-FS-TOOLS,filesystem,pvisor-vm,docker,write_worker_ms,ms,60,131.341323,129.5313925,137.02949627499999,candidate slower,"5000 paired-round bootstrap resamples, seed 20261006; percentile 95% CI"
6f,B-FS-TOOLS,filesystem,pvisor-vm,docker,git_worker_ms,ms,60,,,,separated distribution; inspect clusters,"5000 paired-round bootstrap resamples, seed 20261006; percentile 95% CI"
6f,B-FS-TOOLS,filesystem,pvisor-vm,docker,rg_worker_ms,ms,60,427.206241,424.7209718875,428.36308445,candidate slower,"5000 paired-round bootstrap resamples, seed 20261006; percentile 95% CI"
6f,B-FS-TOOLS,filesystem,pvisor-vm,docker,cargo_worker_ms,ms,60,434.55113200000005,431.91879858749996,437.11356166250005,candidate slower,"5000 paired-round bootstrap resamples, seed 20261006; percentile 95% CI"
6f,B-FS-TOOLS,filesystem,pvisor-vm,docker,npm_worker_ms,ms,60,1104.38987,1086.68140805,1111.6871984124998,candidate slower,"5000 paired-round bootstrap resamples, seed 20261006; percentile 95% CI"
6f,B-FS-TOOLS,filesystem,pvisor-vm,firecracker,ready_ms,ms,60,-246.73879750000015,-248.4851564875,-244.13306549999993,candidate faster,"5000 paired-round bootstrap resamples, seed 20261006; percentile 95% CI"
6f,B-FS-TOOLS,filesystem,pvisor-vm,firecracker,result_ms,ms,60,1839.0224524999999,1821.3930680000003,1862.0917015499997,candidate slower,"5000 paired-round bootstrap resamples, seed 20261006; percentile 95% CI"
6f,B-FS-TOOLS,filesystem,pvisor-vm,firecracker,completion_ms,ms,60,1979.4496164999996,1959.2682229625,2004.6517044999996,candidate slower,"5000 paired-round bootstrap resamples, seed 20261006; percentile 95% CI"
6f,B-FS-TOOLS,filesystem,pvisor-vm,firecracker,metadata_worker_ms,ms,60,129.5350615,117.72446167499999,135.5462777125,candidate slower,"5000 paired-round bootstrap resamples, seed 20261006; percentile 95% CI"
6f,B-FS-TOOLS,filesystem,pvisor-vm,firecracker,read_worker_ms,ms,60,36.65617250000001,36.27209557499999,37.206986,candidate slower,"5000 paired-round bootstrap resamples, seed 20261006; percentile 95% CI"
6f,B-FS-TOOLS,filesystem,pvisor-vm,firecracker,write_worker_ms,ms,60,92.04730849999999,90.2545016625,97.74231297499999,candidate slower,"5000 paired-round bootstrap resamples, seed 20261006; percentile 95% CI"
6f,B-FS-TOOLS,filesystem,pvisor-vm,firecracker,git_worker_ms,ms,60,,,,separated distribution; inspect clusters,"5000 paired-round bootstrap resamples, seed 20261006; percentile 95% CI"
6f,B-FS-TOOLS,filesystem,pvisor-vm,firecracker,rg_worker_ms,ms,60,418.2487655,415.74057999999997,419.3479118875,candidate slower,"5000 paired-round bootstrap resamples, seed 20261006; percentile 95% CI"
6f,B-FS-TOOLS,filesystem,pvisor-vm,firecracker,cargo_worker_ms,ms,60,108.81522600000005,101.81388035,114.813222,candidate slower,"5000 paired-round bootstrap resamples, seed 20261006; percentile 95% CI"
6f,B-FS-TOOLS,filesystem,pvisor-vm,firecracker,npm_worker_ms,ms,60,773.6593604999998,755.9733019249999,785.2433400000001,candidate slower,"5000 paired-round bootstrap resamples, seed 20261006; percentile 95% CI"
6f,B-FS-TOOLS,filesystem,pvisor-vm,qemu,ready_ms,ms,60,135.5356445,133.60672716250002,138.321059,candidate slower,"5000 paired-round bootstrap resamples, seed 20261006; percentile 95% CI"
6f,B-FS-TOOLS,filesystem,pvisor-vm,qemu,result_ms,ms,60,2631.999968,2614.6864643125,2656.0770520875,candidate slower,"5000 paired-round bootstrap resamples, seed 20261006; percentile 95% CI"
6f,B-FS-TOOLS,filesystem,pvisor-vm,qemu,completion_ms,ms,60,2780.2697084999995,2760.1560212500003,2803.669933,candidate slower,"5000 paired-round bootstrap resamples, seed 20261006; percentile 95% CI"
6f,B-FS-TOOLS,filesystem,pvisor-vm,qemu,metadata_worker_ms,ms,60,137.0423025,125.23212999999998,142.9754449625,candidate slower,"5000 paired-round bootstrap resamples, seed 20261006; percentile 95% CI"
6f,B-FS-TOOLS,filesystem,pvisor-vm,qemu,read_worker_ms,ms,60,79.018679,77.9454206,80.21439589999999,candidate slower,"5000 paired-round bootstrap resamples, seed 20261006; percentile 95% CI"
6f,B-FS-TOOLS,filesystem,pvisor-vm,qemu,write_worker_ms,ms,60,130.13504849999998,128.302365,135.814026,candidate slower,"5000 paired-round bootstrap resamples, seed 20261006; percentile 95% CI"
6f,B-FS-TOOLS,filesystem,pvisor-vm,qemu,git_worker_ms,ms,60,,,,separated distribution; inspect clusters,"5000 paired-round bootstrap resamples, seed 20261006; percentile 95% CI"
6f,B-FS-TOOLS,filesystem,pvisor-vm,qemu,rg_worker_ms,ms,60,421.49890999999997,418.8029725,422.535770275,candidate slower,"5000 paired-round bootstrap resamples, seed 20261006; percentile 95% CI"
6f,B-FS-TOOLS,filesystem,pvisor-vm,qemu,cargo_worker_ms,ms,60,222.35442950000004,219.42291407500002,224.95394149999998,candidate slower,"5000 paired-round bootstrap resamples, seed 20261006; percentile 95% CI"
6f,B-FS-TOOLS,filesystem,pvisor-vm,qemu,npm_worker_ms,ms,60,920.7442959999998,903.0215606625,928.1358776375,candidate slower,"5000 paired-round bootstrap resamples, seed 20261006; percentile 95% CI"
6f,B-FS-TOOLS,filesystem,pvisor-vm,qemu-microvm,ready_ms,ms,60,249.6743409999999,248.00384350000002,252.78331749999995,candidate slower,"5000 paired-round bootstrap resamples, seed 20261006; percentile 95% CI"
6f,B-FS-TOOLS,filesystem,pvisor-vm,qemu-microvm,result_ms,ms,60,2630.193431,2609.516137275,2656.9682620124995,candidate slower,"5000 paired-round bootstrap resamples, seed 20261006; percentile 95% CI"
6f,B-FS-TOOLS,filesystem,pvisor-vm,qemu-microvm,completion_ms,ms,60,2778.0422559999997,2754.1671570625003,2807.7353716249995,candidate slower,"5000 paired-round bootstrap resamples, seed 20261006; percentile 95% CI"
6f,B-FS-TOOLS,filesystem,pvisor-vm,qemu-microvm,metadata_worker_ms,ms,60,133.0539315,121.22751973749999,139.41695347499999,candidate slower,"5000 paired-round bootstrap resamples, seed 20261006; percentile 95% CI"
6f,B-FS-TOOLS,filesystem,pvisor-vm,qemu-microvm,read_worker_ms,ms,60,76.2645535,75.33122255000002,77.711175175,candidate slower,"5000 paired-round bootstrap resamples, seed 20261006; percentile 95% CI"
6f,B-FS-TOOLS,filesystem,pvisor-vm,qemu-microvm,write_worker_ms,ms,60,130.1709005,128.35184666249998,135.8148881375,candidate slower,"5000 paired-round bootstrap resamples, seed 20261006; percentile 95% CI"
6f,B-FS-TOOLS,filesystem,pvisor-vm,qemu-microvm,git_worker_ms,ms,60,,,,separated distribution; inspect clusters,"5000 paired-round bootstrap resamples, seed 20261006; percentile 95% CI"
6f,B-FS-TOOLS,filesystem,pvisor-vm,qemu-microvm,rg_worker_ms,ms,60,421.041567,418.633462075,422.21144891250003,candidate slower,"5000 paired-round bootstrap resamples, seed 20261006; percentile 95% CI"
6f,B-FS-TOOLS,filesystem,pvisor-vm,qemu-microvm,cargo_worker_ms,ms,60,185.75612350000006,181.46235757499997,191.87671849999992,candidate slower,"5000 paired-round bootstrap resamples, seed 20261006; percentile 95% CI"
6f,B-FS-TOOLS,filesystem,pvisor-vm,qemu-microvm,npm_worker_ms,ms,60,898.7932059999998,878.6759659999999,907.9763102874999,candidate slower,"5000 paired-round bootstrap resamples, seed 20261006; percentile 95% CI"
6t,B-AGENT-TASK,tools,pvisor-host,native,ready_ms,ms,60,10.873785999999996,10.566944024999996,11.167274499999998,candidate slower,"5000 paired-round bootstrap resamples, seed 20261006; percentile 95% CI"
6t,B-AGENT-TASK,tools,pvisor-host,native,result_ms,ms,60,9.454122999999981,7.415629500000023,11.104562512500026,candidate slower,"5000 paired-round bootstrap resamples, seed 20261006; percentile 95% CI"
6t,B-AGENT-TASK,tools,pvisor-host,native,completion_ms,ms,60,18.139004,16.43011643750002,21.727800787499973,candidate slower,"5000 paired-round bootstrap resamples, seed 20261006; percentile 95% CI"
6t,B-AGENT-TASK,tools,pvisor-host,docker,ready_ms,ms,60,-236.32684249999997,-237.4861637375,-235.2630086875,candidate faster,"5000 paired-round bootstrap resamples, seed 20261006; percentile 95% CI"
6t,B-AGENT-TASK,tools,pvisor-host,docker,result_ms,ms,60,-299.28819650000014,-301.7953215,-296.62349223749993,candidate faster,"5000 paired-round bootstrap resamples, seed 20261006; percentile 95% CI"
6t,B-AGENT-TASK,tools,pvisor-host,docker,completion_ms,ms,60,-351.78500649999995,-354.5462160000001,-348.14711165,candidate faster,"5000 paired-round bootstrap resamples, seed 20261006; percentile 95% CI"
6t,B-AGENT-TASK,tools,pvisor-host,firecracker,ready_ms,ms,60,-831.5718880000001,-833.3276589999999,-828.671997025,candidate faster,"5000 paired-round bootstrap resamples, seed 20261006; percentile 95% CI"
6t,B-AGENT-TASK,tools,pvisor-host,firecracker,result_ms,ms,60,-1703.6104675000004,-1710.7874812874998,-1693.4075540125002,candidate faster,"5000 paired-round bootstrap resamples, seed 20261006; percentile 95% CI"
6t,B-AGENT-TASK,tools,pvisor-host,firecracker,completion_ms,ms,60,-1739.7438934999998,-1745.350679,-1724.5260795000002,candidate faster,"5000 paired-round bootstrap resamples, seed 20261006; percentile 95% CI"
6t,B-AGENT-TASK,tools,pvisor-host,qemu,ready_ms,ms,60,-451.8012575,-453.78472836250006,-449.84558250000003,candidate faster,"5000 paired-round bootstrap resamples, seed 20261006; percentile 95% CI"
6t,B-AGENT-TASK,tools,pvisor-host,qemu,result_ms,ms,60,-967.3241675000002,-970.11422,-965.9990312875,candidate faster,"5000 paired-round bootstrap resamples, seed 20261006; percentile 95% CI"
6t,B-AGENT-TASK,tools,pvisor-host,qemu,completion_ms,ms,60,-999.7831255000001,-1001.91001735,-995.8834267374999,candidate faster,"5000 paired-round bootstrap resamples, seed 20261006; percentile 95% CI"
6t,B-AGENT-TASK,tools,pvisor-host,qemu-microvm,ready_ms,ms,60,-335.1622705,-337.08423788749997,-333.3519817125,candidate faster,"5000 paired-round bootstrap resamples, seed 20261006; percentile 95% CI"
6t,B-AGENT-TASK,tools,pvisor-host,qemu-microvm,result_ms,ms,60,-910.1972270000001,-914.9620282249999,-899.9455116999999,candidate faster,"5000 paired-round bootstrap resamples, seed 20261006; percentile 95% CI"
6t,B-AGENT-TASK,tools,pvisor-host,qemu-microvm,completion_ms,ms,60,-938.3091179999999,-943.411850725,-932.7866233875,candidate faster,"5000 paired-round bootstrap resamples, seed 20261006; percentile 95% CI"
6t,B-AGENT-TASK,tools,pvisor-staged,native,ready_ms,ms,60,22.852522999999998,22.6127116875,23.128051500000005,candidate slower,"5000 paired-round bootstrap resamples, seed 20261006; percentile 95% CI"
6t,B-AGENT-TASK,tools,pvisor-staged,native,result_ms,ms,60,122.9692,121.48503587499995,124.6583408,candidate slower,"5000 paired-round bootstrap resamples, seed 20261006; percentile 95% CI"
6t,B-AGENT-TASK,tools,pvisor-staged,native,completion_ms,ms,60,194.08039100000002,191.90169716249991,195.6169697375,candidate slower,"5000 paired-round bootstrap resamples, seed 20261006; percentile 95% CI"
6t,B-AGENT-TASK,tools,pvisor-staged,docker,ready_ms,ms,60,-224.34810549999997,-225.46763005,-223.25316504999998,candidate faster,"5000 paired-round bootstrap resamples, seed 20261006; percentile 95% CI"
6t,B-AGENT-TASK,tools,pvisor-staged,docker,result_ms,ms,60,-185.77311950000012,-187.70295967500013,-182.89165912499996,candidate faster,"5000 paired-round bootstrap resamples, seed 20261006; percentile 95% CI"
6t,B-AGENT-TASK,tools,pvisor-staged,docker,completion_ms,ms,60,-175.84361949999993,-178.8527772625,-174.54775623749993,candidate faster,"5000 paired-round bootstrap resamples, seed 20261006; percentile 95% CI"
6t,B-AGENT-TASK,tools,pvisor-staged,firecracker,ready_ms,ms,60,-819.593151,-821.30272,-816.696817875,candidate faster,"5000 paired-round bootstrap resamples, seed 20261006; percentile 95% CI"
6t,B-AGENT-TASK,tools,pvisor-staged,firecracker,result_ms,ms,60,-1590.0953905000003,-1596.9234810000003,-1579.4112954624998,candidate faster,"5000 paired-round bootstrap resamples, seed 20261006; percentile 95% CI"
6t,B-AGENT-TASK,tools,pvisor-staged,firecracker,completion_ms,ms,60,-1563.8025064999997,-1569.2080623499996,-1549.5112864,candidate faster,"5000 paired-round bootstrap resamples, seed 20261006; percentile 95% CI"
6t,B-AGENT-TASK,tools,pvisor-staged,qemu,ready_ms,ms,60,-439.8225205,-441.7306994125,-437.8880003875,candidate faster,"5000 paired-round bootstrap resamples, seed 20261006; percentile 95% CI"
6t,B-AGENT-TASK,tools,pvisor-staged,qemu,result_ms,ms,60,-853.8090905000001,-856.1939794999998,-852.2209556250001,candidate faster,"5000 paired-round bootstrap resamples, seed 20261006; percentile 95% CI"
6t,B-AGENT-TASK,tools,pvisor-staged,qemu,completion_ms,ms,60,-823.8417385,-826.1665521749999,-821.9865510000002,candidate faster,"5000 paired-round bootstrap resamples, seed 20261006; percentile 95% CI"
6t,B-AGENT-TASK,tools,pvisor-staged,qemu-microvm,ready_ms,ms,60,-323.1835335,-325.0329396,-321.4077599875,candidate faster,"5000 paired-round bootstrap resamples, seed 20261006; percentile 95% CI"
6t,B-AGENT-TASK,tools,pvisor-staged,qemu-microvm,result_ms,ms,60,-796.6821500000001,-800.8693209999999,-786.289923825,candidate faster,"5000 paired-round bootstrap resamples, seed 20261006; percentile 95% CI"
6t,B-AGENT-TASK,tools,pvisor-staged,qemu-microvm,completion_ms,ms,60,-762.3677309999998,-767.6874858374999,-757.1139512125001,candidate faster,"5000 paired-round bootstrap resamples, seed 20261006; percentile 95% CI"
6t,B-AGENT-TASK,tools,pvisor-vm,native,ready_ms,ms,60,592.740708,592.0582413375001,594.297631825,candidate slower,"5000 paired-round bootstrap resamples, seed 20261006; percentile 95% CI"
6t,B-AGENT-TASK,tools,pvisor-vm,native,result_ms,ms,60,2688.518121,2682.7794801625,2695.609975,candidate slower,"5000 paired-round bootstrap resamples, seed 20261006; percentile 95% CI"
6t,B-AGENT-TASK,tools,pvisor-vm,native,completion_ms,ms,60,2805.451414,2788.139839825,2809.59631165,candidate slower,"5000 paired-round bootstrap resamples, seed 20261006; percentile 95% CI"
6t,B-AGENT-TASK,tools,pvisor-vm,docker,ready_ms,ms,60,345.54007950000005,344.2189832875,347.3295747625001,candidate slower,"5000 paired-round bootstrap resamples, seed 20261006; percentile 95% CI"
6t,B-AGENT-TASK,tools,pvisor-vm,docker,result_ms,ms,60,2379.7758015,2373.4368082375004,2387.054418325,candidate slower,"5000 paired-round bootstrap resamples, seed 20261006; percentile 95% CI"
6t,B-AGENT-TASK,tools,pvisor-vm,docker,completion_ms,ms,60,2435.5274035,2417.7486820999998,2439.4411514624994,candidate slower,"5000 paired-round bootstrap resamples, seed 20261006; percentile 95% CI"
6t,B-AGENT-TASK,tools,pvisor-vm,firecracker,ready_ms,ms,60,-249.704966,-251.5067900625,-246.6351107749999,candidate faster,"5000 paired-round bootstrap resamples, seed 20261006; percentile 95% CI"
6t,B-AGENT-TASK,tools,pvisor-vm,firecracker,result_ms,ms,60,975.4535304999999,966.4247060000002,987.8057356375001,candidate slower,"5000 paired-round bootstrap resamples, seed 20261006; percentile 95% CI"
6t,B-AGENT-TASK,tools,pvisor-vm,firecracker,completion_ms,ms,60,1047.5685165000004,1032.8302713625003,1062.481721,candidate slower,"5000 paired-round bootstrap resamples, seed 20261006; percentile 95% CI"
6t,B-AGENT-TASK,tools,pvisor-vm,qemu,ready_ms,ms,60,130.06566450000003,128.03684640000006,132.42141411250006,candidate slower,"5000 paired-round bootstrap resamples, seed 20261006; percentile 95% CI"
6t,B-AGENT-TASK,tools,pvisor-vm,qemu,result_ms,ms,60,1711.7398305000002,1705.420957975,1718.4910459999999,candidate slower,"5000 paired-round bootstrap resamples, seed 20261006; percentile 95% CI"
6t,B-AGENT-TASK,tools,pvisor-vm,qemu,completion_ms,ms,60,1787.5292845000001,1770.8952814999998,1791.6554382874997,candidate slower,"5000 paired-round bootstrap resamples, seed 20261006; percentile 95% CI"
6t,B-AGENT-TASK,tools,pvisor-vm,qemu-microvm,ready_ms,ms,60,246.7046515,244.79741627499996,248.61879882500008,candidate slower,"5000 paired-round bootstrap resamples, seed 20261006; percentile 95% CI"
6t,B-AGENT-TASK,tools,pvisor-vm,qemu-microvm,result_ms,ms,60,1768.8667710000002,1760.9627112875,1780.5912436249998,candidate slower,"5000 paired-round bootstrap resamples, seed 20261006; percentile 95% CI"
6t,B-AGENT-TASK,tools,pvisor-vm,qemu-microvm,completion_ms,ms,60,1849.0032920000003,1834.4349965625,1855.7837229999998,candidate slower,"5000 paired-round bootstrap resamples, seed 20261006; percentile 95% CI"
6c,B-AGENT-TASK,env,pvisor-host,native,ready_ms,ms,30,10.535491000000007,7.818833812499988,12.249627425000003,candidate slower,"5000 paired-round bootstrap resamples, seed 20261006; percentile 95% CI"
6c,B-AGENT-TASK,env,pvisor-host,native,result_ms,ms,30,10.537354000000022,7.81302705000001,12.2518867625,candidate slower,"5000 paired-round bootstrap resamples, seed 20261006; percentile 95% CI"
6c,B-AGENT-TASK,env,pvisor-host,native,completion_ms,ms,30,22.388921500000038,12.50359499999999,24.34092000000004,candidate slower,"5000 paired-round bootstrap resamples, seed 20261006; percentile 95% CI"
6c,B-AGENT-TASK,env,pvisor-host,docker,ready_ms,ms,30,-234.33490700000002,-239.1725553,-231.5295949625,candidate faster,"5000 paired-round bootstrap resamples, seed 20261006; percentile 95% CI"
6c,B-AGENT-TASK,env,pvisor-host,docker,result_ms,ms,30,-234.3264965,-239.1689170875,-231.53378849999999,candidate faster,"5000 paired-round bootstrap resamples, seed 20261006; percentile 95% CI"
6c,B-AGENT-TASK,env,pvisor-host,docker,completion_ms,ms,30,-262.453428,-272.4945305,-257.9108976875,candidate faster,"5000 paired-round bootstrap resamples, seed 20261006; percentile 95% CI"
6c,B-AGENT-TASK,env,pvisor-host,firecracker,ready_ms,ms,30,-1301.1068840000003,-1316.2132544125002,-1291.375017675,candidate faster,"5000 paired-round bootstrap resamples, seed 20261006; percentile 95% CI"
6c,B-AGENT-TASK,env,pvisor-host,firecracker,result_ms,ms,30,-1303.185399,-1318.408197025,-1293.6630445,candidate faster,"5000 paired-round bootstrap resamples, seed 20261006; percentile 95% CI"
6c,B-AGENT-TASK,env,pvisor-host,firecracker,completion_ms,ms,30,-1329.6641845000001,-1345.9621868374998,-1319.7271859999998,candidate faster,"5000 paired-round bootstrap resamples, seed 20261006; percentile 95% CI"
6c,B-AGENT-TASK,env,pvisor-host,qemu,ready_ms,ms,30,-677.807151,-687.6189955000001,-671.9833198375001,candidate faster,"5000 paired-round bootstrap resamples, seed 20261006; percentile 95% CI"
6c,B-AGENT-TASK,env,pvisor-host,qemu,result_ms,ms,30,-681.3775854999999,-690.978578,-675.3227612000001,candidate faster,"5000 paired-round bootstrap resamples, seed 20261006; percentile 95% CI"
6c,B-AGENT-TASK,env,pvisor-host,qemu,completion_ms,ms,30,-702.6797185,-714.3934024999999,-694.1958774999999,candidate faster,"5000 paired-round bootstrap resamples, seed 20261006; percentile 95% CI"
6c,B-AGENT-TASK,env,pvisor-host,qemu-microvm,ready_ms,ms,30,-604.535451,-614.849288,-596.0299260500001,candidate faster,"5000 paired-round bootstrap resamples, seed 20261006; percentile 95% CI"
6c,B-AGENT-TASK,env,pvisor-host,qemu-microvm,result_ms,ms,30,-607.6167129999999,-618.180362,-599.0168365,candidate faster,"5000 paired-round bootstrap resamples, seed 20261006; percentile 95% CI"
6c,B-AGENT-TASK,env,pvisor-host,qemu-microvm,completion_ms,ms,30,-621.357156,-632.1563435,-615.0414247,candidate faster,"5000 paired-round bootstrap resamples, seed 20261006; percentile 95% CI"
6c,B-AGENT-TASK,env,pvisor-staged,native,ready_ms,ms,30,22.234192500000006,20.595442387499975,24.90615600000001,candidate slower,"5000 paired-round bootstrap resamples, seed 20261006; percentile 95% CI"
6c,B-AGENT-TASK,env,pvisor-staged,native,result_ms,ms,30,22.23422750000003,20.59010063750002,24.903325999999993,candidate slower,"5000 paired-round bootstrap resamples, seed 20261006; percentile 95% CI"
6c,B-AGENT-TASK,env,pvisor-staged,native,completion_ms,ms,30,42.813060500000006,41.64353199999999,44.76505900000001,candidate slower,"5000 paired-round bootstrap resamples, seed 20261006; percentile 95% CI"
6c,B-AGENT-TASK,env,pvisor-staged,docker,ready_ms,ms,30,-222.63620550000002,-226.9183335,-219.54935799999998,candidate faster,"5000 paired-round bootstrap resamples, seed 20261006; percentile 95% CI"
6c,B-AGENT-TASK,env,pvisor-staged,docker,result_ms,ms,30,-222.62962299999998,-226.91238649999997,-219.55398200000002,candidate faster,"5000 paired-round bootstrap resamples, seed 20261006; percentile 95% CI"
6c,B-AGENT-TASK,env,pvisor-staged,docker,completion_ms,ms,30,-242.029289,-246.80674357499998,-236.39771278750004,candidate faster,"5000 paired-round bootstrap resamples, seed 20261006; percentile 95% CI"
6c,B-AGENT-TASK,env,pvisor-staged,firecracker,ready_ms,ms,30,-1289.4081825000003,-1304.1827360000002,-1279.212711,candidate faster,"5000 paired-round bootstrap resamples, seed 20261006; percentile 95% CI"
6c,B-AGENT-TASK,env,pvisor-staged,firecracker,result_ms,ms,30,-1291.4885255,-1306.4286425,-1281.5644497750002,candidate faster,"5000 paired-round bootstrap resamples, seed 20261006; percentile 95% CI"
6c,B-AGENT-TASK,env,pvisor-staged,firecracker,completion_ms,ms,30,-1309.2400455000002,-1321.2536183125,-1298.9754872,candidate faster,"5000 paired-round bootstrap resamples, seed 20261006; percentile 95% CI"
6c,B-AGENT-TASK,env,pvisor-staged,qemu,ready_ms,ms,30,-666.1084495,-674.750315,-660.5419986125,candidate faster,"5000 paired-round bootstrap resamples, seed 20261006; percentile 95% CI"
6c,B-AGENT-TASK,env,pvisor-staged,qemu,result_ms,ms,30,-669.6807119999999,-678.13939715,-663.855935,candidate faster,"5000 paired-round bootstrap resamples, seed 20261006; percentile 95% CI"
6c,B-AGENT-TASK,env,pvisor-staged,qemu,completion_ms,ms,30,-682.2555795000001,-689.1266930125,-673.132636,candidate faster,"5000 paired-round bootstrap resamples, seed 20261006; percentile 95% CI"
6c,B-AGENT-TASK,env,pvisor-staged,qemu-microvm,ready_ms,ms,30,-592.8367495,-601.8166615,-584.0579554750002,candidate faster,"5000 paired-round bootstrap resamples, seed 20261006; percentile 95% CI"
6c,B-AGENT-TASK,env,pvisor-staged,qemu-microvm,result_ms,ms,30,-595.9198394999999,-604.881157,-587.2300566250001,candidate faster,"5000 paired-round bootstrap resamples, seed 20261006; percentile 95% CI"
6c,B-AGENT-TASK,env,pvisor-staged,qemu-microvm,completion_ms,ms,30,-600.9330170000001,-609.1772615,-591.718813,candidate faster,"5000 paired-round bootstrap resamples, seed 20261006; percentile 95% CI"
6c,B-AGENT-TASK,env,pvisor-vm,native,ready_ms,ms,30,886.5388624999998,881.6877235000002,891.2154351874998,candidate slower,"5000 paired-round bootstrap resamples, seed 20261006; percentile 95% CI"
6c,B-AGENT-TASK,env,pvisor-vm,native,result_ms,ms,30,888.104249,882.9994815,892.237539,candidate slower,"5000 paired-round bootstrap resamples, seed 20261006; percentile 95% CI"
6c,B-AGENT-TASK,env,pvisor-vm,native,completion_ms,ms,30,950.7170279999999,948.8924118124999,968.75633,candidate slower,"5000 paired-round bootstrap resamples, seed 20261006; percentile 95% CI"
6c,B-AGENT-TASK,env,pvisor-vm,docker,ready_ms,ms,30,641.6684644999998,636.7372290000001,645.9636068624998,candidate slower,"5000 paired-round bootstrap resamples, seed 20261006; percentile 95% CI"
6c,B-AGENT-TASK,env,pvisor-vm,docker,result_ms,ms,30,643.2403985,637.5905625,647.1444104999999,candidate slower,"5000 paired-round bootstrap resamples, seed 20261006; percentile 95% CI"
6c,B-AGENT-TASK,env,pvisor-vm,docker,completion_ms,ms,30,665.8746784999998,662.1317395624999,682.6669545249999,candidate slower,"5000 paired-round bootstrap resamples, seed 20261006; percentile 95% CI"
6c,B-AGENT-TASK,env,pvisor-vm,firecracker,ready_ms,ms,30,-425.1035125000003,-441.08634462499987,-414.7535485000001,candidate faster,"5000 paired-round bootstrap resamples, seed 20261006; percentile 95% CI"
6c,B-AGENT-TASK,env,pvisor-vm,firecracker,result_ms,ms,30,-425.61850400000003,-442.25134620000006,-415.1940055,candidate faster,"5000 paired-round bootstrap resamples, seed 20261006; percentile 95% CI"
6c,B-AGENT-TASK,env,pvisor-vm,firecracker,completion_ms,ms,30,-401.33607800000027,-413.45337073749994,-386.41883400000006,candidate faster,"5000 paired-round bootstrap resamples, seed 20261006; percentile 95% CI"
6c,B-AGENT-TASK,env,pvisor-vm,qemu,ready_ms,ms,30,198.19622049999987,188.09592299999997,204.33925199999987,candidate slower,"5000 paired-round bootstrap resamples, seed 20261006; percentile 95% CI"
6c,B-AGENT-TASK,env,pvisor-vm,qemu,result_ms,ms,30,196.18930950000004,185.36922342499994,202.81732549999992,candidate slower,"5000 paired-round bootstrap resamples, seed 20261006; percentile 95% CI"
6c,B-AGENT-TASK,env,pvisor-vm,qemu,completion_ms,ms,30,225.64838799999984,219.89114179999984,242.76047900000003,candidate slower,"5000 paired-round bootstrap resamples, seed 20261006; percentile 95% CI"
6c,B-AGENT-TASK,env,pvisor-vm,qemu-microvm,ready_ms,ms,30,271.4679204999999,262.27529549999997,278.5998625000002,candidate slower,"5000 paired-round bootstrap resamples, seed 20261006; percentile 95% CI"
6c,B-AGENT-TASK,env,pvisor-vm,qemu-microvm,result_ms,ms,30,269.95018200000004,260.7437287374999,276.75614116250006,candidate slower,"5000 paired-round bootstrap resamples, seed 20261006; percentile 95% CI"
6c,B-AGENT-TASK,env,pvisor-vm,qemu-microvm,completion_ms,ms,30,306.97095049999984,301.01771481249983,321.3123150000001,candidate slower,"5000 paired-round bootstrap resamples, seed 20261006; percentile 95% CI"
6c,B-AGENT-TASK,claude,pvisor-host,native,ready_ms,ms,30,11.126769499999995,10.773723224999996,11.857197299999997,candidate slower,"5000 paired-round bootstrap resamples, seed 20261006; percentile 95% CI"
6c,B-AGENT-TASK,claude,pvisor-host,native,result_ms,ms,30,6.9230770000001485,2.8397805000000744,14.722653450000037,candidate slower,"5000 paired-round bootstrap resamples, seed 20261006; percentile 95% CI"
6c,B-AGENT-TASK,claude,pvisor-host,native,completion_ms,ms,30,16.496594500000015,9.69569330000002,22.4309384,candidate slower,"5000 paired-round bootstrap resamples, seed 20261006; percentile 95% CI"
6c,B-AGENT-TASK,claude,pvisor-host,docker,ready_ms,ms,30,-240.57703600000002,-245.94734963749997,-238.0208015,candidate faster,"5000 paired-round bootstrap resamples, seed 20261006; percentile 95% CI"
6c,B-AGENT-TASK,claude,pvisor-host,docker,result_ms,ms,30,-275.2888224999999,-285.2096943749999,-268.1307216249999,candidate faster,"5000 paired-round bootstrap resamples, seed 20261006; percentile 95% CI"
6c,B-AGENT-TASK,claude,pvisor-host,docker,completion_ms,ms,30,-330.6381550000001,-342.29359555,-322.631203,candidate faster,"5000 paired-round bootstrap resamples, seed 20261006; percentile 95% CI"
6c,B-AGENT-TASK,claude,pvisor-host,firecracker,ready_ms,ms,30,-835.8804095,-836.8262075,-833.3689295,candidate faster,"5000 paired-round bootstrap resamples, seed 20261006; percentile 95% CI"
6c,B-AGENT-TASK,claude,pvisor-host,firecracker,result_ms,ms,30,-2160.649036,-2173.7089718499997,-2147.92434935,candidate faster,"5000 paired-round bootstrap resamples, seed 20261006; percentile 95% CI"
6c,B-AGENT-TASK,claude,pvisor-host,firecracker,completion_ms,ms,30,-2202.1129235000003,-2213.9200299999998,-2191.8998130000004,candidate faster,"5000 paired-round bootstrap resamples, seed 20261006; percentile 95% CI"
6c,B-AGENT-TASK,claude,pvisor-host,qemu,ready_ms,ms,30,-451.39306650000003,-452.294846775,-449.763272,candidate faster,"5000 paired-round bootstrap resamples, seed 20261006; percentile 95% CI"
6c,B-AGENT-TASK,claude,pvisor-host,qemu,result_ms,ms,30,-1255.109826,-1273.651944275,-1230.803961,candidate faster,"5000 paired-round bootstrap resamples, seed 20261006; percentile 95% CI"
6c,B-AGENT-TASK,claude,pvisor-host,qemu,completion_ms,ms,30,-1287.8988279999999,-1306.7896872249999,-1263.3995118499997,candidate faster,"5000 paired-round bootstrap resamples, seed 20261006; percentile 95% CI"
6c,B-AGENT-TASK,claude,pvisor-host,qemu-microvm,ready_ms,ms,30,-336.75993300000005,-337.604772,-335.184977,candidate faster,"5000 paired-round bootstrap resamples, seed 20261006; percentile 95% CI"
6c,B-AGENT-TASK,claude,pvisor-host,qemu-microvm,result_ms,ms,30,-1232.5605954999999,-1250.9272584999999,-1219.788882,candidate faster,"5000 paired-round bootstrap resamples, seed 20261006; percentile 95% CI"
6c,B-AGENT-TASK,claude,pvisor-host,qemu-microvm,completion_ms,ms,30,-1265.477406,-1280.854386,-1253.985923,candidate faster,"5000 paired-round bootstrap resamples, seed 20261006; percentile 95% CI"
6c,B-AGENT-TASK,claude,pvisor-staged,native,ready_ms,ms,30,22.990732,22.5199152875,23.1929794,candidate slower,"5000 paired-round bootstrap resamples, seed 20261006; percentile 95% CI"
6c,B-AGENT-TASK,claude,pvisor-staged,native,result_ms,ms,30,136.89064700000006,132.44085245000002,142.51764908750013,candidate slower,"5000 paired-round bootstrap resamples, seed 20261006; percentile 95% CI"
6c,B-AGENT-TASK,claude,pvisor-staged,native,completion_ms,ms,30,219.30545300000006,213.24982,229.64807400000007,candidate slower,"5000 paired-round bootstrap resamples, seed 20261006; percentile 95% CI"
6c,B-AGENT-TASK,claude,pvisor-staged,docker,ready_ms,ms,30,-228.7130735,-234.23573800000003,-226.1842511875,candidate faster,"5000 paired-round bootstrap resamples, seed 20261006; percentile 95% CI"
6c,B-AGENT-TASK,claude,pvisor-staged,docker,result_ms,ms,30,-145.3212525,-155.19468081249988,-140.30065650000006,candidate faster,"5000 paired-round bootstrap resamples, seed 20261006; percentile 95% CI"
6c,B-AGENT-TASK,claude,pvisor-staged,docker,completion_ms,ms,30,-127.82929650000005,-137.9067365000002,-116.72436850000008,candidate faster,"5000 paired-round bootstrap resamples, seed 20261006; percentile 95% CI"
6c,B-AGENT-TASK,claude,pvisor-staged,firecracker,ready_ms,ms,30,-824.016447,-824.97710125,-821.5943268875001,candidate faster,"5000 paired-round bootstrap resamples, seed 20261006; percentile 95% CI"
6c,B-AGENT-TASK,claude,pvisor-staged,firecracker,result_ms,ms,30,-2030.681466,-2044.2224229999997,-2018.872577,candidate faster,"5000 paired-round bootstrap resamples, seed 20261006; percentile 95% CI"
6c,B-AGENT-TASK,claude,pvisor-staged,firecracker,completion_ms,ms,30,-1999.3040650000003,-2011.445299,-1988.207346875,candidate faster,"5000 paired-round bootstrap resamples, seed 20261006; percentile 95% CI"
6c,B-AGENT-TASK,claude,pvisor-staged,qemu,ready_ms,ms,30,-439.529104,-440.43454749999995,-437.9601545,candidate faster,"5000 paired-round bootstrap resamples, seed 20261006; percentile 95% CI"
6c,B-AGENT-TASK,claude,pvisor-staged,qemu,result_ms,ms,30,-1125.142256,-1142.8029599375002,-1102.364459,candidate faster,"5000 paired-round bootstrap resamples, seed 20261006; percentile 95% CI"
6c,B-AGENT-TASK,claude,pvisor-staged,qemu,completion_ms,ms,30,-1085.0899694999998,-1103.5084119999997,-1058.0307063624996,candidate faster,"5000 paired-round bootstrap resamples, seed 20261006; percentile 95% CI"
6c,B-AGENT-TASK,claude,pvisor-staged,qemu-microvm,ready_ms,ms,30,-324.89597050000003,-325.90423177499997,-323.33532228750005,candidate faster,"5000 paired-round bootstrap resamples, seed 20261006; percentile 95% CI"
6c,B-AGENT-TASK,claude,pvisor-staged,qemu-microvm,result_ms,ms,30,-1102.5930254999998,-1120.2359705,-1090.112209,candidate faster,"5000 paired-round bootstrap resamples, seed 20261006; percentile 95% CI"
6c,B-AGENT-TASK,claude,pvisor-staged,qemu-microvm,completion_ms,ms,30,-1062.6685475,-1076.1701460499999,-1049.7462738624997,candidate faster,"5000 paired-round bootstrap resamples, seed 20261006; percentile 95% CI"
6c,B-AGENT-TASK,codex,pvisor-host,native,ready_ms,ms,30,10.807204999999996,10.367504500000003,11.175232999999992,candidate slower,"5000 paired-round bootstrap resamples, seed 20261006; percentile 95% CI"
6c,B-AGENT-TASK,codex,pvisor-host,native,result_ms,ms,30,-4.292887000000064,-47.093024375000105,72.6145623999999,no detected difference,"5000 paired-round bootstrap resamples, seed 20261006; percentile 95% CI"
6c,B-AGENT-TASK,codex,pvisor-host,native,completion_ms,ms,30,10.485470500000247,-34.05351449999989,84.70214499999997,no detected difference,"5000 paired-round bootstrap resamples, seed 20261006; percentile 95% CI"
6c,B-AGENT-TASK,codex,pvisor-host,docker,ready_ms,ms,30,-240.16202650000002,-243.75503981249997,-237.545527,candidate faster,"5000 paired-round bootstrap resamples, seed 20261006; percentile 95% CI"
6c,B-AGENT-TASK,codex,pvisor-host,docker,result_ms,ms,30,-4075.8466690000005,-4122.137333199999,-4039.6800369999996,candidate faster,"5000 paired-round bootstrap resamples, seed 20261006; percentile 95% CI"
6c,B-AGENT-TASK,codex,pvisor-host,docker,completion_ms,ms,30,-4127.2986435,-4177.2904085625005,-4092.0365108250007,candidate faster,"5000 paired-round bootstrap resamples, seed 20261006; percentile 95% CI"
6c,B-AGENT-TASK,codex,pvisor-host,firecracker,ready_ms,ms,30,-839.17543,-840.95457845,-835.2301076250001,candidate faster,"5000 paired-round bootstrap resamples, seed 20261006; percentile 95% CI"
6c,B-AGENT-TASK,codex,pvisor-host,firecracker,result_ms,ms,30,-5809.563399000001,-5857.2599759125,-5758.410064999999,candidate faster,"5000 paired-round bootstrap resamples, seed 20261006; percentile 95% CI"
6c,B-AGENT-TASK,codex,pvisor-host,firecracker,completion_ms,ms,30,-5841.532773999999,-5895.4482885,-5801.304089975,candidate faster,"5000 paired-round bootstrap resamples, seed 20261006; percentile 95% CI"
6c,B-AGENT-TASK,codex,pvisor-host,qemu,ready_ms,ms,30,-450.826924,-453.96820145,-449.4633167125,candidate faster,"5000 paired-round bootstrap resamples, seed 20261006; percentile 95% CI"
6c,B-AGENT-TASK,codex,pvisor-host,qemu,result_ms,ms,30,-5024.101006000001,-5076.76835115,-4983.0882090000005,candidate faster,"5000 paired-round bootstrap resamples, seed 20261006; percentile 95% CI"
6c,B-AGENT-TASK,codex,pvisor-host,qemu,completion_ms,ms,30,-5053.4808615,-5107.125296462499,-5013.126386225001,candidate faster,"5000 paired-round bootstrap resamples, seed 20261006; percentile 95% CI"
6c,B-AGENT-TASK,codex,pvisor-host,qemu-microvm,ready_ms,ms,30,-336.11089599999997,-338.59401086250006,-334.98202586249994,candidate faster,"5000 paired-round bootstrap resamples, seed 20261006; percentile 95% CI"
6c,B-AGENT-TASK,codex,pvisor-host,qemu-microvm,result_ms,ms,30,-4960.699258000001,-5010.7497674999995,-4917.7571505,candidate faster,"5000 paired-round bootstrap resamples, seed 20261006; percentile 95% CI"
6c,B-AGENT-TASK,codex,pvisor-host,qemu-microvm,completion_ms,ms,30,-4984.595456000001,-5038.235155,-4942.9614267625,candidate faster,"5000 paired-round bootstrap resamples, seed 20261006; percentile 95% CI"
6c,B-AGENT-TASK,codex,pvisor-staged,native,ready_ms,ms,30,23.1740115,22.784668000000003,23.6319845,candidate slower,"5000 paired-round bootstrap resamples, seed 20261006; percentile 95% CI"
6c,B-AGENT-TASK,codex,pvisor-staged,native,result_ms,ms,30,155.09741050000002,59.6581852624998,232.76690750000012,candidate slower,"5000 paired-round bootstrap resamples, seed 20261006; percentile 95% CI"
6c,B-AGENT-TASK,codex,pvisor-staged,native,completion_ms,ms,30,273.3309730000001,184.82439999999997,359.85893350000026,candidate slower,"5000 paired-round bootstrap resamples, seed 20261006; percentile 95% CI"
6c,B-AGENT-TASK,codex,pvisor-staged,docker,ready_ms,ms,30,-227.79522000000003,-231.328322,-225.152433475,candidate faster,"5000 paired-round bootstrap resamples, seed 20261006; percentile 95% CI"
6c,B-AGENT-TASK,codex,pvisor-staged,docker,result_ms,ms,30,-3916.4563715000004,-4008.9745549375,-3865.559679,candidate faster,"5000 paired-round bootstrap resamples, seed 20261006; percentile 95% CI"
6c,B-AGENT-TASK,codex,pvisor-staged,docker,completion_ms,ms,30,-3864.453141,-3948.1561826625007,-3804.448676,candidate faster,"5000 paired-round bootstrap resamples, seed 20261006; percentile 95% CI"
6c,B-AGENT-TASK,codex,pvisor-staged,firecracker,ready_ms,ms,30,-826.8086235000001,-828.5920727625,-822.8537069750001,candidate faster,"5000 paired-round bootstrap resamples, seed 20261006; percentile 95% CI"
6c,B-AGENT-TASK,codex,pvisor-staged,firecracker,result_ms,ms,30,-5650.1731015000005,-5745.586634925001,-5593.7903785,candidate faster,"5000 paired-round bootstrap resamples, seed 20261006; percentile 95% CI"
6c,B-AGENT-TASK,codex,pvisor-staged,firecracker,completion_ms,ms,30,-5578.6872715,-5668.556545,-5517.6470924625,candidate faster,"5000 paired-round bootstrap resamples, seed 20261006; percentile 95% CI"
6c,B-AGENT-TASK,codex,pvisor-staged,qemu,ready_ms,ms,30,-438.4601175,-441.5603345,-436.94526262499994,candidate faster,"5000 paired-round bootstrap resamples, seed 20261006; percentile 95% CI"
6c,B-AGENT-TASK,codex,pvisor-staged,qemu,result_ms,ms,30,-4864.710708500001,-4960.3220682500005,-4814.762059037501,candidate faster,"5000 paired-round bootstrap resamples, seed 20261006; percentile 95% CI"
6c,B-AGENT-TASK,codex,pvisor-staged,qemu,completion_ms,ms,30,-4790.635359,-4878.146803999999,-4729.145066,candidate faster,"5000 paired-round bootstrap resamples, seed 20261006; percentile 95% CI"
6c,B-AGENT-TASK,codex,pvisor-staged,qemu-microvm,ready_ms,ms,30,-323.7440895,-326.12475797499997,-322.525612475,candidate faster,"5000 paired-round bootstrap resamples, seed 20261006; percentile 95% CI"
6c,B-AGENT-TASK,codex,pvisor-staged,qemu-microvm,result_ms,ms,30,-4801.3089605000005,-4900.00812185,-4749.337722687501,candidate faster,"5000 paired-round bootstrap resamples, seed 20261006; percentile 95% CI"
6c,B-AGENT-TASK,codex,pvisor-staged,qemu-microvm,completion_ms,ms,30,-4721.749953500001,-4811.008030625,-4658.541998999999,candidate faster,"5000 paired-round bootstrap resamples, seed 20261006; percentile 95% CI"
6c,B-AGENT-TASK,codex,pvisor-vm,native,ready_ms,ms,30,472.26499850000005,471.1816751375,475.40777881250006,candidate slower,"5000 paired-round bootstrap resamples, seed 20261006; percentile 95% CI"
6c,B-AGENT-TASK,codex,pvisor-vm,native,result_ms,ms,30,7003.71094,6972.5807814875,7069.765017674999,candidate slower,"5000 paired-round bootstrap resamples, seed 20261006; percentile 95% CI"
6c,B-AGENT-TASK,codex,pvisor-vm,native,completion_ms,ms,30,7140.8677185,7103.492752500001,7206.518324499999,candidate slower,"5000 paired-round bootstrap resamples, seed 20261006; percentile 95% CI"
6c,B-AGENT-TASK,codex,pvisor-vm,docker,ready_ms,ms,30,221.295767,217.51698700000003,226.0183350000001,candidate slower,"5000 paired-round bootstrap resamples, seed 20261006; percentile 95% CI"
6c,B-AGENT-TASK,codex,pvisor-vm,docker,result_ms,ms,30,2932.157158,2915.938634000001,2947.3856952624997,candidate slower,"5000 paired-round bootstrap resamples, seed 20261006; percentile 95% CI"
6c,B-AGENT-TASK,codex,pvisor-vm,docker,completion_ms,ms,30,3003.0836044999996,2978.9031640000003,3023.0837075,candidate slower,"5000 paired-round bootstrap resamples, seed 20261006; percentile 95% CI"
6c,B-AGENT-TASK,codex,pvisor-vm,firecracker,ready_ms,ms,30,-377.7176365,-379.71536999999995,-373.15659645000005,candidate faster,"5000 paired-round bootstrap resamples, seed 20261006; percentile 95% CI"
6c,B-AGENT-TASK,codex,pvisor-vm,firecracker,result_ms,ms,30,1198.4404279999999,1176.9513380000008,1228.2914731999988,candidate slower,"5000 paired-round bootstrap resamples, seed 20261006; percentile 95% CI"
6c,B-AGENT-TASK,codex,pvisor-vm,firecracker,completion_ms,ms,30,1288.8494739999996,1252.4226380750006,1318.3174949249994,candidate slower,"5000 paired-round bootstrap resamples, seed 20261006; percentile 95% CI"
6c,B-AGENT-TASK,codex,pvisor-vm,qemu,ready_ms,ms,30,10.630869500000017,7.716209737499986,13.816145000000063,candidate slower,"5000 paired-round bootstrap resamples, seed 20261006; percentile 95% CI"
6c,B-AGENT-TASK,codex,pvisor-vm,qemu,result_ms,ms,30,1983.9028209999997,1964.4981509999998,2001.8485600000004,candidate slower,"5000 paired-round bootstrap resamples, seed 20261006; percentile 95% CI"
6c,B-AGENT-TASK,codex,pvisor-vm,qemu,completion_ms,ms,30,2076.9013864999997,2044.983899500001,2100.0295122999983,candidate slower,"5000 paired-round bootstrap resamples, seed 20261006; percentile 95% CI"
6c,B-AGENT-TASK,codex,pvisor-vm,qemu-microvm,ready_ms,ms,30,125.34689750000007,122.77023050000003,128.61327500000004,candidate slower,"5000 paired-round bootstrap resamples, seed 20261006; percentile 95% CI"
6c,B-AGENT-TASK,codex,pvisor-vm,qemu-microvm,result_ms,ms,30,2047.304569,2027.0100640875005,2069.1494913500005,candidate slower,"5000 paired-round bootstrap resamples, seed 20261006; percentile 95% CI"
6c,B-AGENT-TASK,codex,pvisor-vm,qemu-microvm,completion_ms,ms,30,2145.786791999999,2115.7302609999997,2170.1640699249992,candidate slower,"5000 paired-round bootstrap resamples, seed 20261006; percentile 95% CI"
