benchmark_id,batch,mode,backend,metric,unit,planned,failed,capability,n,p50,p95_reference,minimum,maximum,distribution,low_n,low_p50,high_n,high_p50
B-STARTUP,6r,ready,native,ready_ms,ms,60,0,available,60,1.2836495,1.70867625,1.022278,2.649273,unsplit,,,,
B-STARTUP,6r,ready,native,result_ms,ms,60,0,available,60,1.2867155000000001,1.7113314,1.024412,2.651607,unsplit,,,,
B-STARTUP,6r,ready,native,completion_ms,ms,60,0,available,60,1.3491724999999999,1.8240314499999999,1.088621,2.753167,unsplit,,,,
B-STARTUP,6r,ready,pvisor-host,ready_ms,ms,60,0,available,60,12.722673,14.18128685,11.091043,16.106301,unsplit,,,,
B-STARTUP,6r,ready,pvisor-host,result_ms,ms,60,0,available,60,12.728152999999999,14.1869826,11.093588,16.110408,unsplit,,,,
B-STARTUP,6r,ready,pvisor-host,completion_ms,ms,60,0,available,60,24.026614000000002,24.7119241,13.514655,26.348871,unsplit,,,,
B-STARTUP,6r,ready,pvisor-staged,ready_ms,ms,60,0,available,60,25.126796499999998,26.85398885,23.917806,27.636013,unsplit,,,,
B-STARTUP,6r,ready,pvisor-staged,result_ms,ms,60,0,available,60,25.130819000000002,26.862602799999998,23.921433,27.640702,unsplit,,,,
B-STARTUP,6r,ready,pvisor-staged,completion_ms,ms,60,0,available,60,33.840123500000004,44.545641599999996,33.459057,63.83307,unsplit,,,,
B-STARTUP,7sf2,ready,pvisor-vm,ready_ms,ms,60,0,available,60,100.913279,151.2742175,95.379781,204.892187,unsplit,,,,
B-STARTUP,7sf2,ready,pvisor-vm,result_ms,ms,60,0,available,60,100.9233175,151.29079919999998,95.385181,205.043599,unsplit,,,,
B-STARTUP,7sf2,ready,pvisor-vm,completion_ms,ms,60,0,available,60,141.523137,176.59356255,115.160802,277.507641,unsplit,,,,
B-STARTUP,6r,ready,docker,ready_ms,ms,60,0,available,60,74.48256,87.1339223,65.946283,93.500543,unsplit,,,,
B-STARTUP,6r,ready,docker,result_ms,ms,60,0,available,60,74.487063,87.1380222,65.950361,93.520571,unsplit,,,,
B-STARTUP,6r,ready,docker,completion_ms,ms,60,0,available,60,98.2874595,110.22234184999999,87.869377,118.256533,unsplit,,,,
B-STARTUP,7sf2,ready,fc-system,ready_ms,ms,60,0,available,60,285.038179,291.87994185,275.253085,311.409174,unsplit,,,,
B-STARTUP,7sf2,ready,fc-system,result_ms,ms,60,0,available,60,285.39624200000003,292.2661796,275.715978,311.747946,unsplit,,,,
B-STARTUP,7sf2,ready,qemu,ready_ms,ms,60,0,available,60,702.9750855,789.35554185,638.695717,821.534995,unsplit,,,,
B-STARTUP,7sf2,ready,qemu,result_ms,ms,60,0,available,60,703.5803800000001,789.93901175,639.266302,822.043874,unsplit,,,,
B-STARTUP,7sf2,ready,qemu,completion_ms,ms,60,0,available,60,725.5475495000001,818.8450144,661.056912,854.358146,unsplit,,,,
B-STARTUP,7sf2,ready,qemu-microvm,ready_ms,ms,60,0,available,60,321.5561235,404.38504524999996,246.823108,416.897283,unsplit,,,,
B-STARTUP,7sf2,ready,qemu-microvm,result_ms,ms,60,0,available,60,322.07203100000004,404.92299634999995,247.357255,417.396985,unsplit,,,,
B-STARTUP,7sf2,ready,qemu-microvm,completion_ms,ms,60,0,available,60,347.991258,428.27218375,271.736004,441.637696,unsplit,,,,
