benchmark_id,batch,files,case,backend,metric,unit,planned,failed,warmups,cpu_affinity,n,p50,p95_reference,minimum,maximum,distribution,low_n,low_p50,high_n,high_p50,report_sha256
B-WORKFLOW,workflow-20261006,100,normal,pvisor-stage,prepare_ms,ms,30,0,3,"0,1",30,0.0,0.0,0.0,0.0,unsplit,,,,,5f69af7582d4748d4aad6ffc80680fddca436848021c1a4aea93ec1b01e00bef
B-WORKFLOW,workflow-20261006,100,normal,pvisor-stage,run_ms,ms,30,0,3,"0,1",30,83.96411,111.82211195000001,63.301967,115.746103,unsplit,,,,,5f69af7582d4748d4aad6ffc80680fddca436848021c1a4aea93ec1b01e00bef
B-WORKFLOW,workflow-20261006,100,normal,pvisor-stage,review_ms,ms,30,0,3,"0,1",30,6.890218000000001,11.352253600000001,5.971814,13.090939,unsplit,,,,,5f69af7582d4748d4aad6ffc80680fddca436848021c1a4aea93ec1b01e00bef
B-WORKFLOW,workflow-20261006,100,normal,pvisor-stage,apply_ms,ms,30,0,3,"0,1",30,16.307822,22.465134900000002,15.188433,23.426196,unsplit,,,,,5f69af7582d4748d4aad6ffc80680fddca436848021c1a4aea93ec1b01e00bef
B-WORKFLOW,workflow-20261006,100,normal,pvisor-stage,dispose_ms,ms,30,0,3,"0,1",30,3.201589,5.3517086,2.936369,6.374415,unsplit,,,,,5f69af7582d4748d4aad6ffc80680fddca436848021c1a4aea93ec1b01e00bef
B-WORKFLOW,workflow-20261006,100,normal,pvisor-stage,wall_ms,ms,30,0,3,"0,1",30,110.88061400000001,149.67652695,87.790295,157.043068,unsplit,,,,,5f69af7582d4748d4aad6ffc80680fddca436848021c1a4aea93ec1b01e00bef
B-WORKFLOW,workflow-20261006,100,normal,git-worktree,prepare_ms,ms,30,0,3,"0,1",30,,13.368713100000008,2.885044,19.248499,separated-clusters,25,3.354831,5,6.689193,5f69af7582d4748d4aad6ffc80680fddca436848021c1a4aea93ec1b01e00bef
B-WORKFLOW,workflow-20261006,100,normal,git-worktree,run_ms,ms,30,0,3,"0,1",30,13.4668855,17.218092650000003,12.502761,24.779561,unsplit,,,,,5f69af7582d4748d4aad6ffc80680fddca436848021c1a4aea93ec1b01e00bef
B-WORKFLOW,workflow-20261006,100,normal,git-worktree,review_ms,ms,30,0,3,"0,1",30,,3.1104523500000005,1.517732,3.830899,separated-clusters,25,1.720721,5,2.846531,5f69af7582d4748d4aad6ffc80680fddca436848021c1a4aea93ec1b01e00bef
B-WORKFLOW,workflow-20261006,100,normal,git-worktree,apply_ms,ms,30,0,3,"0,1",30,,6.51487015,2.285726,10.182161,separated-clusters,24,2.4341125,6,5.93469,5f69af7582d4748d4aad6ffc80680fddca436848021c1a4aea93ec1b01e00bef
B-WORKFLOW,workflow-20261006,100,normal,git-worktree,dispose_ms,ms,30,0,3,"0,1",30,1.3972375000000001,2.05133175,1.274768,3.745048,unsplit,,,,,5f69af7582d4748d4aad6ffc80680fddca436848021c1a4aea93ec1b01e00bef
B-WORKFLOW,workflow-20261006,100,normal,git-worktree,wall_ms,ms,30,0,3,"0,1",30,,42.6803444,20.543566000000002,48.722351,separated-clusters,25,22.3998,5,38.905602,5f69af7582d4748d4aad6ffc80680fddca436848021c1a4aea93ec1b01e00bef
B-WORKFLOW,workflow-20261006,100,normal,reflink-copy,prepare_ms,ms,30,0,3,"0,1",30,3.103687,5.548593000000002,2.913557,12.205005,unsplit,,,,,5f69af7582d4748d4aad6ffc80680fddca436848021c1a4aea93ec1b01e00bef
B-WORKFLOW,workflow-20261006,100,normal,reflink-copy,run_ms,ms,30,0,3,"0,1",30,13.796029,17.8738558,12.350818,87.275945,unsplit,,,,,5f69af7582d4748d4aad6ffc80680fddca436848021c1a4aea93ec1b01e00bef
B-WORKFLOW,workflow-20261006,100,normal,reflink-copy,review_ms,ms,30,0,3,"0,1",30,2.8065125,7.705423250000002,2.289022,11.024092,unsplit,,,,,5f69af7582d4748d4aad6ffc80680fddca436848021c1a4aea93ec1b01e00bef
B-WORKFLOW,workflow-20261006,100,normal,reflink-copy,apply_ms,ms,30,0,3,"0,1",30,2.4586825,6.814491600000003,2.2779409999999998,10.98049,unsplit,,,,,5f69af7582d4748d4aad6ffc80680fddca436848021c1a4aea93ec1b01e00bef
B-WORKFLOW,workflow-20261006,100,normal,reflink-copy,dispose_ms,ms,30,0,3,"0,1",30,2.321898,3.5874766500000006,1.871182,16.242881,unsplit,,,,,5f69af7582d4748d4aad6ffc80680fddca436848021c1a4aea93ec1b01e00bef
B-WORKFLOW,workflow-20261006,100,normal,reflink-copy,wall_ms,ms,30,0,3,"0,1",30,24.689567500000003,38.362529300000006,22.081717,137.728413,unsplit,,,,,5f69af7582d4748d4aad6ffc80680fddca436848021c1a4aea93ec1b01e00bef
B-WORKFLOW,workflow-20261006,100,conflict,pvisor-stage,prepare_ms,ms,30,0,3,"0,1",30,0.0,0.0,0.0,0.0,unsplit,,,,,5f69af7582d4748d4aad6ffc80680fddca436848021c1a4aea93ec1b01e00bef
B-WORKFLOW,workflow-20261006,100,conflict,pvisor-stage,run_ms,ms,30,0,3,"0,1",30,83.947203,128.37277230000004,53.160342,208.069327,unsplit,,,,,5f69af7582d4748d4aad6ffc80680fddca436848021c1a4aea93ec1b01e00bef
B-WORKFLOW,workflow-20261006,100,conflict,pvisor-stage,review_ms,ms,30,0,3,"0,1",30,6.7857725,14.5869931,5.827795,17.575357,unsplit,,,,,5f69af7582d4748d4aad6ffc80680fddca436848021c1a4aea93ec1b01e00bef
B-WORKFLOW,workflow-20261006,100,conflict,pvisor-stage,apply_ms,ms,30,0,3,"0,1",30,,4.065377650000001,1.617849,13.610057,separated-clusters,25,1.803867,5,3.221632,5f69af7582d4748d4aad6ffc80680fddca436848021c1a4aea93ec1b01e00bef
B-WORKFLOW,workflow-20261006,100,conflict,pvisor-stage,dispose_ms,ms,30,0,3,"0,1",30,3.44328,7.475554050000001,3.142434,16.041675,unsplit,,,,,5f69af7582d4748d4aad6ffc80680fddca436848021c1a4aea93ec1b01e00bef
B-WORKFLOW,workflow-20261006,100,conflict,pvisor-stage,wall_ms,ms,30,0,3,"0,1",30,96.250317,154.50069710000005,64.124251,255.296416,unsplit,,,,,5f69af7582d4748d4aad6ffc80680fddca436848021c1a4aea93ec1b01e00bef
B-WORKFLOW,workflow-20261006,100,conflict,git-worktree,prepare_ms,ms,30,0,3,"0,1",30,,20.482980400000002,2.79185,25.42766,separated-clusters,24,3.46961,6,17.909806500000002,5f69af7582d4748d4aad6ffc80680fddca436848021c1a4aea93ec1b01e00bef
B-WORKFLOW,workflow-20261006,100,conflict,git-worktree,run_ms,ms,30,0,3,"0,1",30,,24.6876888,12.108876,72.254213,separated-clusters,25,13.603275,5,24.294155,5f69af7582d4748d4aad6ffc80680fddca436848021c1a4aea93ec1b01e00bef
B-WORKFLOW,workflow-20261006,100,conflict,git-worktree,review_ms,ms,30,0,3,"0,1",30,,5.03227965,1.501622,8.733247,separated-clusters,23,1.700774,7,3.847129,5f69af7582d4748d4aad6ffc80680fddca436848021c1a4aea93ec1b01e00bef
B-WORKFLOW,workflow-20261006,100,conflict,git-worktree,apply_ms,ms,30,0,3,"0,1",30,,5.8658795,1.521479,15.557302,separated-clusters,23,1.610675,7,5.5149919999999995,5f69af7582d4748d4aad6ffc80680fddca436848021c1a4aea93ec1b01e00bef
B-WORKFLOW,workflow-20261006,100,conflict,git-worktree,dispose_ms,ms,30,0,3,"0,1",30,,3.8069942500000002,1.208185,8.701337,separated-clusters,23,1.31814,7,2.589802,5f69af7582d4748d4aad6ffc80680fddca436848021c1a4aea93ec1b01e00bef
B-WORKFLOW,workflow-20261006,100,conflict,git-worktree,wall_ms,ms,30,0,3,"0,1",30,23.07777,54.888929900000015,19.330681000000002,121.870341,unsplit,,,,,5f69af7582d4748d4aad6ffc80680fddca436848021c1a4aea93ec1b01e00bef
B-WORKFLOW,workflow-20261006,100,conflict,reflink-copy,prepare_ms,ms,30,0,3,"0,1",30,3.1728605,5.894044750000001,2.89417,32.462388,unsplit,,,,,5f69af7582d4748d4aad6ffc80680fddca436848021c1a4aea93ec1b01e00bef
B-WORKFLOW,workflow-20261006,100,conflict,reflink-copy,run_ms,ms,30,0,3,"0,1",30,13.9065905,27.832955650000002,12.340137,77.671913,unsplit,,,,,5f69af7582d4748d4aad6ffc80680fddca436848021c1a4aea93ec1b01e00bef
B-WORKFLOW,workflow-20261006,100,conflict,reflink-copy,review_ms,ms,30,0,3,"0,1",30,2.8760120000000002,8.845647000000003,2.329787,10.941077,unsplit,,,,,5f69af7582d4748d4aad6ffc80680fddca436848021c1a4aea93ec1b01e00bef
B-WORKFLOW,workflow-20261006,100,conflict,reflink-copy,apply_ms,ms,30,0,3,"0,1",30,,4.921701850000002,1.507363,13.444829,separated-clusters,25,1.672852,5,3.666763,5f69af7582d4748d4aad6ffc80680fddca436848021c1a4aea93ec1b01e00bef
B-WORKFLOW,workflow-20261006,100,conflict,reflink-copy,dispose_ms,ms,30,0,3,"0,1",30,2.273973,4.6120062000000015,1.239864,13.663918,unsplit,,,,,5f69af7582d4748d4aad6ffc80680fddca436848021c1a4aea93ec1b01e00bef
B-WORKFLOW,workflow-20261006,100,conflict,reflink-copy,wall_ms,ms,30,0,3,"0,1",30,24.1011535,49.54764575000001,21.274247,148.06379,unsplit,,,,,5f69af7582d4748d4aad6ffc80680fddca436848021c1a4aea93ec1b01e00bef
B-WORKFLOW,workflow-20261006,10000,normal,pvisor-stage,prepare_ms,ms,30,0,3,"0,1",30,0.0,0.0,0.0,0.0,unsplit,,,,,5f69af7582d4748d4aad6ffc80680fddca436848021c1a4aea93ec1b01e00bef
B-WORKFLOW,workflow-20261006,10000,normal,pvisor-stage,run_ms,ms,30,0,3,"0,1",30,84.311423,108.64054695,63.546583,114.499256,unsplit,,,,,5f69af7582d4748d4aad6ffc80680fddca436848021c1a4aea93ec1b01e00bef
B-WORKFLOW,workflow-20261006,10000,normal,pvisor-stage,review_ms,ms,30,0,3,"0,1",30,6.7589125,11.811357850000004,6.378142,18.767152,unsplit,,,,,5f69af7582d4748d4aad6ffc80680fddca436848021c1a4aea93ec1b01e00bef
B-WORKFLOW,workflow-20261006,10000,normal,pvisor-stage,apply_ms,ms,30,0,3,"0,1",30,46.426336,73.84563600000001,42.465054,80.038048,unsplit,,,,,5f69af7582d4748d4aad6ffc80680fddca436848021c1a4aea93ec1b01e00bef
B-WORKFLOW,workflow-20261006,10000,normal,pvisor-stage,dispose_ms,ms,30,0,3,"0,1",30,3.4333964999999997,6.161672950000002,3.107759,8.065741,unsplit,,,,,5f69af7582d4748d4aad6ffc80680fddca436848021c1a4aea93ec1b01e00bef
B-WORKFLOW,workflow-20261006,10000,normal,pvisor-stage,wall_ms,ms,30,0,3,"0,1",30,141.45345550000002,192.16975075000002,115.626942,213.165557,unsplit,,,,,5f69af7582d4748d4aad6ffc80680fddca436848021c1a4aea93ec1b01e00bef
B-WORKFLOW,workflow-20261006,10000,normal,git-worktree,prepare_ms,ms,30,0,3,"0,1",30,86.2674935,130.29996675,79.896565,213.864051,unsplit,,,,,5f69af7582d4748d4aad6ffc80680fddca436848021c1a4aea93ec1b01e00bef
B-WORKFLOW,workflow-20261006,10000,normal,git-worktree,run_ms,ms,30,0,3,"0,1",30,13.6410755,17.489192250000002,12.89873,29.568929,unsplit,,,,,5f69af7582d4748d4aad6ffc80680fddca436848021c1a4aea93ec1b01e00bef
B-WORKFLOW,workflow-20261006,10000,normal,git-worktree,review_ms,ms,30,0,3,"0,1",30,73.73522700000001,89.12837515000001,24.446699,112.784517,unsplit,,,,,5f69af7582d4748d4aad6ffc80680fddca436848021c1a4aea93ec1b01e00bef
B-WORKFLOW,workflow-20261006,10000,normal,git-worktree,apply_ms,ms,30,0,3,"0,1",30,4.349983,10.788214300000002,3.9094749999999996,13.290600999999999,unsplit,,,,,5f69af7582d4748d4aad6ffc80680fddca436848021c1a4aea93ec1b01e00bef
B-WORKFLOW,workflow-20261006,10000,normal,git-worktree,dispose_ms,ms,30,0,3,"0,1",30,74.6877695,87.88182385000002,66.828558,198.331735,unsplit,,,,,5f69af7582d4748d4aad6ffc80680fddca436848021c1a4aea93ec1b01e00bef
B-WORKFLOW,workflow-20261006,10000,normal,git-worktree,wall_ms,ms,30,0,3,"0,1",30,252.2198965,317.034272,209.058964,567.839833,unsplit,,,,,5f69af7582d4748d4aad6ffc80680fddca436848021c1a4aea93ec1b01e00bef
B-WORKFLOW,workflow-20261006,10000,normal,reflink-copy,prepare_ms,ms,30,0,3,"0,1",30,107.18690050000001,201.1973378,101.386377,370.486303,unsplit,,,,,5f69af7582d4748d4aad6ffc80680fddca436848021c1a4aea93ec1b01e00bef
B-WORKFLOW,workflow-20261006,10000,normal,reflink-copy,run_ms,ms,30,0,3,"0,1",30,13.849434500000001,24.915319600000004,12.992706,55.830725,unsplit,,,,,5f69af7582d4748d4aad6ffc80680fddca436848021c1a4aea93ec1b01e00bef
B-WORKFLOW,workflow-20261006,10000,normal,reflink-copy,review_ms,ms,30,0,3,"0,1",30,152.7646335,228.13318930000003,137.063213,366.052098,unsplit,,,,,5f69af7582d4748d4aad6ffc80680fddca436848021c1a4aea93ec1b01e00bef
B-WORKFLOW,workflow-20261006,10000,normal,reflink-copy,apply_ms,ms,30,0,3,"0,1",30,4.1192565,9.838375900000003,3.8924839999999996,17.69986,unsplit,,,,,5f69af7582d4748d4aad6ffc80680fddca436848021c1a4aea93ec1b01e00bef
B-WORKFLOW,workflow-20261006,10000,normal,reflink-copy,dispose_ms,ms,30,0,3,"0,1",30,68.2501865,103.01166090000001,62.347416,230.561069,unsplit,,,,,5f69af7582d4748d4aad6ffc80680fddca436848021c1a4aea93ec1b01e00bef
B-WORKFLOW,workflow-20261006,10000,normal,reflink-copy,wall_ms,ms,30,0,3,"0,1",30,348.6094035,541.60841415,322.988788,1040.630055,unsplit,,,,,5f69af7582d4748d4aad6ffc80680fddca436848021c1a4aea93ec1b01e00bef
B-WORKFLOW,workflow-20261006,10000,conflict,pvisor-stage,prepare_ms,ms,30,0,3,"0,1",30,0.0,0.0,0.0,0.0,unsplit,,,,,5f69af7582d4748d4aad6ffc80680fddca436848021c1a4aea93ec1b01e00bef
B-WORKFLOW,workflow-20261006,10000,conflict,pvisor-stage,run_ms,ms,30,0,3,"0,1",30,84.34180900000001,110.64821345,83.707777,118.770006,unsplit,,,,,5f69af7582d4748d4aad6ffc80680fddca436848021c1a4aea93ec1b01e00bef
B-WORKFLOW,workflow-20261006,10000,conflict,pvisor-stage,review_ms,ms,30,0,3,"0,1",30,6.799945,14.895109900000001,6.317058,18.297114,unsplit,,,,,5f69af7582d4748d4aad6ffc80680fddca436848021c1a4aea93ec1b01e00bef
B-WORKFLOW,workflow-20261006,10000,conflict,pvisor-stage,apply_ms,ms,30,0,3,"0,1",30,,4.6837884,1.649918,6.00737,separated-clusters,25,1.813665,5,4.463289,5f69af7582d4748d4aad6ffc80680fddca436848021c1a4aea93ec1b01e00bef
B-WORKFLOW,workflow-20261006,10000,conflict,pvisor-stage,dispose_ms,ms,30,0,3,"0,1",30,,26.24555445,3.560904,30.329147,separated-clusters,23,5.107751,7,24.838781,5f69af7582d4748d4aad6ffc80680fddca436848021c1a4aea93ec1b01e00bef
B-WORKFLOW,workflow-20261006,10000,conflict,pvisor-stage,wall_ms,ms,30,0,3,"0,1",30,99.27741499999999,144.91809205,96.533092,157.484751,unsplit,,,,,5f69af7582d4748d4aad6ffc80680fddca436848021c1a4aea93ec1b01e00bef
B-WORKFLOW,workflow-20261006,10000,conflict,git-worktree,prepare_ms,ms,30,0,3,"0,1",30,85.732946,137.3755168,81.048955,434.519064,unsplit,,,,,5f69af7582d4748d4aad6ffc80680fddca436848021c1a4aea93ec1b01e00bef
B-WORKFLOW,workflow-20261006,10000,conflict,git-worktree,run_ms,ms,30,0,3,"0,1",30,13.625736499999999,21.867799350000006,12.925811,69.394647,unsplit,,,,,5f69af7582d4748d4aad6ffc80680fddca436848021c1a4aea93ec1b01e00bef
B-WORKFLOW,workflow-20261006,10000,conflict,git-worktree,review_ms,ms,30,0,3,"0,1",30,73.341537,91.42354790000002,13.751632,129.203867,unsplit,,,,,5f69af7582d4748d4aad6ffc80680fddca436848021c1a4aea93ec1b01e00bef
B-WORKFLOW,workflow-20261006,10000,conflict,git-worktree,apply_ms,ms,30,0,3,"0,1",30,3.298109,7.4585821500000025,3.035043,13.773954,unsplit,,,,,5f69af7582d4748d4aad6ffc80680fddca436848021c1a4aea93ec1b01e00bef
B-WORKFLOW,workflow-20261006,10000,conflict,git-worktree,dispose_ms,ms,30,0,3,"0,1",30,73.388585,100.0437761,66.940457,208.091409,unsplit,,,,,5f69af7582d4748d4aad6ffc80680fddca436848021c1a4aea93ec1b01e00bef
B-WORKFLOW,workflow-20261006,10000,conflict,git-worktree,wall_ms,ms,30,0,3,"0,1",30,250.7910455,366.77003005000006,197.05423,773.044205,unsplit,,,,,5f69af7582d4748d4aad6ffc80680fddca436848021c1a4aea93ec1b01e00bef
B-WORKFLOW,workflow-20261006,10000,conflict,reflink-copy,prepare_ms,ms,30,0,3,"0,1",30,106.1014505,226.16551765000008,101.618971,300.477199,unsplit,,,,,5f69af7582d4748d4aad6ffc80680fddca436848021c1a4aea93ec1b01e00bef
B-WORKFLOW,workflow-20261006,10000,conflict,reflink-copy,run_ms,ms,30,0,3,"0,1",30,13.704668999999999,25.592078100000005,12.976966,28.740282,unsplit,,,,,5f69af7582d4748d4aad6ffc80680fddca436848021c1a4aea93ec1b01e00bef
B-WORKFLOW,workflow-20261006,10000,conflict,reflink-copy,review_ms,ms,30,0,3,"0,1",30,154.22458749999998,227.9296377,137.923589,444.276371,unsplit,,,,,5f69af7582d4748d4aad6ffc80680fddca436848021c1a4aea93ec1b01e00bef
B-WORKFLOW,workflow-20261006,10000,conflict,reflink-copy,apply_ms,ms,30,0,3,"0,1",30,3.3862935,5.6842570000000014,3.032539,12.867562,unsplit,,,,,5f69af7582d4748d4aad6ffc80680fddca436848021c1a4aea93ec1b01e00bef
B-WORKFLOW,workflow-20261006,10000,conflict,reflink-copy,dispose_ms,ms,30,0,3,"0,1",30,68.7959195,90.43264650000002,60.577584,148.924998,unsplit,,,,,5f69af7582d4748d4aad6ffc80680fddca436848021c1a4aea93ec1b01e00bef
B-WORKFLOW,workflow-20261006,10000,conflict,reflink-copy,wall_ms,ms,30,0,3,"0,1",30,346.04473199999995,584.3227254000001,321.37960499999997,907.621927,unsplit,,,,,5f69af7582d4748d4aad6ffc80680fddca436848021c1a4aea93ec1b01e00bef
