field,value
benchmark_id,B-CLUSTER
recorded_at,2026-10-05T22:33:58.269105+00:00
binary_build,"{""binaries"": {""pvisor"": {""bytes"": 20322296, ""sha256"": ""04d73057a0042bd965a4fc49555e6d24c30126ae59fc349153d4466286cfb66b""}, ""pvisor-cache"": {""bytes"": 5672712, ""sha256"": ""f7bafd6c6ee4c8852aaaecf34eae2afb668e793a33740920ef1258d21d3fa68b""}, ""pvisor-cluster"": {""bytes"": 9242592, ""sha256"": ""434fc0fb594b1f933c807f602756cc0dc25f857f420d31040ead44caf39329f6""}, ""pvisor-memory-pool"": {""bytes"": 1491248, ""sha256"": ""0b0747043f6f3fe9eaad0475172ab2283a04f7e6e6df11c19e75801ed64b8894""}, ""pvisor-replay"": {""bytes"": 6120248, ""sha256"": ""cd602c732578cb68c1cebb4a5036b356f7ea86d36905d2e6d0f10d950ffa7429""}, ""pvisor-tui"": {""bytes"": 4400720, ""sha256"": ""785579ad864455fa40d00ebbc4bcb77dc86fa3c4985a806919bbd904b0bcfd2f""}, ""pvisor-worker"": {""bytes"": 19886688, ""sha256"": ""b30c996a4f4c590e61072b824d434bed19664e01919d5cd9d78c80c737316af9""}}, ""cargo"": ""cargo 1.98.1 (797e8a9bc 2026-08-05)\n"", ""command"": ""cargo build --locked --offline --release -p pvisor --bins --features gateway -p pvisor-replay -p pvisor-cluster -p pvisor-tui"", ""firmware_sha256"": ""b61f68dac3ef20a88e1ee387733e4baed2f7c02edac940c8882e0b549dac95e4"", ""pvisor_sha256"": ""04d73057a0042bd965a4fc49555e6d24c30126ae59fc349153d4466286cfb66b"", ""rustc"": ""rustc 1.98.1 (48a229cea 2026-09-01)\nbinary: rustc\ncommit-hash: 48a229ceaefd4985c50990b14116b6d856af0985\ncommit-date: 2026-09-01\nhost: x86_64-unknown-linux-gnu\nrelease: 1.98.1\nLLVM version: 22.1.8\n"", ""source_identity"": {""head"": ""99fefbdac7f79c7b0c7d92bf67447e12fab3082c"", ""manifest_sha256"": ""cad1cedb1c7b7745b53ad730a83bf5a3b69e35072f19969b0074dd66eace051f"", ""scope"": ""actual tracked working-tree files, including local edits; immutable copied source; no old benchmark binary reused"", ""status"": "" M benchmark/pvisor/README.md\n M benchmark/pvisor/publish_review_workflow.py\n M benchmark/pvisor/review_workflow.py\n M benchmark/pvisor/test_review_workflow.py\n M docs/src/en/benchmarks/compare-containers.csv\n M docs/src/en/benchmarks/evidence-sources.csv\n M docs/src/en/benchmarks/index.csv\n M docs/src/en/benchmarks/index.md\n M docs/src/en/benchmarks/supervision-cost.csv\n M docs/src/en/benchmarks/workflow-provenance.csv\n M docs/src/zh/benchmarks/compare-containers.csv\n M docs/src/zh/benchmarks/evidence-sources.csv\n M docs/src/zh/benchmarks/index.csv\n M docs/src/zh/benchmarks/supervision-cost.csv\n M docs/src/zh/benchmarks/workflow-provenance.csv\n M docs/translations.json\n""}, ""source_manifest_sha256"": ""cad1cedb1c7b7745b53ad730a83bf5a3b69e35072f19969b0074dd66eace051f""}"
source_manifest_sha256,cad1cedb1c7b7745b53ad730a83bf5a3b69e35072f19969b0074dd66eace051f
host_kernel,7.2.8-200.fc44.x86_64
input_manifest_sha256,0a4c55e982578ce340f2022e511bd1462daec215ca692f3a40d274eeec2eb1b3
worker_sha256,a519d461bf6bb1056667db3197f4c8fe1ab470061e7633de11bb62ed335d8bc2
harness_sha256,bb1cade5c9c890592cf7c487337134464d4bd6cfe6f3cf6d593d05f27c713d46
quickstart_sha256,b9d34925ec74d06cc17209a8736157f3866ea76f836e45dd9bc7803367c26f1e
arguments,"{""bin_dir"": ""/home/reiase/workspace/pvisor/benchmark/.data/6cl/bin"", ""budget_mib"": 2048, ""build_receipt"": ""/home/reiase/workspace/pvisor/benchmark/.data/full-retest-20261006/build-receipt.json"", ""cpu_affinity"": ""0,1"", ""firmware_dir"": ""/home/reiase/workspace/pvisor/benchmark/.data/full-retest-20261006/firmware"", ""input_manifest"": ""/home/reiase/workspace/pvisor/benchmark/.data/full-retest-20261006/density-env4/input-manifest.json"", ""output"": ""/home/reiase/workspace/pvisor/benchmark/.data/6cl"", ""repetitions"": 30, ""rootfs"": ""/home/reiase/workspace/pvisor/benchmark/.data/full-retest-20261006/density-env4/rootfs"", ""sizes"": ""1,2,4"", ""state"": ""/home/reiase/workspace/pvisor/benchmark/.data/6cl-state"", ""tasks"": 12, ""warmups"": 3}"
protocol,"{""cache"": ""warm prepared shared inputs; no cache eviction; shared prepared caches may be charged outside owned slice"", ""measurement"": ""submit through all validated completions; no guest sleep or ready-rate throughput substitution"", ""ordering"": ""seeded randomized Worker-count conditions per round; no timing exclusions"", ""scope"": ""single-host KVM, prepared Python/Git rootfs; no model inference or multi-host claim"", ""service_caps"": ""Controller 256 MiB/25%; each one-slot Worker 512 MiB/50%; shared total slice always enforced"", ""task"": ""same task count at every Worker count; each Python/Git task checks 32 MiB eight times, edits four of 64 files and validates Git status"", ""total"": ""one owned slice, 2-core quota, CPUs 0,1, fixed memory.max, zero swap""}"
report_sha256,066361fc57ef0febfd20d1ecc27a3273dfe1b1d94f6cccd523af99678abddec3
raw_location,benchmark/.data/6cl/report.json
execution_evidence_audit_sha256,b31000526281f85bb115d1ca023688aa7dfbf0367da6d67ec398283ff709a2da
statistics,"warmups excluded; complete fixed-budget useful-task batches; separated clusters retain both medians; P95 descriptive, no P99; no ready-rate throughput"
