backend,workload,concurrency,planned_batches,full_valid_no_oom_batches,failed_or_unknown_or_oom_batches,oom_batches,resource_evidence_unknown_batches,failure_reasons,attempted_tasks,validated_completed_tasks,known_failed_tasks,unknown_tasks,observed_all_rounds_succeeded,memory_budget_mib,cpu_affinity,swap_bytes,full_batch_wall_distribution,barrier_memory_distribution_mib,observed_peak_min_mib,observed_peak_max_mib,statistics,cohort,report_sha256,binary_sha256
native,idle,1,5,5,0,0,0,{},5,5,0,0,True,2048,"0,1",0,"{""distribution"": ""unsplit"", ""high_n"": """", ""high_p50"": """", ""low_n"": """", ""low_p50"": """", ""maximum"": 24.660157, ""minimum"": 24.511951, ""n"": 5, ""p50"": 24.567936, ""p95_reference"": """"}","{""distribution"": ""unsplit"", ""high_n"": """", ""high_p50"": """", ""low_n"": """", ""low_p50"": """", ""maximum"": 19.84375, ""minimum"": 19.10546875, ""n"": 5, ""p50"": 19.34765625, ""p95_reference"": """"}",19.34765625,19.84375,5-round occupancy/completion evidence; no tail-latency or sustained reliability guarantee; timing only full no-OOM batches,6n2,d0e499160c0af5bd99d80558799556170d5aa2ece40e7b52e80d6582038e1446,04d73057a0042bd965a4fc49555e6d24c30126ae59fc349153d4466286cfb66b
native,idle,2,5,5,0,0,0,{},10,10,0,0,True,2048,"0,1",0,"{""distribution"": ""unsplit"", ""high_n"": """", ""high_p50"": """", ""low_n"": """", ""low_p50"": """", ""maximum"": 27.284656, ""minimum"": 27.169714, ""n"": 5, ""p50"": 27.172535, ""p95_reference"": """"}","{""distribution"": ""unsplit"", ""high_n"": """", ""high_p50"": """", ""low_n"": """", ""low_p50"": """", ""maximum"": 26.55859375, ""minimum"": 26.2734375, ""n"": 5, ""p50"": 26.546875, ""p95_reference"": """"}",26.296875,26.8046875,5-round occupancy/completion evidence; no tail-latency or sustained reliability guarantee; timing only full no-OOM batches,6n2,d0e499160c0af5bd99d80558799556170d5aa2ece40e7b52e80d6582038e1446,04d73057a0042bd965a4fc49555e6d24c30126ae59fc349153d4466286cfb66b
native,idle,4,5,5,0,0,0,{},20,20,0,0,True,2048,"0,1",0,"{""distribution"": ""unsplit"", ""high_n"": """", ""high_p50"": """", ""low_n"": """", ""low_p50"": """", ""maximum"": 48.203681, ""minimum"": 44.236457, ""n"": 5, ""p50"": 47.034143, ""p95_reference"": """"}","{""distribution"": ""unsplit"", ""high_n"": """", ""high_p50"": """", ""low_n"": """", ""low_p50"": """", ""maximum"": 40.98046875, ""minimum"": 40.9453125, ""n"": 5, ""p50"": 40.97265625, ""p95_reference"": """"}",40.9453125,40.98046875,5-round occupancy/completion evidence; no tail-latency or sustained reliability guarantee; timing only full no-OOM batches,6n2,d0e499160c0af5bd99d80558799556170d5aa2ece40e7b52e80d6582038e1446,04d73057a0042bd965a4fc49555e6d24c30126ae59fc349153d4466286cfb66b
native,idle,8,5,5,0,0,0,{},40,40,0,0,True,2048,"0,1",0,"{""distribution"": ""unsplit"", ""high_n"": """", ""high_p50"": """", ""low_n"": """", ""low_p50"": """", ""maximum"": 108.143683, ""minimum"": 84.926217, ""n"": 5, ""p50"": 98.693836, ""p95_reference"": """"}","{""distribution"": ""unsplit"", ""high_n"": """", ""high_p50"": """", ""low_n"": """", ""low_p50"": """", ""maximum"": 73.890625, ""minimum"": 69.3046875, ""n"": 5, ""p50"": 69.8046875, ""p95_reference"": """"}",69.3046875,74.140625,5-round occupancy/completion evidence; no tail-latency or sustained reliability guarantee; timing only full no-OOM batches,6n2,d0e499160c0af5bd99d80558799556170d5aa2ece40e7b52e80d6582038e1446,04d73057a0042bd965a4fc49555e6d24c30126ae59fc349153d4466286cfb66b
native,idle,16,5,5,0,0,0,{},80,80,0,0,True,2048,"0,1",0,"{""distribution"": ""unsplit"", ""high_n"": """", ""high_p50"": """", ""low_n"": """", ""low_p50"": """", ""maximum"": 185.386381, ""minimum"": 174.658597, ""n"": 5, ""p50"": 179.880294, ""p95_reference"": """"}","{""distribution"": ""unsplit"", ""high_n"": """", ""high_p50"": """", ""low_n"": """", ""low_p50"": """", ""maximum"": 126.95703125, ""minimum"": 126.69921875, ""n"": 5, ""p50"": 126.94921875, ""p95_reference"": """"}",126.7265625,126.95703125,5-round occupancy/completion evidence; no tail-latency or sustained reliability guarantee; timing only full no-OOM batches,6n2,d0e499160c0af5bd99d80558799556170d5aa2ece40e7b52e80d6582038e1446,04d73057a0042bd965a4fc49555e6d24c30126ae59fc349153d4466286cfb66b
native,idle,32,5,5,0,0,0,{},160,160,0,0,True,2048,"0,1",0,"{""distribution"": ""unsplit"", ""high_n"": """", ""high_p50"": """", ""low_n"": """", ""low_p50"": """", ""maximum"": 351.794539, ""minimum"": 340.067717, ""n"": 5, ""p50"": 346.9564, ""p95_reference"": """"}","{""distribution"": ""unsplit"", ""high_n"": """", ""high_p50"": """", ""low_n"": """", ""low_p50"": """", ""maximum"": 242.046875, ""minimum"": 241.7734375, ""n"": 5, ""p50"": 242.0234375, ""p95_reference"": """"}",241.7734375,242.296875,5-round occupancy/completion evidence; no tail-latency or sustained reliability guarantee; timing only full no-OOM batches,6n2,d0e499160c0af5bd99d80558799556170d5aa2ece40e7b52e80d6582038e1446,04d73057a0042bd965a4fc49555e6d24c30126ae59fc349153d4466286cfb66b
native,idle,64,5,5,0,0,0,{},320,320,0,0,True,2048,"0,1",0,"{""distribution"": ""unsplit"", ""high_n"": """", ""high_p50"": """", ""low_n"": """", ""low_p50"": """", ""maximum"": 712.285287, ""minimum"": 668.909339, ""n"": 5, ""p50"": 683.802886, ""p95_reference"": """"}","{""distribution"": ""unsplit"", ""high_n"": """", ""high_p50"": """", ""low_n"": """", ""low_p50"": """", ""maximum"": 472.1484375, ""minimum"": 471.796875, ""n"": 5, ""p50"": 471.890625, ""p95_reference"": """"}",471.89453125,472.1484375,5-round occupancy/completion evidence; no tail-latency or sustained reliability guarantee; timing only full no-OOM batches,6n2,d0e499160c0af5bd99d80558799556170d5aa2ece40e7b52e80d6582038e1446,04d73057a0042bd965a4fc49555e6d24c30126ae59fc349153d4466286cfb66b
native,idle,128,5,5,0,0,0,{},640,640,0,0,True,2048,"0,1",0,"{""distribution"": ""unsplit"", ""high_n"": """", ""high_p50"": """", ""low_n"": """", ""low_p50"": """", ""maximum"": 1391.627582, ""minimum"": 1354.088714, ""n"": 5, ""p50"": 1378.129863, ""p95_reference"": """"}","{""distribution"": ""unsplit"", ""high_n"": """", ""high_p50"": """", ""low_n"": """", ""low_p50"": """", ""maximum"": 932.23046875, ""minimum"": 931.62890625, ""n"": 5, ""p50"": 931.92578125, ""p95_reference"": """"}",932.06640625,932.640625,5-round occupancy/completion evidence; no tail-latency or sustained reliability guarantee; timing only full no-OOM batches,6n2,d0e499160c0af5bd99d80558799556170d5aa2ece40e7b52e80d6582038e1446,04d73057a0042bd965a4fc49555e6d24c30126ae59fc349153d4466286cfb66b
native,useful,1,5,5,0,0,0,{},5,5,0,0,True,2048,"0,1",0,"{""distribution"": ""unsplit"", ""high_n"": """", ""high_p50"": """", ""low_n"": """", ""low_p50"": """", ""maximum"": 73.288121, ""minimum"": 72.913084, ""n"": 5, ""p50"": 73.085472, ""p95_reference"": """"}","{""distribution"": ""unsplit"", ""high_n"": """", ""high_p50"": """", ""low_n"": """", ""low_p50"": """", ""maximum"": 55.67578125, ""minimum"": 51.08984375, ""n"": 5, ""p50"": 51.58984375, ""p95_reference"": """"}",83.19921875,87.93359375,5-round occupancy/completion evidence; no tail-latency or sustained reliability guarantee; timing only full no-OOM batches,6n2,d0e499160c0af5bd99d80558799556170d5aa2ece40e7b52e80d6582038e1446,04d73057a0042bd965a4fc49555e6d24c30126ae59fc349153d4466286cfb66b
native,useful,2,5,5,0,0,0,{},10,10,0,0,True,2048,"0,1",0,"{""distribution"": ""unsplit"", ""high_n"": """", ""high_p50"": """", ""low_n"": """", ""low_p50"": """", ""maximum"": 78.526253, ""minimum"": 75.643987, ""n"": 5, ""p50"": 76.081342, ""p95_reference"": """"}","{""distribution"": ""unsplit"", ""high_n"": """", ""high_p50"": """", ""low_n"": """", ""low_p50"": """", ""maximum"": 90.80078125, ""minimum"": 90.296875, ""n"": 5, ""p50"": 90.54296875, ""p95_reference"": """"}",154.0546875,154.80859375,5-round occupancy/completion evidence; no tail-latency or sustained reliability guarantee; timing only full no-OOM batches,6n2,d0e499160c0af5bd99d80558799556170d5aa2ece40e7b52e80d6582038e1446,04d73057a0042bd965a4fc49555e6d24c30126ae59fc349153d4466286cfb66b
native,useful,4,5,5,0,0,0,{},20,20,0,0,True,2048,"0,1",0,"{""distribution"": ""unsplit"", ""high_n"": """", ""high_p50"": """", ""low_n"": """", ""low_p50"": """", ""maximum"": 162.867868, ""minimum"": 128.65691, ""n"": 5, ""p50"": 158.544374, ""p95_reference"": """"}","{""distribution"": ""unsplit"", ""high_n"": """", ""high_p50"": """", ""low_n"": """", ""low_p50"": """", ""maximum"": 174.30859375, ""minimum"": 169.19140625, ""n"": 5, ""p50"": 169.453125, ""p95_reference"": """"}",226.44921875,257.859375,5-round occupancy/completion evidence; no tail-latency or sustained reliability guarantee; timing only full no-OOM batches,6n2,d0e499160c0af5bd99d80558799556170d5aa2ece40e7b52e80d6582038e1446,04d73057a0042bd965a4fc49555e6d24c30126ae59fc349153d4466286cfb66b
native,useful,8,5,5,0,0,0,{},40,40,0,0,True,2048,"0,1",0,"{""distribution"": ""unsplit"", ""high_n"": """", ""high_p50"": """", ""low_n"": """", ""low_p50"": """", ""maximum"": 307.409877, ""minimum"": 287.629554, ""n"": 5, ""p50"": 293.014573, ""p95_reference"": """"}","{""distribution"": ""unsplit"", ""high_n"": """", ""high_p50"": """", ""low_n"": """", ""low_p50"": """", ""maximum"": 326.26171875, ""minimum"": 326.0078125, ""n"": 5, ""p50"": 326.21484375, ""p95_reference"": """"}",445.29296875,535.58203125,5-round occupancy/completion evidence; no tail-latency or sustained reliability guarantee; timing only full no-OOM batches,6n2,d0e499160c0af5bd99d80558799556170d5aa2ece40e7b52e80d6582038e1446,04d73057a0042bd965a4fc49555e6d24c30126ae59fc349153d4466286cfb66b
native,useful,16,5,5,0,0,0,{},80,80,0,0,True,2048,"0,1",0,"{""distribution"": ""unsplit"", ""high_n"": """", ""high_p50"": """", ""low_n"": """", ""low_p50"": """", ""maximum"": 596.675169, ""minimum"": 502.28801, ""n"": 5, ""p50"": 530.039335, ""p95_reference"": """"}","{""distribution"": ""unsplit"", ""high_n"": """", ""high_p50"": """", ""low_n"": """", ""low_p50"": """", ""maximum"": 643.921875, ""minimum"": 640.08203125, ""n"": 5, ""p50"": 640.359375, ""p95_reference"": """"}",794.15625,847.45703125,5-round occupancy/completion evidence; no tail-latency or sustained reliability guarantee; timing only full no-OOM batches,6n2,d0e499160c0af5bd99d80558799556170d5aa2ece40e7b52e80d6582038e1446,04d73057a0042bd965a4fc49555e6d24c30126ae59fc349153d4466286cfb66b
native,useful,32,5,5,0,0,0,{},160,160,0,0,True,2048,"0,1",0,"{""distribution"": ""unsplit"", ""high_n"": """", ""high_p50"": """", ""low_n"": """", ""low_p50"": """", ""maximum"": 1036.63296, ""minimum"": 976.736905, ""n"": 5, ""p50"": 1005.002937, ""p95_reference"": """"}","{""distribution"": ""unsplit"", ""high_n"": """", ""high_p50"": """", ""low_n"": """", ""low_p50"": """", ""maximum"": 1268.41796875, ""minimum"": 1268.18359375, ""n"": 5, ""p50"": 1268.33203125, ""p95_reference"": """"}",1459.1484375,1546.0703125,5-round occupancy/completion evidence; no tail-latency or sustained reliability guarantee; timing only full no-OOM batches,6n2,d0e499160c0af5bd99d80558799556170d5aa2ece40e7b52e80d6582038e1446,04d73057a0042bd965a4fc49555e6d24c30126ae59fc349153d4466286cfb66b
native,useful,64,5,0,5,5,0,{},320,233,87,0,False,2048,"0,1",0,,,2048.0,2048.0,5-round occupancy/completion evidence; no tail-latency or sustained reliability guarantee; timing only full no-OOM batches,6n2,d0e499160c0af5bd99d80558799556170d5aa2ece40e7b52e80d6582038e1446,04d73057a0042bd965a4fc49555e6d24c30126ae59fc349153d4466286cfb66b
native,useful,128,5,0,5,5,0,{},640,244,396,0,False,2048,"0,1",0,,,2048.0,2048.0,5-round occupancy/completion evidence; no tail-latency or sustained reliability guarantee; timing only full no-OOM batches,6n2,d0e499160c0af5bd99d80558799556170d5aa2ece40e7b52e80d6582038e1446,04d73057a0042bd965a4fc49555e6d24c30126ae59fc349153d4466286cfb66b
staged,idle,1,5,5,0,0,0,{},5,5,0,0,True,2048,"0,1",0,"{""distribution"": ""unsplit"", ""high_n"": """", ""high_p50"": """", ""low_n"": """", ""low_p50"": """", ""maximum"": 73.406257, ""minimum"": 57.188306, ""n"": 5, ""p50"": 57.246016, ""p95_reference"": """"}","{""distribution"": ""unsplit"", ""high_n"": """", ""high_p50"": """", ""low_n"": """", ""low_p50"": """", ""maximum"": 24.73046875, ""minimum"": 24.48828125, ""n"": 5, ""p50"": 24.52734375, ""p95_reference"": """"}",24.48828125,24.73046875,5-round occupancy/completion evidence; no tail-latency or sustained reliability guarantee; timing only full no-OOM batches,6n2,d0e499160c0af5bd99d80558799556170d5aa2ece40e7b52e80d6582038e1446,04d73057a0042bd965a4fc49555e6d24c30126ae59fc349153d4466286cfb66b
staged,idle,2,5,5,0,0,0,{},10,10,0,0,True,2048,"0,1",0,"{""distribution"": ""unsplit"", ""high_n"": """", ""high_p50"": """", ""low_n"": """", ""low_p50"": """", ""maximum"": 118.252508, ""minimum"": 78.553365, ""n"": 5, ""p50"": 108.356796, ""p95_reference"": """"}","{""distribution"": ""unsplit"", ""high_n"": """", ""high_p50"": """", ""low_n"": """", ""low_p50"": """", ""maximum"": 38.40234375, ""minimum"": 36.71484375, ""n"": 5, ""p50"": 36.91796875, ""p95_reference"": """"}",36.84375,38.40234375,5-round occupancy/completion evidence; no tail-latency or sustained reliability guarantee; timing only full no-OOM batches,6n2,d0e499160c0af5bd99d80558799556170d5aa2ece40e7b52e80d6582038e1446,04d73057a0042bd965a4fc49555e6d24c30126ae59fc349153d4466286cfb66b
staged,idle,4,5,5,0,0,0,{},20,20,0,0,True,2048,"0,1",0,"{""distribution"": ""unsplit"", ""high_n"": """", ""high_p50"": """", ""low_n"": """", ""low_p50"": """", ""maximum"": 160.835777, ""minimum"": 114.856058, ""n"": 5, ""p50"": 117.58356, ""p95_reference"": """"}","{""distribution"": ""unsplit"", ""high_n"": """", ""high_p50"": """", ""low_n"": """", ""low_p50"": """", ""maximum"": 61.859375, ""minimum"": 61.453125, ""n"": 5, ""p50"": 61.7109375, ""p95_reference"": """"}",61.453125,61.859375,5-round occupancy/completion evidence; no tail-latency or sustained reliability guarantee; timing only full no-OOM batches,6n2,d0e499160c0af5bd99d80558799556170d5aa2ece40e7b52e80d6582038e1446,04d73057a0042bd965a4fc49555e6d24c30126ae59fc349153d4466286cfb66b
staged,idle,8,5,5,0,0,0,{},40,40,0,0,True,2048,"0,1",0,"{""distribution"": ""unsplit"", ""high_n"": """", ""high_p50"": """", ""low_n"": """", ""low_p50"": """", ""maximum"": 264.433228, ""minimum"": 185.12292, ""n"": 5, ""p50"": 204.954733, ""p95_reference"": """"}","{""distribution"": ""unsplit"", ""high_n"": """", ""high_p50"": """", ""low_n"": """", ""low_p50"": """", ""maximum"": 111.73046875, ""minimum"": 110.6796875, ""n"": 5, ""p50"": 111.08203125, ""p95_reference"": """"}",110.9296875,111.73046875,5-round occupancy/completion evidence; no tail-latency or sustained reliability guarantee; timing only full no-OOM batches,6n2,d0e499160c0af5bd99d80558799556170d5aa2ece40e7b52e80d6582038e1446,04d73057a0042bd965a4fc49555e6d24c30126ae59fc349153d4466286cfb66b
staged,idle,16,5,5,0,0,0,{},80,80,0,0,True,2048,"0,1",0,"{""distribution"": ""unsplit"", ""high_n"": """", ""high_p50"": """", ""low_n"": """", ""low_p50"": """", ""maximum"": 425.808234, ""minimum"": 355.085416, ""n"": 5, ""p50"": 397.203248, ""p95_reference"": """"}","{""distribution"": ""unsplit"", ""high_n"": """", ""high_p50"": """", ""low_n"": """", ""low_p50"": """", ""maximum"": 213.04296875, ""minimum"": 209.85546875, ""n"": 5, ""p50"": 209.9375, ""p95_reference"": """"}",209.85546875,213.29296875,5-round occupancy/completion evidence; no tail-latency or sustained reliability guarantee; timing only full no-OOM batches,6n2,d0e499160c0af5bd99d80558799556170d5aa2ece40e7b52e80d6582038e1446,04d73057a0042bd965a4fc49555e6d24c30126ae59fc349153d4466286cfb66b
staged,idle,32,5,5,0,0,0,{},160,160,0,0,True,2048,"0,1",0,"{""distribution"": ""unsplit"", ""high_n"": """", ""high_p50"": """", ""low_n"": """", ""low_p50"": """", ""maximum"": 774.628733, ""minimum"": 715.991113, ""n"": 5, ""p50"": 741.828003, ""p95_reference"": """"}","{""distribution"": ""unsplit"", ""high_n"": """", ""high_p50"": """", ""low_n"": """", ""low_p50"": """", ""maximum"": 408.09375, ""minimum"": 407.5625, ""n"": 5, ""p50"": 407.796875, ""p95_reference"": """"}",407.8125,408.3203125,5-round occupancy/completion evidence; no tail-latency or sustained reliability guarantee; timing only full no-OOM batches,6n2,d0e499160c0af5bd99d80558799556170d5aa2ece40e7b52e80d6582038e1446,04d73057a0042bd965a4fc49555e6d24c30126ae59fc349153d4466286cfb66b
staged,idle,64,5,5,0,0,0,{},320,320,0,0,True,2048,"0,1",0,"{""distribution"": ""unsplit"", ""high_n"": """", ""high_p50"": """", ""low_n"": """", ""low_p50"": """", ""maximum"": 1589.720804, ""minimum"": 1442.857209, ""n"": 5, ""p50"": 1457.387573, ""p95_reference"": """"}","{""distribution"": ""unsplit"", ""high_n"": """", ""high_p50"": """", ""low_n"": """", ""low_p50"": """", ""maximum"": 804.84375, ""minimum"": 804.05859375, ""n"": 5, ""p50"": 804.54296875, ""p95_reference"": """"}",804.6796875,805.34375,5-round occupancy/completion evidence; no tail-latency or sustained reliability guarantee; timing only full no-OOM batches,6n2,d0e499160c0af5bd99d80558799556170d5aa2ece40e7b52e80d6582038e1446,04d73057a0042bd965a4fc49555e6d24c30126ae59fc349153d4466286cfb66b
staged,idle,128,5,5,0,0,0,{},640,640,0,0,True,2048,"0,1",0,"{""distribution"": ""unsplit"", ""high_n"": """", ""high_p50"": """", ""low_n"": """", ""low_p50"": """", ""maximum"": 3107.163154, ""minimum"": 3027.547348, ""n"": 5, ""p50"": 3067.931827, ""p95_reference"": """"}","{""distribution"": ""unsplit"", ""high_n"": """", ""high_p50"": """", ""low_n"": """", ""low_p50"": """", ""maximum"": 1601.6484375, ""minimum"": 1597.45703125, ""n"": 5, ""p50"": 1600.4296875, ""p95_reference"": """"}",1598.1953125,1602.11328125,5-round occupancy/completion evidence; no tail-latency or sustained reliability guarantee; timing only full no-OOM batches,6n2,d0e499160c0af5bd99d80558799556170d5aa2ece40e7b52e80d6582038e1446,04d73057a0042bd965a4fc49555e6d24c30126ae59fc349153d4466286cfb66b
staged,useful,1,5,5,0,0,0,{},5,5,0,0,True,2048,"0,1",0,"{""distribution"": ""unsplit"", ""high_n"": """", ""high_p50"": """", ""low_n"": """", ""low_p50"": """", ""maximum"": 137.075301, ""minimum"": 126.0459, ""n"": 5, ""p50"": 126.104518, ""p95_reference"": """"}","{""distribution"": ""unsplit"", ""high_n"": """", ""high_p50"": """", ""low_n"": """", ""low_p50"": """", ""maximum"": 57.234375, ""minimum"": 56.51953125, ""n"": 5, ""p50"": 56.53515625, ""p95_reference"": """"}",88.2734375,89.23828125,5-round occupancy/completion evidence; no tail-latency or sustained reliability guarantee; timing only full no-OOM batches,6n2,d0e499160c0af5bd99d80558799556170d5aa2ece40e7b52e80d6582038e1446,04d73057a0042bd965a4fc49555e6d24c30126ae59fc349153d4466286cfb66b
staged,useful,2,5,5,0,0,0,{},10,10,0,0,True,2048,"0,1",0,"{""distribution"": ""unsplit"", ""high_n"": """", ""high_p50"": """", ""low_n"": """", ""low_p50"": """", ""maximum"": 193.410718, ""minimum"": 146.753955, ""n"": 5, ""p50"": 192.475578, ""p95_reference"": """"}","{""distribution"": ""unsplit"", ""high_n"": """", ""high_p50"": """", ""low_n"": """", ""low_p50"": """", ""maximum"": 101.5, ""minimum"": 100.78515625, ""n"": 5, ""p50"": 101.3359375, ""p95_reference"": """"}",162.37109375,165.2578125,5-round occupancy/completion evidence; no tail-latency or sustained reliability guarantee; timing only full no-OOM batches,6n2,d0e499160c0af5bd99d80558799556170d5aa2ece40e7b52e80d6582038e1446,04d73057a0042bd965a4fc49555e6d24c30126ae59fc349153d4466286cfb66b
staged,useful,4,5,5,0,0,0,{},20,20,0,0,True,2048,"0,1",0,"{""distribution"": ""unsplit"", ""high_n"": """", ""high_p50"": """", ""low_n"": """", ""low_p50"": """", ""maximum"": 314.62551, ""minimum"": 243.206595, ""n"": 5, ""p50"": 250.041312, ""p95_reference"": """"}","{""distribution"": ""unsplit"", ""high_n"": """", ""high_p50"": """", ""low_n"": """", ""low_p50"": """", ""maximum"": 189.89453125, ""minimum"": 189.34765625, ""n"": 5, ""p50"": 189.8203125, ""p95_reference"": """"}",239.58984375,253.9140625,5-round occupancy/completion evidence; no tail-latency or sustained reliability guarantee; timing only full no-OOM batches,6n2,d0e499160c0af5bd99d80558799556170d5aa2ece40e7b52e80d6582038e1446,04d73057a0042bd965a4fc49555e6d24c30126ae59fc349153d4466286cfb66b
staged,useful,8,5,5,0,0,0,{},40,40,0,0,True,2048,"0,1",0,"{""distribution"": ""unsplit"", ""high_n"": """", ""high_p50"": """", ""low_n"": """", ""low_p50"": """", ""maximum"": 531.019915, ""minimum"": 462.629204, ""n"": 5, ""p50"": 470.962924, ""p95_reference"": """"}","{""distribution"": ""unsplit"", ""high_n"": """", ""high_p50"": """", ""low_n"": """", ""low_p50"": """", ""maximum"": 372.1875, ""minimum"": 367.30859375, ""n"": 5, ""p50"": 367.6171875, ""p95_reference"": """"}",422.078125,518.23046875,5-round occupancy/completion evidence; no tail-latency or sustained reliability guarantee; timing only full no-OOM batches,6n2,d0e499160c0af5bd99d80558799556170d5aa2ece40e7b52e80d6582038e1446,04d73057a0042bd965a4fc49555e6d24c30126ae59fc349153d4466286cfb66b
staged,useful,16,5,5,0,0,0,{},80,80,0,0,True,2048,"0,1",0,"{""distribution"": ""unsplit"", ""high_n"": """", ""high_p50"": """", ""low_n"": """", ""low_p50"": """", ""maximum"": 880.081046, ""minimum"": 852.55008, ""n"": 5, ""p50"": 875.635639, ""p95_reference"": """"}","{""distribution"": ""unsplit"", ""high_n"": """", ""high_p50"": """", ""low_n"": """", ""low_p50"": """", ""maximum"": 723.0390625, ""minimum"": 722.8046875, ""n"": 5, ""p50"": 722.953125, ""p95_reference"": """"}",816.97265625,885.984375,5-round occupancy/completion evidence; no tail-latency or sustained reliability guarantee; timing only full no-OOM batches,6n2,d0e499160c0af5bd99d80558799556170d5aa2ece40e7b52e80d6582038e1446,04d73057a0042bd965a4fc49555e6d24c30126ae59fc349153d4466286cfb66b
staged,useful,32,5,5,0,0,0,{},160,160,0,0,True,2048,"0,1",0,"{""distribution"": ""unsplit"", ""high_n"": """", ""high_p50"": """", ""low_n"": """", ""low_p50"": """", ""maximum"": 1799.148729, ""minimum"": 1748.31986, ""n"": 5, ""p50"": 1772.071851, ""p95_reference"": """"}","{""distribution"": ""unsplit"", ""high_n"": """", ""high_p50"": """", ""low_n"": """", ""low_p50"": """", ""maximum"": 1434.19140625, ""minimum"": 1433.81640625, ""n"": 5, ""p50"": 1434.0, ""p95_reference"": """"}",1582.8125,1697.03125,5-round occupancy/completion evidence; no tail-latency or sustained reliability guarantee; timing only full no-OOM batches,6n2,d0e499160c0af5bd99d80558799556170d5aa2ece40e7b52e80d6582038e1446,04d73057a0042bd965a4fc49555e6d24c30126ae59fc349153d4466286cfb66b
staged,useful,64,5,0,5,5,0,{},320,204,116,0,False,2048,"0,1",0,,,2048.0,2048.0,5-round occupancy/completion evidence; no tail-latency or sustained reliability guarantee; timing only full no-OOM batches,6n2,d0e499160c0af5bd99d80558799556170d5aa2ece40e7b52e80d6582038e1446,04d73057a0042bd965a4fc49555e6d24c30126ae59fc349153d4466286cfb66b
staged,useful,128,5,0,5,5,0,{},640,183,457,0,False,2048,"0,1",0,,,2048.0,2048.0,5-round occupancy/completion evidence; no tail-latency or sustained reliability guarantee; timing only full no-OOM batches,6n2,d0e499160c0af5bd99d80558799556170d5aa2ece40e7b52e80d6582038e1446,04d73057a0042bd965a4fc49555e6d24c30126ae59fc349153d4466286cfb66b
vm,idle,1,5,5,0,0,0,{},5,5,0,0,True,2048,"0,1",0,"{""distribution"": ""unsplit"", ""high_n"": """", ""high_p50"": """", ""low_n"": """", ""low_p50"": """", ""maximum"": 388.645289, ""minimum"": 329.674796, ""n"": 5, ""p50"": 377.317065, ""p95_reference"": """"}","{""distribution"": ""unsplit"", ""high_n"": """", ""high_p50"": """", ""low_n"": """", ""low_p50"": """", ""maximum"": 109.4921875, ""minimum"": 103.2421875, ""n"": 5, ""p50"": 103.5625, ""p95_reference"": """"}",103.24609375,109.49609375,5-round occupancy/completion evidence; no tail-latency or sustained reliability guarantee; timing only full no-OOM batches,6n2,d0e499160c0af5bd99d80558799556170d5aa2ece40e7b52e80d6582038e1446,04d73057a0042bd965a4fc49555e6d24c30126ae59fc349153d4466286cfb66b
vm,idle,2,5,5,0,0,0,{},10,10,0,0,True,2048,"0,1",0,"{""distribution"": ""unsplit"", ""high_n"": """", ""high_p50"": """", ""low_n"": """", ""low_p50"": """", ""maximum"": 437.173761, ""minimum"": 421.720995, ""n"": 5, ""p50"": 428.438514, ""p95_reference"": """"}","{""distribution"": ""unsplit"", ""high_n"": """", ""high_p50"": """", ""low_n"": """", ""low_p50"": """", ""maximum"": 200.63671875, ""minimum"": 190.92578125, ""n"": 5, ""p50"": 194.890625, ""p95_reference"": """"}",190.93359375,200.88671875,5-round occupancy/completion evidence; no tail-latency or sustained reliability guarantee; timing only full no-OOM batches,6n2,d0e499160c0af5bd99d80558799556170d5aa2ece40e7b52e80d6582038e1446,04d73057a0042bd965a4fc49555e6d24c30126ae59fc349153d4466286cfb66b
vm,idle,4,5,5,0,0,0,{},20,20,0,0,True,2048,"0,1",0,"{""distribution"": ""unsplit"", ""high_n"": """", ""high_p50"": """", ""low_n"": """", ""low_p50"": """", ""maximum"": 837.724714, ""minimum"": 743.183976, ""n"": 5, ""p50"": 781.551652, ""p95_reference"": """"}","{""distribution"": ""unsplit"", ""high_n"": """", ""high_p50"": """", ""low_n"": """", ""low_p50"": """", ""maximum"": 383.140625, ""minimum"": 376.99609375, ""n"": 5, ""p50"": 377.30859375, ""p95_reference"": """"}",377.203125,383.140625,5-round occupancy/completion evidence; no tail-latency or sustained reliability guarantee; timing only full no-OOM batches,6n2,d0e499160c0af5bd99d80558799556170d5aa2ece40e7b52e80d6582038e1446,04d73057a0042bd965a4fc49555e6d24c30126ae59fc349153d4466286cfb66b
vm,idle,8,5,5,0,0,0,{},40,40,0,0,True,2048,"0,1",0,"{""distribution"": ""unsplit"", ""high_n"": """", ""high_p50"": """", ""low_n"": """", ""low_p50"": """", ""maximum"": 1696.170153, ""minimum"": 1654.548577, ""n"": 5, ""p50"": 1667.242437, ""p95_reference"": """"}","{""distribution"": ""unsplit"", ""high_n"": """", ""high_p50"": """", ""low_n"": """", ""low_p50"": """", ""maximum"": 749.72265625, ""minimum"": 739.7890625, ""n"": 5, ""p50"": 743.9140625, ""p95_reference"": """"}",739.79296875,749.72265625,5-round occupancy/completion evidence; no tail-latency or sustained reliability guarantee; timing only full no-OOM batches,6n2,d0e499160c0af5bd99d80558799556170d5aa2ece40e7b52e80d6582038e1446,04d73057a0042bd965a4fc49555e6d24c30126ae59fc349153d4466286cfb66b
vm,idle,16,5,5,0,0,0,{},80,80,0,0,True,2048,"0,1",0,"{""distribution"": ""unsplit"", ""high_n"": """", ""high_p50"": """", ""low_n"": """", ""low_p50"": """", ""maximum"": 4975.916159, ""minimum"": 4516.611368, ""n"": 5, ""p50"": 4602.439834, ""p95_reference"": """"}","{""distribution"": ""unsplit"", ""high_n"": """", ""high_p50"": """", ""low_n"": """", ""low_p50"": """", ""maximum"": 1523.55859375, ""minimum"": 1478.0078125, ""n"": 5, ""p50"": 1488.1015625, ""p95_reference"": """"}",1481.75390625,1523.80859375,5-round occupancy/completion evidence; no tail-latency or sustained reliability guarantee; timing only full no-OOM batches,6n2,d0e499160c0af5bd99d80558799556170d5aa2ece40e7b52e80d6582038e1446,04d73057a0042bd965a4fc49555e6d24c30126ae59fc349153d4466286cfb66b
vm,idle,32,5,5,0,0,0,{},160,160,0,0,True,2048,"0,1",0,"{""distribution"": ""unsplit"", ""high_n"": """", ""high_p50"": """", ""low_n"": """", ""low_p50"": """", ""maximum"": 45822.096488, ""minimum"": 28262.140815, ""n"": 5, ""p50"": 39651.576513, ""p95_reference"": """"}","{""distribution"": ""unsplit"", ""high_n"": """", ""high_p50"": """", ""low_n"": """", ""low_p50"": """", ""maximum"": 2047.96875, ""minimum"": 2047.79296875, ""n"": 5, ""p50"": 2047.87890625, ""p95_reference"": """"}",2048.0,2048.0,5-round occupancy/completion evidence; no tail-latency or sustained reliability guarantee; timing only full no-OOM batches,6n2,d0e499160c0af5bd99d80558799556170d5aa2ece40e7b52e80d6582038e1446,04d73057a0042bd965a4fc49555e6d24c30126ae59fc349153d4466286cfb66b
vm,idle,64,5,0,5,0,0,{},320,7,313,0,False,2048,"0,1",0,,,2048.0,2048.0,5-round occupancy/completion evidence; no tail-latency or sustained reliability guarantee; timing only full no-OOM batches,6n2,d0e499160c0af5bd99d80558799556170d5aa2ece40e7b52e80d6582038e1446,04d73057a0042bd965a4fc49555e6d24c30126ae59fc349153d4466286cfb66b
vm,idle,128,5,0,5,5,0,{},640,0,640,0,False,2048,"0,1",0,,,2048.00390625,2048.01953125,5-round occupancy/completion evidence; no tail-latency or sustained reliability guarantee; timing only full no-OOM batches,6n2,d0e499160c0af5bd99d80558799556170d5aa2ece40e7b52e80d6582038e1446,04d73057a0042bd965a4fc49555e6d24c30126ae59fc349153d4466286cfb66b
vm,useful,1,5,5,0,0,0,{},5,5,0,0,True,2048,"0,1",0,"{""distribution"": ""unsplit"", ""high_n"": """", ""high_p50"": """", ""low_n"": """", ""low_p50"": """", ""maximum"": 568.852062, ""minimum"": 518.857992, ""n"": 5, ""p50"": 520.941048, ""p95_reference"": """"}","{""distribution"": ""unsplit"", ""high_n"": """", ""high_p50"": """", ""low_n"": """", ""low_p50"": """", ""maximum"": 173.73828125, ""minimum"": 167.30078125, ""n"": 5, ""p50"": 171.3671875, ""p95_reference"": """"}",168.046875,174.234375,5-round occupancy/completion evidence; no tail-latency or sustained reliability guarantee; timing only full no-OOM batches,6n2,d0e499160c0af5bd99d80558799556170d5aa2ece40e7b52e80d6582038e1446,04d73057a0042bd965a4fc49555e6d24c30126ae59fc349153d4466286cfb66b
vm,useful,2,5,5,0,0,0,{},10,10,0,0,True,2048,"0,1",0,"{""distribution"": ""unsplit"", ""high_n"": """", ""high_p50"": """", ""low_n"": """", ""low_p50"": """", ""maximum"": 685.349564, ""minimum"": 609.720718, ""n"": 5, ""p50"": 621.792072, ""p95_reference"": """"}","{""distribution"": ""unsplit"", ""high_n"": """", ""high_p50"": """", ""low_n"": """", ""low_p50"": """", ""maximum"": 335.03125, ""minimum"": 328.8515625, ""n"": 5, ""p50"": 333.02734375, ""p95_reference"": """"}",329.890625,336.0234375,5-round occupancy/completion evidence; no tail-latency or sustained reliability guarantee; timing only full no-OOM batches,6n2,d0e499160c0af5bd99d80558799556170d5aa2ece40e7b52e80d6582038e1446,04d73057a0042bd965a4fc49555e6d24c30126ae59fc349153d4466286cfb66b
vm,useful,4,5,5,0,0,0,{},20,20,0,0,True,2048,"0,1",0,"{""distribution"": ""unsplit"", ""high_n"": """", ""high_p50"": """", ""low_n"": """", ""low_p50"": """", ""maximum"": 1383.105191, ""minimum"": 1277.842128, ""n"": 5, ""p50"": 1350.317343, ""p95_reference"": """"}","{""distribution"": ""unsplit"", ""high_n"": """", ""high_p50"": """", ""low_n"": """", ""low_p50"": """", ""maximum"": 652.640625, ""minimum"": 645.91796875, ""n"": 5, ""p50"": 649.4921875, ""p95_reference"": """"}",650.60546875,654.7265625,5-round occupancy/completion evidence; no tail-latency or sustained reliability guarantee; timing only full no-OOM batches,6n2,d0e499160c0af5bd99d80558799556170d5aa2ece40e7b52e80d6582038e1446,04d73057a0042bd965a4fc49555e6d24c30126ae59fc349153d4466286cfb66b
vm,useful,8,5,5,0,0,0,{},40,40,0,0,True,2048,"0,1",0,"{""distribution"": ""unsplit"", ""high_n"": """", ""high_p50"": """", ""low_n"": """", ""low_p50"": """", ""maximum"": 3216.769786, ""minimum"": 2900.733036, ""n"": 5, ""p50"": 2933.46393, ""p95_reference"": """"}","{""distribution"": ""unsplit"", ""high_n"": """", ""high_p50"": """", ""low_n"": """", ""low_p50"": """", ""maximum"": 1279.6328125, ""minimum"": 1260.12109375, ""n"": 5, ""p50"": 1277.515625, ""p95_reference"": """"}",1272.2421875,1291.07421875,5-round occupancy/completion evidence; no tail-latency or sustained reliability guarantee; timing only full no-OOM batches,6n2,d0e499160c0af5bd99d80558799556170d5aa2ece40e7b52e80d6582038e1446,04d73057a0042bd965a4fc49555e6d24c30126ae59fc349153d4466286cfb66b
vm,useful,16,5,5,0,0,0,{},80,80,0,0,True,2048,"0,1",0,"{""distribution"": ""unsplit"", ""high_n"": """", ""high_p50"": """", ""low_n"": """", ""low_p50"": """", ""maximum"": 12623.624709, ""minimum"": 8871.681462, ""n"": 5, ""p50"": 9229.349874, ""p95_reference"": """"}","{""distribution"": ""unsplit"", ""high_n"": """", ""high_p50"": """", ""low_n"": """", ""low_p50"": """", ""maximum"": 2047.91796875, ""minimum"": 2047.84765625, ""n"": 5, ""p50"": 2047.8828125, ""p95_reference"": """"}",2048.0,2048.0,5-round occupancy/completion evidence; no tail-latency or sustained reliability guarantee; timing only full no-OOM batches,6n2,d0e499160c0af5bd99d80558799556170d5aa2ece40e7b52e80d6582038e1446,04d73057a0042bd965a4fc49555e6d24c30126ae59fc349153d4466286cfb66b
vm,useful,32,5,3,2,0,0,{},160,138,22,0,False,2048,"0,1",0,"{""distribution"": ""unsplit"", ""high_n"": """", ""high_p50"": """", ""low_n"": """", ""low_p50"": """", ""maximum"": 117701.79068, ""minimum"": 74035.610505, ""n"": 3, ""p50"": 78912.173935, ""p95_reference"": """"}","{""distribution"": ""unsplit"", ""high_n"": """", ""high_p50"": """", ""low_n"": """", ""low_p50"": """", ""maximum"": 2047.8515625, ""minimum"": 2047.76171875, ""n"": 3, ""p50"": 2047.80859375, ""p95_reference"": """"}",2048.0,2048.0,5-round occupancy/completion evidence; no tail-latency or sustained reliability guarantee; timing only full no-OOM batches,6n2,d0e499160c0af5bd99d80558799556170d5aa2ece40e7b52e80d6582038e1446,04d73057a0042bd965a4fc49555e6d24c30126ae59fc349153d4466286cfb66b
vm,useful,64,5,0,5,0,0,{},320,1,319,0,False,2048,"0,1",0,,,2048.0,2048.0,5-round occupancy/completion evidence; no tail-latency or sustained reliability guarantee; timing only full no-OOM batches,6n2,d0e499160c0af5bd99d80558799556170d5aa2ece40e7b52e80d6582038e1446,04d73057a0042bd965a4fc49555e6d24c30126ae59fc349153d4466286cfb66b
vm,useful,128,5,0,5,5,0,{},640,0,640,0,False,2048,"0,1",0,,,2048.00390625,2048.01171875,5-round occupancy/completion evidence; no tail-latency or sustained reliability guarantee; timing only full no-OOM batches,6n2,d0e499160c0af5bd99d80558799556170d5aa2ece40e7b52e80d6582038e1446,04d73057a0042bd965a4fc49555e6d24c30126ae59fc349153d4466286cfb66b
podman,idle,1,5,5,0,0,0,{},5,5,0,0,True,2048,"0,1",0,"{""distribution"": ""unsplit"", ""high_n"": """", ""high_p50"": """", ""low_n"": """", ""low_p50"": """", ""maximum"": 149.255767, ""minimum"": 136.944437, ""n"": 5, ""p50"": 147.59953, ""p95_reference"": """"}","{""distribution"": ""unsplit"", ""high_n"": """", ""high_p50"": """", ""low_n"": """", ""low_p50"": """", ""maximum"": 47.80078125, ""minimum"": 39.53515625, ""n"": 5, ""p50"": 39.77734375, ""p95_reference"": """"}",54.81640625,62.51953125,5-round occupancy/completion evidence; no tail-latency or sustained reliability guarantee; timing only full no-OOM batches,6n2,d0e499160c0af5bd99d80558799556170d5aa2ece40e7b52e80d6582038e1446,04d73057a0042bd965a4fc49555e6d24c30126ae59fc349153d4466286cfb66b
podman,idle,2,5,5,0,0,0,{},10,10,0,0,True,2048,"0,1",0,"{""distribution"": ""unsplit"", ""high_n"": """", ""high_p50"": """", ""low_n"": """", ""low_p50"": """", ""maximum"": 216.858151, ""minimum"": 195.464379, ""n"": 5, ""p50"": 197.568792, ""p95_reference"": """"}","{""distribution"": ""unsplit"", ""high_n"": """", ""high_p50"": """", ""low_n"": """", ""low_p50"": """", ""maximum"": 77.96875, ""minimum"": 67.65234375, ""n"": 5, ""p50"": 68.1640625, ""p95_reference"": """"}",93.89453125,104.7890625,5-round occupancy/completion evidence; no tail-latency or sustained reliability guarantee; timing only full no-OOM batches,6n2,d0e499160c0af5bd99d80558799556170d5aa2ece40e7b52e80d6582038e1446,04d73057a0042bd965a4fc49555e6d24c30126ae59fc349153d4466286cfb66b
podman,idle,4,5,5,0,0,0,{},20,20,0,0,True,2048,"0,1",0,"{""distribution"": ""unsplit"", ""high_n"": """", ""high_p50"": """", ""low_n"": """", ""low_p50"": """", ""maximum"": 372.696775, ""minimum"": 312.797018, ""n"": 5, ""p50"": 358.618223, ""p95_reference"": """"}","{""distribution"": ""unsplit"", ""high_n"": """", ""high_p50"": """", ""low_n"": """", ""low_p50"": """", ""maximum"": 134.5625, ""minimum"": 122.97265625, ""n"": 5, ""p50"": 123.48828125, ""p95_reference"": """"}",154.48046875,171.47265625,5-round occupancy/completion evidence; no tail-latency or sustained reliability guarantee; timing only full no-OOM batches,6n2,d0e499160c0af5bd99d80558799556170d5aa2ece40e7b52e80d6582038e1446,04d73057a0042bd965a4fc49555e6d24c30126ae59fc349153d4466286cfb66b
podman,idle,8,5,5,0,0,0,{},40,40,0,0,True,2048,"0,1",0,"{""distribution"": ""unsplit"", ""high_n"": """", ""high_p50"": """", ""low_n"": """", ""low_p50"": """", ""maximum"": 903.051667, ""minimum"": 667.185761, ""n"": 5, ""p50"": 744.050473, ""p95_reference"": """"}","{""distribution"": ""unsplit"", ""high_n"": """", ""high_p50"": """", ""low_n"": """", ""low_p50"": """", ""maximum"": 238.02734375, ""minimum"": 233.640625, ""n"": 5, ""p50"": 234.3046875, ""p95_reference"": """"}",273.03515625,278.79296875,5-round occupancy/completion evidence; no tail-latency or sustained reliability guarantee; timing only full no-OOM batches,6n2,d0e499160c0af5bd99d80558799556170d5aa2ece40e7b52e80d6582038e1446,04d73057a0042bd965a4fc49555e6d24c30126ae59fc349153d4466286cfb66b
podman,idle,16,5,5,0,0,0,{},80,80,0,0,True,2048,"0,1",0,"{""distribution"": ""unsplit"", ""high_n"": """", ""high_p50"": """", ""low_n"": """", ""low_p50"": """", ""maximum"": 1664.649105, ""minimum"": 1409.417253, ""n"": 5, ""p50"": 1522.122827, ""p95_reference"": """"}","{""distribution"": ""unsplit"", ""high_n"": """", ""high_p50"": """", ""low_n"": """", ""low_p50"": """", ""maximum"": 457.7734375, ""minimum"": 453.765625, ""n"": 5, ""p50"": 456.66015625, ""p95_reference"": """"}",502.12890625,509.765625,5-round occupancy/completion evidence; no tail-latency or sustained reliability guarantee; timing only full no-OOM batches,6n2,d0e499160c0af5bd99d80558799556170d5aa2ece40e7b52e80d6582038e1446,04d73057a0042bd965a4fc49555e6d24c30126ae59fc349153d4466286cfb66b
podman,idle,32,5,5,0,0,0,{},160,160,0,0,True,2048,"0,1",0,"{""distribution"": ""unsplit"", ""high_n"": """", ""high_p50"": """", ""low_n"": """", ""low_p50"": """", ""maximum"": 3630.397422, ""minimum"": 3168.34363, ""n"": 5, ""p50"": 3320.83393, ""p95_reference"": """"}","{""distribution"": ""unsplit"", ""high_n"": """", ""high_p50"": """", ""low_n"": """", ""low_p50"": """", ""maximum"": 905.13671875, ""minimum"": 900.65625, ""n"": 5, ""p50"": 902.81640625, ""p95_reference"": """"}",947.02734375,954.37109375,5-round occupancy/completion evidence; no tail-latency or sustained reliability guarantee; timing only full no-OOM batches,6n2,d0e499160c0af5bd99d80558799556170d5aa2ece40e7b52e80d6582038e1446,04d73057a0042bd965a4fc49555e6d24c30126ae59fc349153d4466286cfb66b
podman,idle,64,5,5,0,0,0,{},320,320,0,0,True,2048,"0,1",0,"{""distribution"": ""unsplit"", ""high_n"": """", ""high_p50"": """", ""low_n"": """", ""low_p50"": """", ""maximum"": 12000.285815, ""minimum"": 6482.1006, ""n"": 5, ""p50"": 7459.50497, ""p95_reference"": """"}","{""distribution"": ""unsplit"", ""high_n"": """", ""high_p50"": """", ""low_n"": """", ""low_p50"": """", ""maximum"": 1815.9609375, ""minimum"": 1800.203125, ""n"": 5, ""p50"": 1806.89453125, ""p95_reference"": """"}",1875.296875,1888.50390625,5-round occupancy/completion evidence; no tail-latency or sustained reliability guarantee; timing only full no-OOM batches,6n2,d0e499160c0af5bd99d80558799556170d5aa2ece40e7b52e80d6582038e1446,04d73057a0042bd965a4fc49555e6d24c30126ae59fc349153d4466286cfb66b
podman,idle,128,5,0,5,5,3,"{""[Errno 2] No such file or directory: '/home/reiase/workspace/pvisor/benchmark/.data/6n2/0/j75/cid'"": 1, ""[Errno 2] No such file or directory: '/home/reiase/workspace/pvisor/benchmark/.data/6n2/145/j117/cid'"": 1, ""[Errno 2] No such file or directory: '/home/reiase/workspace/pvisor/benchmark/.data/6n2/221/j100/cid'"": 1}",640,141,115,384,False,2048,"0,1",0,,,2048.00390625,2048.01171875,5-round occupancy/completion evidence; no tail-latency or sustained reliability guarantee; timing only full no-OOM batches,6n2,d0e499160c0af5bd99d80558799556170d5aa2ece40e7b52e80d6582038e1446,04d73057a0042bd965a4fc49555e6d24c30126ae59fc349153d4466286cfb66b
podman,useful,1,5,5,0,0,0,{},5,5,0,0,True,2048,"0,1",0,"{""distribution"": ""unsplit"", ""high_n"": """", ""high_p50"": """", ""low_n"": """", ""low_p50"": """", ""maximum"": 199.814085, ""minimum"": 198.192846, ""n"": 5, ""p50"": 199.348306, ""p95_reference"": """"}","{""distribution"": ""unsplit"", ""high_n"": """", ""high_p50"": """", ""low_n"": """", ""low_p50"": """", ""maximum"": 76.37109375, ""minimum"": 71.80078125, ""n"": 5, ""p50"": 72.1953125, ""p95_reference"": """"}",103.8046875,108.375,5-round occupancy/completion evidence; no tail-latency or sustained reliability guarantee; timing only full no-OOM batches,6n2,d0e499160c0af5bd99d80558799556170d5aa2ece40e7b52e80d6582038e1446,04d73057a0042bd965a4fc49555e6d24c30126ae59fc349153d4466286cfb66b
podman,useful,2,5,5,0,0,0,{},10,10,0,0,True,2048,"0,1",0,"{""distribution"": ""unsplit"", ""high_n"": """", ""high_p50"": """", ""low_n"": """", ""low_p50"": """", ""maximum"": 284.226943, ""minimum"": 225.89424, ""n"": 5, ""p50"": 266.22944, ""p95_reference"": """"}","{""distribution"": ""unsplit"", ""high_n"": """", ""high_p50"": """", ""low_n"": """", ""low_p50"": """", ""maximum"": 136.44921875, ""minimum"": 131.44140625, ""n"": 5, ""p50"": 131.9453125, ""p95_reference"": """"}",163.69921875,185.20703125,5-round occupancy/completion evidence; no tail-latency or sustained reliability guarantee; timing only full no-OOM batches,6n2,d0e499160c0af5bd99d80558799556170d5aa2ece40e7b52e80d6582038e1446,04d73057a0042bd965a4fc49555e6d24c30126ae59fc349153d4466286cfb66b
podman,useful,4,5,5,0,0,0,{},20,20,0,0,True,2048,"0,1",0,"{""distribution"": ""unsplit"", ""high_n"": """", ""high_p50"": """", ""low_n"": """", ""low_p50"": """", ""maximum"": 472.389986, ""minimum"": 408.343211, ""n"": 5, ""p50"": 425.580338, ""p95_reference"": """"}","{""distribution"": ""unsplit"", ""high_n"": """", ""high_p50"": """", ""low_n"": """", ""low_p50"": """", ""maximum"": 252.8203125, ""minimum"": 251.3671875, ""n"": 5, ""p50"": 251.6796875, ""p95_reference"": """"}",290.14453125,331.08984375,5-round occupancy/completion evidence; no tail-latency or sustained reliability guarantee; timing only full no-OOM batches,6n2,d0e499160c0af5bd99d80558799556170d5aa2ece40e7b52e80d6582038e1446,04d73057a0042bd965a4fc49555e6d24c30126ae59fc349153d4466286cfb66b
podman,useful,8,5,5,0,0,0,{},40,40,0,0,True,2048,"0,1",0,"{""distribution"": ""unsplit"", ""high_n"": """", ""high_p50"": """", ""low_n"": """", ""low_p50"": """", ""maximum"": 962.204672, ""minimum"": 891.185836, ""n"": 5, ""p50"": 908.264417, ""p95_reference"": """"}","{""distribution"": ""unsplit"", ""high_n"": """", ""high_p50"": """", ""low_n"": """", ""low_p50"": """", ""maximum"": 494.69921875, ""minimum"": 490.09375, ""n"": 5, ""p50"": 491.10546875, ""p95_reference"": """"}",527.2109375,548.2578125,5-round occupancy/completion evidence; no tail-latency or sustained reliability guarantee; timing only full no-OOM batches,6n2,d0e499160c0af5bd99d80558799556170d5aa2ece40e7b52e80d6582038e1446,04d73057a0042bd965a4fc49555e6d24c30126ae59fc349153d4466286cfb66b
podman,useful,16,5,5,0,0,0,{},80,80,0,0,True,2048,"0,1",0,"{""distribution"": ""unsplit"", ""high_n"": """", ""high_p50"": """", ""low_n"": """", ""low_p50"": """", ""maximum"": 2376.380121, ""minimum"": 1796.083971, ""n"": 5, ""p50"": 2088.795167, ""p95_reference"": """"}","{""distribution"": ""unsplit"", ""high_n"": """", ""high_p50"": """", ""low_n"": """", ""low_p50"": """", ""maximum"": 970.76953125, ""minimum"": 967.49609375, ""n"": 5, ""p50"": 969.26171875, ""p95_reference"": """"}",1008.72265625,1014.61328125,5-round occupancy/completion evidence; no tail-latency or sustained reliability guarantee; timing only full no-OOM batches,6n2,d0e499160c0af5bd99d80558799556170d5aa2ece40e7b52e80d6582038e1446,04d73057a0042bd965a4fc49555e6d24c30126ae59fc349153d4466286cfb66b
podman,useful,32,5,5,0,0,0,{},160,160,0,0,True,2048,"0,1",0,"{""distribution"": ""unsplit"", ""high_n"": """", ""high_p50"": """", ""low_n"": """", ""low_p50"": """", ""maximum"": 4661.767161, ""minimum"": 3822.10365, ""n"": 5, ""p50"": 4095.659467, ""p95_reference"": """"}","{""distribution"": ""unsplit"", ""high_n"": """", ""high_p50"": """", ""low_n"": """", ""low_p50"": """", ""maximum"": 1932.12890625, ""minimum"": 1928.9765625, ""n"": 5, ""p50"": 1931.8125, ""p95_reference"": """"}",1978.359375,1996.41015625,5-round occupancy/completion evidence; no tail-latency or sustained reliability guarantee; timing only full no-OOM batches,6n2,d0e499160c0af5bd99d80558799556170d5aa2ece40e7b52e80d6582038e1446,04d73057a0042bd965a4fc49555e6d24c30126ae59fc349153d4466286cfb66b
podman,useful,64,5,0,5,5,1,"{""[Errno 2] No such file or directory: '/home/reiase/workspace/pvisor/benchmark/.data/6n2/139/j21/cid'"": 1}",320,120,136,64,False,2048,"0,1",0,,,2048.0,2048.015625,5-round occupancy/completion evidence; no tail-latency or sustained reliability guarantee; timing only full no-OOM batches,6n2,d0e499160c0af5bd99d80558799556170d5aa2ece40e7b52e80d6582038e1446,04d73057a0042bd965a4fc49555e6d24c30126ae59fc349153d4466286cfb66b
podman,useful,128,5,0,5,5,1,"{""[Errno 2] No such file or directory: '/home/reiase/workspace/pvisor/benchmark/.data/6n2/244/j74/cid'"": 1}",640,128,384,128,False,2048,"0,1",0,,,2048.0078125,2048.0078125,5-round occupancy/completion evidence; no tail-latency or sustained reliability guarantee; timing only full no-OOM batches,6n2,d0e499160c0af5bd99d80558799556170d5aa2ece40e7b52e80d6582038e1446,04d73057a0042bd965a4fc49555e6d24c30126ae59fc349153d4466286cfb66b
