cohort,field,value
6n2,benchmark_id,B-DENSITY
6n2,recorded_at,2026-10-05T20:52:16.138215+00:00
6n2,binary_build,"{""binaries"": {""pvisor"": {""bytes"": 20322296, ""sha256"": ""04d73057a0042bd965a4fc49555e6d24c30126ae59fc349153d4466286cfb66b""}, ""pvisor-cache"": {""bytes"": 5672712, ""sha256"": ""f7bafd6c6ee4c8852aaaecf34eae2afb668e793a33740920ef1258d21d3fa68b""}, ""pvisor-cluster"": {""bytes"": 9242592, ""sha256"": ""434fc0fb594b1f933c807f602756cc0dc25f857f420d31040ead44caf39329f6""}, ""pvisor-memory-pool"": {""bytes"": 1491248, ""sha256"": ""0b0747043f6f3fe9eaad0475172ab2283a04f7e6e6df11c19e75801ed64b8894""}, ""pvisor-replay"": {""bytes"": 6120248, ""sha256"": ""cd602c732578cb68c1cebb4a5036b356f7ea86d36905d2e6d0f10d950ffa7429""}, ""pvisor-tui"": {""bytes"": 4400720, ""sha256"": ""785579ad864455fa40d00ebbc4bcb77dc86fa3c4985a806919bbd904b0bcfd2f""}, ""pvisor-worker"": {""bytes"": 19886688, ""sha256"": ""b30c996a4f4c590e61072b824d434bed19664e01919d5cd9d78c80c737316af9""}}, ""cargo"": ""cargo 1.98.1 (797e8a9bc 2026-08-05)\n"", ""command"": ""cargo build --locked --offline --release -p pvisor --bins --features gateway -p pvisor-replay -p pvisor-cluster -p pvisor-tui"", ""firmware_sha256"": ""b61f68dac3ef20a88e1ee387733e4baed2f7c02edac940c8882e0b549dac95e4"", ""pvisor_sha256"": ""04d73057a0042bd965a4fc49555e6d24c30126ae59fc349153d4466286cfb66b"", ""rustc"": ""rustc 1.98.1 (48a229cea 2026-09-01)\nbinary: rustc\ncommit-hash: 48a229ceaefd4985c50990b14116b6d856af0985\ncommit-date: 2026-09-01\nhost: x86_64-unknown-linux-gnu\nrelease: 1.98.1\nLLVM version: 22.1.8\n"", ""source_identity"": {""head"": ""99fefbdac7f79c7b0c7d92bf67447e12fab3082c"", ""manifest_sha256"": ""cad1cedb1c7b7745b53ad730a83bf5a3b69e35072f19969b0074dd66eace051f"", ""scope"": ""actual tracked working-tree files, including local edits; immutable copied source; no old benchmark binary reused"", ""status"": "" M benchmark/pvisor/README.md\n M benchmark/pvisor/publish_review_workflow.py\n M benchmark/pvisor/review_workflow.py\n M benchmark/pvisor/test_review_workflow.py\n M docs/src/en/benchmarks/compare-containers.csv\n M docs/src/en/benchmarks/evidence-sources.csv\n M docs/src/en/benchmarks/index.csv\n M docs/src/en/benchmarks/index.md\n M docs/src/en/benchmarks/supervision-cost.csv\n M docs/src/en/benchmarks/workflow-provenance.csv\n M docs/src/zh/benchmarks/compare-containers.csv\n M docs/src/zh/benchmarks/evidence-sources.csv\n M docs/src/zh/benchmarks/index.csv\n M docs/src/zh/benchmarks/supervision-cost.csv\n M docs/src/zh/benchmarks/workflow-provenance.csv\n M docs/translations.json\n""}, ""source_manifest_sha256"": ""cad1cedb1c7b7745b53ad730a83bf5a3b69e35072f19969b0074dd66eace051f""}"
6n2,pvisor_sha256,04d73057a0042bd965a4fc49555e6d24c30126ae59fc349153d4466286cfb66b
6n2,worker_sha256,17be50922ef6021c4bd82fe23adfa262ba4d96095c996aaf9e342e9b7c6650aa
6n2,firmware_sha256,b61f68dac3ef20a88e1ee387733e4baed2f7c02edac940c8882e0b549dac95e4
6n2,host_kernel,7.2.8-200.fc44.x86_64
6n2,harness_sha256,"{""bench.py"": ""8504e7b8b861707d89dc907227e4b7dd6edba62bc43c62788b8cb5e87682505f"", ""cluster_scalability.py"": ""bb1cade5c9c890592cf7c487337134464d4bd6cfe6f3cf6d593d05f27c713d46"", ""cluster_worker.py"": ""a519d461bf6bb1056667db3197f4c8fe1ab470061e7633de11bb62ed335d8bc2"", ""density.py"": ""fdc587dddcd58651e28bd6c1f8e97f89ae76c95a5f31aed253f5844419c65067"", ""density_worker.py"": ""17be50922ef6021c4bd82fe23adfa262ba4d96095c996aaf9e342e9b7c6650aa"", ""evidence_tsv.py"": ""7acd86af52762b582d13917eeb46ceaa213722b42dcc9572714593ed46ca6a8e"", ""filesystem_ab.py"": ""5f406e6d53227077c43681dee40a6e1249c2f641760406c7de6de6c6b757c5ba"", ""filesystem_counters.py"": ""3c8cfda972da7f2ad792e1619202a9dc069503fef636e34de0248cb6cb0611cd"", ""filesystem_diagnostic.py"": ""f69b3f9ac152c6a1db04821216fe0bb6eaea5fcca752b49eef9e22ed9f3722c3"", ""filesystem_fuse_ab.py"": ""e83680861450a9664fd72cb8734a7c949a1e68695ca3e3fd4b4df8b6c6a658a6"", ""filesystem_kernel_probe.py"": ""204097b93456fd7c7d92dcb715ffec1a69969e02833d78898e99d389aea1cf4a"", ""filesystem_lazy_ab.py"": ""3f9ac268570f963650796541eb7c214541608965c6373767032bcfe0a89423a4"", ""filesystem_stage_ab.py"": ""17028dac26d6fce6d8dfd9bcb6d954bcf4ea103425813dd89f539f270b4db921"", ""filesystem_stage_durability.py"": ""21898af2aaa8997c08826066df7e2f0b9401f1698155f73d7bebf81036293eba"", ""firmware_boot.py"": ""98ed7ad19dd09d2337ffb0c7b341ff239a676675e425659e6aefbff7dfcb123f"", ""guest_init.py"": ""7648fb166806c9782ce6841b8e26dd99f141fe552a11a3ff3bcdea6d3b2af522"", ""kernel_comparison.py"": ""132347dd21a1337c49a64ae5a0772257a307a1e157b21fc10e0803d33f5f0f42"", ""linux_vm_ready.py"": ""5db2acd2158e51995299d37cb6772fac8bab40f085239ae488921027d0465a2b"", ""live_vm_memory.py"": ""23a95dddc25f0990b08853cb2444ba2bcaa76bb98809e44cef4b79d151fb1264"", ""macos_cold_ram.py"": ""b8ab5dd1228083040de95acee5546819c14bc6bfb822482a1e6e249071cca6e4"", ""macos_docker_tools.py"": ""4e76e38262d4bdc892307c4973468b24f00a4c8c177cc6641bb8d0fe1d636e70"", ""macos_migration.py"": ""1b0af0566f8ab5cce4839c1ffd57c3744a25cd02282a59ed169bf27863f0df88"", ""plot_cluster_scalability.py"": ""65c07db2923c0149d1770d342dc6f325d7bdd592e0f02a7e7f4ab3457c9f4d5f"", ""plot_filesystem_service.py"": ""6226b2bbd430e79f7ed721b7c2ba957b2e4e647b0a5a0d069eebaa5b016fe2c5"", ""plot_startup.py"": ""4a5ec5d418feacdad19ff685f956f2a9411585890d30cca3db07bf31cd375588"", ""prepare_density_env.py"": ""12cd87ff8f22f276fbc5e456ed8f262bbf80a728cb9c319e317e6ff4c8aad176"", ""prepare_firmware_comparison.py"": ""202d07ed2df2fdc7db154ba75734e5870331b44b4ae4c2a8057d7ccde22975a8"", ""prepare_reference_env.py"": ""8f628384f264b4f62ac66363a71b090cc23e1993218411a2d5ad3ceb145bfa90"", ""prepare_ubuntu_reference.py"": ""422d7f10ac8c9d9153778801ee012e84274ebf932078c2bde8e63295fcc3f1dc"", ""product_v1.py"": ""fe3041f28372947a7bd8a89f6148718ab56f3e1831fb726ab1b47af1c2160c67"", ""publication.py"": ""220857f3660694b79a086d894c44f6d0d09d29cb65ce2d3b8e389a857ebb6e1a"", ""publish_reference_campaign.py"": ""c82957d5be6251dc4e889bf1f8910ddb7c2179f36be2438cb74bc1ab10cbe334"", ""publish_review_workflow.py"": ""78c06def69f57287ee8a4095422758f9115f150782eda615dc60ee28422a7e47"", ""reference_baselines.py"": ""2ab8564e16b99ef3c39dd51ea2996c17dbaca991f3223985b6a23f80253dc3cd"", ""reference_fixture.py"": ""46f64cb8eaef80c1c885d3449368f21d217609f8a58efdd4d776f2c5f2634978"", ""reference_workload.py"": ""a3b120813d58746e9da8594d71a45cdc093ac9bdbad9f4cf0edc741bb9b30fd8"", ""render_filesystem_fuse_ab.py"": ""78e3af8a39dba0b1b2900e5678d12769720e7a26e6965a3de8303519341bf1f6"", ""render_reference_baselines.py"": ""71006dd18eba224bba634d1793bffd510a80181b1c7d233afe6caa4ba0eef692"", ""render_ubuntu_baselines.py"": ""fdad77bc6d2449214abdbb8477881519e4e74128e3d1926f7330a0e3048c9f50"", ""review_workflow.py"": ""c36b24d0dea3d595f1717982b21eac6f76858037805bb66f063dc6a9069bce1e"", ""run_all.py"": ""8a091e8421d5a3d4c41574aafd4138c050972703f93e37dc924d60a253102684"", ""startup.py"": ""e436576fd0fb6653b891cbc3f1aa37cebfaa39893c2b30b8f4f81e3b6b4f233b"", ""summarize_product_v1.py"": ""df6f7be01a21089a70dd4c1c23023a6898148d2f3579a5964f8e403eeca660da"", ""test_bench.py"": ""d9dcea3319ad50da4f8fd7f12befed87f53bd68bd07456c71d27f103c1d18602"", ""test_cluster_scalability.py"": ""ecc29f7301c7b189f125516c46043fc5d566e77a32d3941015fb9a25ee6c87d7"", ""test_density.py"": ""7880b212d58ed776885f82884ff6ec98f06055c37eeb3caa20d5440ad91ab465"", ""test_evidence_tsv.py"": ""05fa451261abb925111062f8470c295fb4707a184fc846a813b9d00fd93f6864"", ""test_filesystem_ab.py"": ""6f1df19e65309f329117fa3c072c195106cc48bef948bee81eb7cdaa8c2e42cd"", ""test_filesystem_diagnostic.py"": ""179c613d8b4857642f0f265388655dabfc1629b7b9b6c3291b2561a3414aba81"", ""test_filesystem_fuse_ab.py"": ""613764db622b451813bf98cb741c910d06467417043494f75e5841cb667082d1"", ""test_filesystem_lazy_ab.py"": ""d63d5a81bb821d9bc19d8bcbb5012f91732c9edbdd1507bc12937f4f6486f384"", ""test_filesystem_stage_ab.py"": ""860f4ce30e56892deeea7a814fc4d1f326e6416abd0078f84534d5a0209196b9"", ""test_filesystem_stage_durability.py"": ""ae4bbc4ecd3227122d14ec93fc49603a48dac600cf215360635cd5e0772bd6c0"", ""test_kernel_comparison.py"": ""adf7891613136c65a5ead0fee3aec8c102b1bf09c72d7b61fa5542f2f69bcf75"", ""test_live_vm_memory.py"": ""41d0f85c7b550be70d35c2361697015b9c8fadc0034681a7c9f8051b35194d3b"", ""test_macos_docker_tools.py"": ""defa4f7442496729f295efb9468d949672b8302160530ace22b78602de89a657"", ""test_macos_migration.py"": ""920e362e3ffa4da7d10a3e5fa1901712a056c059b8443bb1ada85255572af243"", ""test_product_v1.py"": ""19011c48c834c76a8dafde300f58526039d25908820c240b40e3942e53dd8c3c"", ""test_publication.py"": ""fa6714b4d5ca23212c1feb81b102fbcf3a91bcc73679b096f655bfe3618fe94b"", ""test_reference_baselines.py"": ""c0e2428bd9c2e7095742dfbd26d18eb2407d93ef0f714ff9e9be876439d43043"", ""test_reference_campaign.py"": ""3e5c7579e058b06b4b8269d601a9533e7e695f61a61fb8dbfd845bc02ee7d673"", ""test_review_workflow.py"": ""1306683fb0114905977c8b1d6e7cff1a52d8260afc5bcf2710b43152a09f8c22"", ""test_run_all.py"": ""76ec448980e0ea0afece9037e9af6c273c90c0cb6ee81d93ebe85659acd6a08c"", ""test_startup.py"": ""a19f0e3c8a9fa47f4f8116c6415a7ace363ebbcee1a672e8f002ca48144d5b43"", ""test_ubuntu_baselines.py"": ""cf0a30d779d3f408e92310c08a4c65cf79fce38e321f721aadc276115144c98c"", ""test_vm_memory.py"": ""4d6cc5c553e54e29dc528f0280714337d5afed765443495504a8003d62cd9cd3"", ""test_vm_ready.py"": ""510e171d9af9a4e64085f70f983036709e2c41c3303974b7af319c142df313bc"", ""ubuntu_baselines.py"": ""e0a847ed7b0faadf8fb8db01a531e1f8cc9ec96772c0648b1f8fd3a73254b133"", ""ubuntu_vm_network.py"": ""686959aa4d704b3d4b240df560edb348e2de099c84aea9dd864891e734fe3fcb"", ""v1/agent.py"": ""b1cf2d8245fc262c7795364df11d68c41e073c63320ea87d8c39648165b2a2fe"", ""v1/apply.py"": ""19e653881911c8df6fa3d664f486a42ceb5604a1cb98eb1c5c39538f491fd1e9"", ""v1/apply_worker.py"": ""0b6c542251721fa948245ba021a8695d6e0fd375ec6d72bd2d1f118fd12957f6"", ""v1/baselines.py"": ""5241e95d030c15223d410c887b0d1d260676324cb6a151e0bd157c0e214b9df7"", ""v1/common.py"": ""1e703f0fb4da5931231149ae8e0e221fc60fea3ab888676bd55857bae4b9f959"", ""v1/filesystem.py"": ""61f549e7c75d6f7fdd65ad830910f2349430b45e73e9bae72b25be27ce46df81"", ""v1/isolation.py"": ""32c4d37b203dc40c9f793b75e01e90a245d32b33d90f2422407546b159c6c4bf"", ""v1/isolation_worker.py"": ""ee0c710c8b9d4ebc2339387b323b33b699d74c430092f13986b5d26be7bfd9f8"", ""v1/network.py"": ""6be1d12a1d68cc496884b60d3ae93424a3314fd96877011f8faef6d21395503f"", ""v1/network_worker.py"": ""6ad52b1fc76789e3560f4853576c4ac70faec8f22666de8ae74ba4956fb547be"", ""v1/oci.py"": ""ebf40f2cd6b74573a78fdc06266ae25d92ce230c94275afa44b87bd1350642f3"", ""v1/replay.py"": ""60dc8b58260eb0538972036c2e2568cac32c2aa0cfff33ec689b8d40f68e94a8"", ""v1/supervision.py"": ""2e6a38c2d542f76fa52f7055dba701a07725be1d6286d4d04f2de9e5378ab753"", ""v1/workload.py"": ""484e661b91720d03119998cca082db6fe57d5d40591957af1840e872066b61cc"", ""vm_memory.py"": ""61a47259097a1a71249612ce634e6cd2220d18bc2f2bae336098c5e0dfdac8bc"", ""vm_ready.py"": ""34b1f7f06e1e160fc526e76acc9014fa7fa2faacb07d5a352352c1a2763b4bc0""}"
6n2,input_manifest_sha256,0a4c55e982578ce340f2022e511bd1462daec215ca692f3a40d274eeec2eb1b3
6n2,podman_preparation,"{""host"": {""arch"": ""amd64"", ""buildahVersion"": ""1.43.4"", ""cgroupControllers"": [""memory"", ""pids""], ""cgroupManager"": ""systemd"", ""cgroupVersion"": ""v2"", ""conmon"": {""package"": ""conmon-2.2.1-2.fc44.x86_64"", ""path"": ""/usr/bin/conmon"", ""version"": ""conmon version 2.2.1, commit: ""}, ""cpuUtilization"": {""idlePercent"": 90.02, ""systemPercent"": 2.36, ""userPercent"": 7.62}, ""cpus"": 16, ""databaseBackend"": ""sqlite"", ""distribution"": {""distribution"": ""fedora"", ""variant"": ""workstation"", ""version"": ""44""}, ""eventLogger"": ""journald"", ""freeLocks"": 2048, ""hostname"": ""fedora"", ""idMappings"": {""gidmap"": [{""container_id"": 0, ""host_id"": 1000, ""size"": 1}, {""container_id"": 1, ""host_id"": 524288, ""size"": 65536}], ""uidmap"": [{""container_id"": 0, ""host_id"": 1000, ""size"": 1}, {""container_id"": 1, ""host_id"": 524288, ""size"": 65536}]}, ""kernel"": ""7.2.8-200.fc44.x86_64"", ""linkmode"": ""dynamic"", ""logDriver"": ""journald"", ""memFree"": 6055411712, ""memTotal"": 32747950080, ""networkBackend"": ""netavark"", ""networkBackendInfo"": {""backend"": ""netavark"", ""defaultNetwork"": ""podman"", ""dns"": {""package"": ""aardvark-dns-1.17.1-1.fc44.x86_64"", ""path"": ""/usr/libexec/podman/aardvark-dns"", ""version"": ""aardvark-dns 1.17.1""}, ""package"": ""netavark-1.17.2-1.fc44.x86_64"", ""path"": ""/usr/libexec/podman/netavark"", ""version"": ""netavark 1.17.2""}, ""ociRuntime"": {""name"": ""crun"", ""package"": ""crun-1.28-1.fc44.x86_64"", ""path"": ""/usr/bin/crun"", ""version"": ""crun version 1.28\ncommit: 54f16ffbefcd022bf032af768b5c5ce075c18bfc\nrundir: /run/user/1000/crun\nspec: 1.0.0\n+SYSTEMD +SELINUX +APPARMOR +CAP +SECCOMP +EBPF +CRIU +LIBKRUN +WASM:wasmedge +JSON_C""}, ""os"": ""linux"", ""pasta"": {""executable"": ""/usr/bin/pasta"", ""package"": ""passt-0^20260728.gf8df3f1-2.fc44.x86_64"", ""version"": ""pasta 0^20260728.gf8df3f1-2.fc44.x86_64\nCopyright Red Hat\nGNU General Public License, version 2 or later\n  <https://www.gnu.org/licenses/old-licenses/gpl-2.0.html>\nThis is free software: you are free to change and redistribute it.\nThere is NO WARRANTY, to the extent permitted by law.\n""}, ""remoteSocket"": {""exists"": true, ""path"": ""/run/user/1000/podman/podman.sock""}, ""rootlessNetworkCmd"": ""pasta"", ""security"": {""apparmorEnabled"": false, ""capabilities"": ""CAP_CHOWN,CAP_DAC_OVERRIDE,CAP_FOWNER,CAP_FSETID,CAP_KILL,CAP_NET_BIND_SERVICE,CAP_SETFCAP,CAP_SETGID,CAP_SETPCAP,CAP_SETUID,CAP_SYS_CHROOT"", ""rootless"": true, ""seccompEnabled"": true, ""seccompProfilePath"": ""/usr/share/containers/seccomp.json"", ""selinuxEnabled"": false}, ""serviceIsRemote"": false, ""slirp4netns"": {""executable"": """", ""package"": """", ""version"": """"}, ""swapFree"": 3977875456, ""swapTotal"": 8589930496, ""uptime"": ""2h 43m 38.00s (Approximately 0.08 days)"", ""variant"": """"}, ""plugins"": {""authorization"": null, ""log"": [""k8s-file"", ""none"", ""passthrough"", ""journald""], ""network"": [""bridge"", ""macvlan"", ""ipvlan""], ""volume"": [""local""]}, ""registries"": {""search"": [""registry.fedoraproject.org"", ""registry.access.redhat.com"", ""docker.io""]}, ""store"": {""configFile"": ""/home/reiase/.config/containers/storage.conf"", ""containerStore"": {""number"": 0, ""paused"": 0, ""running"": 0, ""stopped"": 0}, ""graphDriverName"": ""overlay"", ""graphOptions"": {}, ""graphRoot"": ""/home/reiase/workspace/pvisor/benchmark/.data/full-retest-20261006/density-env4/podman-store"", ""graphRootAllocated"": 998500204544, ""graphRootUsed"": 666420252672, ""graphStatus"": {""Backing Filesystem"": ""btrfs"", ""Native Overlay Diff"": ""true"", ""Supports d_type"": ""true"", ""Supports shifting"": ""false"", ""Supports volatile"": ""true"", ""Using metacopy"": ""false""}, ""imageCopyTmpDir"": ""/var/tmp"", ""imageStore"": {""number"": 1}, ""runRoot"": ""/tmp/pvd-env-jik010vm"", ""transientStore"": false, ""volumePath"": ""/home/reiase/workspace/pvisor/benchmark/.data/full-retest-20261006/density-env4/podman-store/volumes""}, ""version"": {""APIVersion"": ""5.8.7"", ""BuildOrigin"": ""Fedora Project"", ""Built"": 1789516800, ""BuiltTime"": ""Wed Sep 16 08:00:00 2026"", ""GitCommit"": ""c593b672bf3db1173aebea565ebf1a724ea196dc"", ""GoVersion"": ""go1.26.8-X:nodwarf5"", ""Os"": ""linux"", ""OsArch"": ""linux/amd64"", ""Version"": ""5.8.7""}}"
6n2,arguments,"{""backends"": ""native,staged,vm,podman"", ""binary"": ""/home/reiase/workspace/pvisor/benchmark/.data/full-retest-20261006/bin/pvisor"", ""budget_mib"": 2048, ""build_receipt"": ""/home/reiase/workspace/pvisor/benchmark/.data/full-retest-20261006/build-receipt.json"", ""concurrencies"": ""1,2,4,8,16,32,64,128"", ""cpu_affinity"": ""0,1"", ""firmware"": ""/home/reiase/workspace/pvisor/benchmark/.data/full-retest-20261006/firmware"", ""input_manifest"": ""/home/reiase/workspace/pvisor/benchmark/.data/full-retest-20261006/density-env4/input-manifest.json"", ""output"": ""/home/reiase/workspace/pvisor/benchmark/.data/6n2"", ""podman_image"": ""sha256:b34d4eaf039ae2a2c2b1370bc769f8461c683a1f49e1271dad47196d8e82fe93"", ""podman_root"": ""/home/reiase/workspace/pvisor/benchmark/.data/full-retest-20261006/density-env4/podman-store"", ""ready_timeout"": 60, ""rootfs"": ""/home/reiase/workspace/pvisor/benchmark/.data/full-retest-20261006/density-env4/rootfs"", ""samples"": 5, ""workloads"": ""idle,useful""}"
6n2,protocol,"{""cache"": ""preprepared shared rootfs/image cache; cgroup counts charged cache and complete private backing, not all host shared caches"", ""failures"": ""retain failed/partial batches and OOM; never count configured RAM or missing results as completed work"", ""idle"": ""same Python environment, no private payload or edits, held at same barrier"", ""order"": ""seeded randomized backend/workload/concurrency conditions each round; no timing exclusions"", ""ready"": ""all surviving jobs hold at stdin barrier before release; all-ready required for reliable occupancy"", ""resources"": ""fresh owned systemd cgroup per batch, two-core quota and affinity, fixed memory.max and no swap"", ""scope"": ""fixed cgroup-budget capacity; not whole-machine net compression saving"", ""timing"": ""batch launch through completion and host correctness verification; includes readiness barrier and membership checks"", ""useful"": ""32 MiB touched/checksummed private data; four edits among 64 committed files; actual git status and full contents checked""}"
6n2,report_sha256,d0e499160c0af5bd99d80558799556170d5aa2ece40e7b52e80d6582038e1446
6n2,retained_last_sampler_sha256,"{""0/last-memory.json"": ""00049bb3db8faa2a0f6662563b6c3151a45552919c067cf28392cb1f085b4e2d"", ""139/last-memory.json"": ""6e7d0bb51eee2fe3c7cb6707808c2a1c1c121c3af9c1fdb1e2b9d285e199190c"", ""145/last-memory.json"": ""7cb12166b4033910f8f678e1eb7bca154a32ae0ee518337a667f5b7fd93fdbce"", ""221/last-memory.json"": ""569f1e0389c22dc82364607b3cd693827147de620cfa94848559ed8318061950"", ""244/last-memory.json"": ""b3c5a02b037d36ecea8a18b6e498b59219f0fbf508c01d5b22987b610a8023ac""}"
6n2,execution_evidence_audit_sha256,e0bcc2aa214629dfc9f63c8c7deab32f7790490ff4bcabdde2401a65774ca1b2
